<?xml version="1.0"?>
<html>
  <head>
    <meta http-equiv="Content-Type" content="text/html; charset=utf-8" />
    <title>Avauksen suura</title>
  </head>
  <body>
    <h1>
    <span>1</span>Avauksen suura</h1>
    <div class="johdanto">
      <h2>JOHDANTO:</h2>
      <p>ENSIMMÄINEN SUURA:Alkuhartaus : Al-Faatiha ( Ilmoitettu Mekassa, 7 jaetta.)</p>
      <p>Tämän Suuran nimityksiä ovat: al-Faatiha "Alkuhartaus", Faatihat-ul-Kitaab »Pyhän kirjan aukaisemisen Suura, (Umm-ul~ Kur'aan) "Koraanin ydin"; sitä on kutsuttu myöskin islaamilaisten Isä meidän rukoukseksi. Se on isiaamilaisten julkisen ja yksityisen hartaudenharjoituksen olennainen osa, eikä mikään tärkeämpi sopimus tai toimitus ole täydellinen, ellei tätä Suuraa sen yhteydessä lueta. Ei tiedetä varmasti, milloin se on Profeetalle ilmoitettu; mutta se tosiasia, että tämän Suuran lukeminen on aina kaikkein varhaisimmista ajoista asti kuulunut islaamilaiseen jumalanpalvelukseen eikä ole mitään perimätietoa, että se olisi jonakin myöhempänä ajankohtana otettu tällaiseen käytäntöön tai että julkisia rukouksia olisi koskaan pidetty ilman sitä, todistaa, että sen täytyy olla ilmoitettu jo ennen Profeetan harjoittaman lähetystyön neljättä vuotta, siis yli kymmenen vuotta aikaisemmin, kuin hän siirtyi Mekasta Medinaan. Tiedetään nimittäin varmasti, että jo siihen aikaan Mekassa asuva pieni islaamilaisten seurakunta piti säännöllisesti yhteisiä rukoushetkiä. Vuonna 612 j.Kr. Profeetta määräsi hartaudenharjoitukset, joita siihen saakka oli pidetty ulkosalla, tapahtuvaksi yksityisasunnoissa, koska epäjumalainpalvelijat solvasivat rukoukseen kokoontuneita uskovaisia ja hyökkäsivät heidän kimppuunsa.</p>
      <p>Tästä suurasta käytetään usein myöskin nimitystä Sab-an min al~ Mathaanij "Seitsemän usein toistettua" (s.o. jaetta) ja katsotaan XV Suuran 87 jakeen viittaavan tähän.</p>
    </div>
    <div class="sura">
      <p>
      <span>1</span>Aloitan JUMALAN, laupiaan Armahtajan, nimeen.</p>
      <p>
      <span>2</span>Ylistys Jumalalle, maailmojen Valtiaalle,</p>
      <p>
      <span>3</span>armolahjojen Antajalle, laupiaalle Ohjaajalle ja Siunaajalle,</p>
      <p>
      <span>4</span>jonka hallussa yksin on Tilinteon päivä.</p>
      <p>
      <span>5</span>Sinua ainoata palvelemme, Sinua huudamme avuksi.</p>
      <p>
      <span>6</span>Ohjaa meidät oikeata tietä,</p>
      <p>
      <span>7</span>niiden tietä, joiden osana on Sinun mielisuosiosi ei niiden tietä, jotka ovat Sinun vihasi alaisia, eikä niiden,jotka harhaan eksyvät.</p>
    </div>
  </body>
</html>
