<?xml version="1.0"?>
<html>
  <head>
    <meta http-equiv="Content-Type" content="text/html; charset=utf-8" />
    <title>Imranin perheen suura</title>
  </head>
  <body>
    <h1>
    <span>3</span>Imranin perheen suura</h1>
    <div class="johdanto">
      <h2>JOHDANTO:</h2>
      <p>KOLMAS SUURA: Imraanin suku (AI Imraan).Ilmoitettu Medinassa (200 jaetta)</p>
      <p>Al Imraan saa nimensä 32. jakeesta, missä »Imraanin (Mooseksen isän) suku» mainitaan liikanimenä kaikille hebrealaisille profeetoille Mooseksesta Johannes Kastajaan ja Jeesukseen Kristukseen saakka. Tämä ja Marian äidin maininta »Imraanin vaimona» (j. 34) sekä sanat »Aaronin sisko» osoitettuna Marialle (XIX, 28) ovat aiheuttaneet sen, että Muir ja muut ei-islaamilaiset kirjoittajat syyttävät Koraania anakronismista - joutavaa muuten, koska koko muu Koraani on sitä vastaan - että Profeetta vaihtoi Marian, Jeesuksen äidin, Miriamiin, Mooseksen sisareen. Useimmat islaamilaiset uskovat Koraanin pohjalla, että Jeesuksen Kristuksen isoisän nimi oli Imraan, mikä on saattanut olla myöskin Mooseksen isän nimi. Suurassa XIX, 28, Mariaa nimitetään »Aaronin sisareksi», minkä islaamilaiset selittävät todennäköisimmin viittaavan sukuperään, sanoen todistuksia myöskin puuttuvan väitteiltä, ettei Neitsyt Marialla olisi ollut Aaron nimistä veljeä.</p>
      <p>Jos perinnäistieto pitää paikkansa, että jakeet 1-34 ilmoitettiin Nadzraanin kristittyjen lähetystön käydessä Profeetan luona, mikä tapahtui Hedzran kymmenentenä vuonna (jota kutsutaankin »lähetystöjen vuodeksi»), ovat ne silloin paljon myöhäisemmältä ajalta kuin tämän suuran muu osa, mutta on mahdollista, että Profeetta vain lausui ne siinä tilaisuudessa, vaikka ne oli hänelle ilmoitettu aikaisemmin.</p>
      <p>Juutalaiset ovat tulleet rohkeammiksi ja katkerammiksi vastustuksessaan, mikä, kuten Nöldeke osoittaa, ei ole voinut olla mahdollista Bedrin voiton vaan islaamilaisten vastoinkäymisen jälkeen Ohodin taistelussa, johon jakeet 120-188 pääasiallisesti viittaavat. Näistä tapauksista on jo kerrottu Johdannossa, s. 18-19.</p>
      <p>Tämä suura on ilmoitettu Hedzran kolmantena ja neljäntenä vuonna.</p>
    </div>
    <div class="sura">
      <h2>Aloitan JUMALAN, laupiaan Armahtajan, nimeen.</h2>
      <p>
      <span>1</span>Alif. Laam. Miim</p>
      <p>
      <span>2</span>Ei ole muuta jumalaa kuin Jumala, iäti elävä, kaikki ylläpitävä.</p>
      <p>
      <span>3</span>Hän on ylhäältä antanut sinulle, Muhammed, Pyhä kirjan, joka on totuus, vahvistaakseen mitä on ollut ennen sitä; aikaisemmin Hän on lähettänyt Lain ja Evankeliumin</p>
      <p>
      <span>4</span>opastukseksi ihmisille ja antanut Johdatuksen,jotta he hylkäisivät pahan ja valitsisivat hyvän. Niitä, jotka eivät usko Jumalan tunnusmerkkeihin, odottaa totisesti ankara rangaistus, Jumala on mahtava ja kykenee kostamaan.</p>
      <p>
      <span>5</span>Jumalalta ei ole mitään salattua maan päällä eikä taivaassa.</p>
      <p>
      <span>6</span>Hän muovaa teidät äidin kohdussa tahtonsa mukaan. Ei ole muuta jumalaa kuin Hän, kaikkivaltias, viisas.</p>
      <p>
      <span>7</span>Hän on sinulle, Muhammed, antanut Pyhän kirjan; se sisältää selviä ilmoituksia, joilla on vain yksi merkitys - ne muodostavat Kirjan perustan - ja toisia, jotka ovat vertauskuvallisia. Ne, jotka sydämessänsä pyrkivät harhaan, kiinnittävät huomionsa kaikkeen vertauskuvalliseen aiheuttaakseen erimielisyyksiä ja sepittääkseen selityksiä. Mutta selityksen tuntee ainoastaan Jumala. Ja ne, joilla on varma tieto, sanovat: »Me uskomme siihen,kaikki on tullut Herraltamme», sillä todella sen tajuavat vain ymmärtäväiset.</p>
      <p>
      <span>8</span>Herra, älä salli sydämemme eksyä totuudesta, senjälkeen kuin olet antanut meille Opastuksesi, vaan suo meille laupeutesi! Sinä yksin olet totisesti kaiken Antaja.</p>
      <p>
      <span>9</span>Sinä, Herramme, olet totisesti kokoava ihmiset päivänä, josta ei ole epäilystäkään; katso, Jumala ei petä lupaustansa.</p>
      <p>
      <span>10</span>(Sinä päivänä) eivät hyödytä vähääkään uskottomia heidän rikkautensa eivätkä heidän lapsensa Jumalan edessä; he joutuvat Tulen omiksi.</p>
      <p>
      <span>11</span>Niinpä oli faraon kansankin laita ja niiden, jotka ennen heitä pitivät Meidän tunnusmerkkejämme vaiheena. Jumala tuhosi heidät heidän syntiensä tähden. Jumala on ankara rangaistessaan.</p>
      <p>
      <span>12</span>Sano niille, jotka ovat uskottomia: »Te joudutte tappiolle ja teidät karkoitetaan Helvettiin». Mikä surkea olinpaikka!</p>
      <p>
      <span>13</span>Olihan teille jo tunnusmerkkinä kaksi sotajoukkoa, jotka kohtasivat toisensa , toinen taisteli Jumalan asian puolesta, toinen oli uskoton. Toiset arvioivat silmämäärin vihollisensa kaksi kertaa lukuisammiksi, kuin he olivat, sillä Jumala tukee voimallaan ketä tahtoo. Tässä on totisesti esimerkki niille, joilla on silmät nähdä.</p>
      <p>
      <span>14</span>Ihmiset etsivät nautintoa naisista, lapsista, kootuista kulta ja hopea-aarteista, parhaina pidetyistä hevosista, karjasta ja pelloista; nämä ovat vain maallisen elämän nautintoja, mutta Jumalan luona tulee olemaan ihanin asunto.</p>
      <p>
      <span>15</span>Sano: »Onko minun ilmoitettava teille jotakin parempaa kuin tämä?» Ne jotka pelkäävät Jumalaa, löytävät Herransa luona ikiviihtyisät puutarhat, joissa virrat vyöryvät, heitä odot~ tavat siellä puhtaat puolisot ja Jumalan mielisuosio. Jumala näkee palvelijansa,</p>
      <p>
      <span>16</span>jotka sanovat: » Herra, me uskomme totisesti; anna anteeksi meille syntimme ja varjele meitä Tulen tuskilta», .</p>
      <p>
      <span>17</span>jotka ovat kärsivällisiä, totuudellisia, hurskaita, vieraanvaraisia, jotka aamuhämärissä rukoilevat syntejään anteeksi.</p>
      <p>
      <span>18</span>Jumala todistaa, ettei ole muuta jumalaa kuin Hän. Samoin enkelitkin ja ihmiset, joilla on tieto ja jotka pysyvät totuudessa, todistavat: »Ei ole muuta jumalaa kuin Hän, mahtava, viisas».</p>
      <p>
      <span>19</span>Oikea uskonto Jumalan edessä on Islaam. Ne, jotka ovat saaneet Pyhän kirjan, eivät kiistelleet aikaisemmin kuin vasta sen jälkeen, kun heidän osakseen oli tullut tieto; silloin he alkoivat kiistellä keskenään kadehtien toisiaan. Kuka ikinä kieltää Jumalan tunnusmerkit, kokee, miten nopea Jumala on vaatiessaan tilille.</p>
      <p>
      <span>20</span>ja jos he kiistelevät kanssasi, niin sano: »Minä olen kokonaan alistunut Jumalan tahtoon, samoin nekin, jotka seuraavat minua». ja sano niille, jotka ovat saaneet Pyhän kirjan, ja tietämättömille :»Alistutteko Jumalan tahtoon (liityttekö Islaamiin)?» ja jos he alistuvat, ovat he oikealla tiellä, mutta jos he kääntävät selkänsä, on sinun velvollisuutesi ainoastaan Jumalan ilmoituksen julistaminen; Jumala näkee palvelijansa.</p>
      <p>
      <span>21</span>Niille, jotka eivät usko Jumalan tunnusmerkkeihin ja jotka ilman syytä surmaavat profeetat sekä oikeamielisyyttä harrastavat ihmiset, tulee sinun julistaa sanomaa tuskallisesta rangaistuksesta.</p>
      <p>
      <span>22</span>He ovat niitä, joiden työt raukeavat tyhjiin sekä tässä että tulevassa elämässä, eikä heillä tule olemaan puoltajaa.</p>
      <p>
      <span>23</span>Etkö nähnyt, kuinka ne jotka ovat saaneet osan Pyhästä kirjasta , kiistellessään vetoavat Jumalan Kirjaan, jotta se ratkaisisi heidän riitansa, ja kuinka jotkut heistä kääntyvät pois siitä.</p>
      <p>
      <span>24</span>ja tämä tapahtuu siksi, että he sanovat: »Ei tuli meitä ahdista kuin joinakuina päivinä », ja heidän itse keksimänsä ajatukset pettävät heidät heidän uskossaan.</p>
      <p>
      <span>25</span>Ja kuinka heidän käykään, kun Me kokoamme heidät sinä päivänä, josta ei ole epäilystäkään ja jolloin jokainen sielu saa täyden palkan ansionsa mukaan, eikä ketään väärin tuomita?</p>
      <p>
      <span>26</span>Sano: »Oi Jumala, valtakuntain Valtias, Sinä annat valtakunnan kenelle tahdot ja otat sen pois keneltä tahdot, Sinä korotat kenet tahdot ja alennat kenet tahdot. Sinun kädessäsi on hyvyys, Sinä olet totisesti kaikkivaltias.</p>
      <p>
      <span>27</span>Sinä annat yön seurata päivää ja päivän seurata yötä, Sinä saat elävän versomaan kuolleesta ja teet kuolleen elävästä, ja Sinä annat elatuksen kenelle tahdot, määrää panematta.»</p>
      <p>
      <span>28</span>Uskovaiset älkööt ottako uskottomia ystävikseen uskovaisten asemesta. Jos joku niin tekee, ei hänellä ole mitään puolustusta odotettavana Jumalalta. Teillä ei ole mitään pelättävää heidän puoleltaan . Jumala kehoittaa teitä pelkäämään vain Häntä, ja Hänen luoksensa te palaatte. Sano:</p>
      <p>
      <span>29</span>»Salaattepa te, mitä teillä on sydämessänne, tai ilmaisette sen, Jumala sen kuitenkin tietää.» Hän tietää, mitä on taivaassa ja mitä on maan päällä; Jumala on kaikkivaltias.</p>
      <p>
      <span>30</span>Sinä päivänä, jolloin jokainen sielu löytää edestään sen, mitä hyvää on tehnyt, ja samoin sen, mitä pahaa on tehnyt, hän on toivova, että olisi syvä kuilu hänen ja hänen pahojen tekojensa välillä. Jumala varoittaa teitä, että vain Häntä on pelättävä. ja Jumala on lempeä palvelijoitansa kohtaan.</p>
      <p>
      <span>31</span>Sano: »Jos te rakastatte Jumalaa, niin seuratkaa minua, ja Jumala on rakastava teitä ja antava anteeksi teille syntinne, sillä Jumala on sääliväinen ja laupias».</p>
      <p>
      <span>32</span>Sano: »Totelkaa Jumalaa ja profeettaa! Sillä jos käännytte pois, niin tietäkää, että Jumala totisesti ei rakasta uskottomia.»</p>
      <p>
      <span>33</span>Katso, Jumala on yli kaikkien kansojen valinnut Aadamin ja Nooan, Aabrahamin suvun ja Imraanin suvun</p>
      <p>
      <span>34</span>toinen toisensa jälkeläisinä, koska toinen polveutuu toisesta. Jumala on kuuleva, tietävä.</p>
      <p>
      <span>35</span>Entä kun Imraanin vaimo sanoi: »Herra, minä olen Sinulle luvannut ja kokonaan pyhittänyt, minkä kohdussani kannan; ota se siis vastaan minulta. Sinä olet totisesti kuuleva, tietävä».</p>
      <p>
      <span>36</span>Ja kun hän oli synnyttänyt, sanoi hän: »Herra, katso, olen synnyttänyt tyttölapsen» - ja Jumalahan tiesi parhaiten, minkä hän oli synnyttänyt, sillä miespuolinen ei ole sama kuin naispuolinen lapsi - »ja olen antanut hänelle nimen Maria ja minä asetan hänet ja hänen jälkeläisensä Sinun suojelukseesi, varjele heitä kirotulta Saatanalta».</p>
      <p>
      <span>37</span>Niin vastaanotti hänen Herransa hänet (Marian) suosiollisesti ja antoi hänen kasvaa ihanasti, uskoen hänet Sakarian huostaan; ja joka kerta kun Sakaria astui hänen luokseen pyhäkköön, havaitsi hän ruokaa hänen edessään ja sanoi: »Maria, mistä tämä tulee sinulle?» Hän vastasi: »Se tulee Jumalalta; Jumala huolehtii kenestä tahtoo, määrää panematta».</p>
      <p>
      <span>38</span>Siellä rukoili Sakaria Herraansa. Hän sanoi: »Herra, suo armostasi minulle siunattu perillinen! Sinä totisesti kuulet rukouksen.»</p>
      <p>
      <span>39</span>ja niin huusivat enkelit hänelle sinne, missä hän seisoi pyhäkössä rukoilemassa: »Jumala iloksesi ilmoittaa sinulle (syntyvän) Johanneksen, josta tulee Jumalan totisen sanan vahvistaja, suuri, pidättyväinen ja vanhurskas profeetta».</p>
      <p>
      <span>40</span>Ja Sakaria sanoi: »Herra, kuinka minä voin saada pojan, kun vanhuus on jo saavuttanut minut ja vaimoni on hedelmätön?» Enkeli vastasi: »Olkoonpa niinkin, Jumala tekee tahtonsa mukaan.»</p>
      <p>
      <span>41</span>Silloin hän sanoi: »Herra, anna minulle tunnusmerkki!» Hän vastasi: »Sinun tunnusmerkkisi olkoon, ettet voi kolmeen vuorokauteen puhua ihmisille muuten kuin viittomalla. Rukoile ahkerasti Herraasi ja ylistä Häntä illoin ja aamuin!»</p>
      <p>
      <span>42</span>Ja katso, enkelit sanoivat: »Maria, Jumala on totisesti valinnut, puhdistanut ja pyhittänyt sinut; Hän on korottanut sinut koko luomakunnan naisten yli.</p>
      <p>
      <span>43</span>Maria, ole hurskas Herrasi palvelija, heittäydy maahan ja kumarra niiden kanssa, jotka Häntä kumartavat.»</p>
      <p>
      <span>44</span>Tämä on, Muhammed, ilmoitus salatuista asioista, ja sinulle Me sen ilmaisemme, sillä sinä et ollut heidän kanssaan, kun he kirjoituspuikoillaan heittivät arpaa siitä, kuka saisi huolehdittavaksensa Marian, etkä sinä ollut myöhemminkään heidän joukossaan, kun he kiistelivät keskenään.</p>
      <p>
      <span>45</span>Ja katso, enkelit sanoivat: »Maria, Jumala ilmoittaa sinulle hyvän sanoman, että hänen Sanansa tulee sinulle. Hänen nimensä on oleva Messias, Jeesus, Marian poika, hän on kuuluisa tässä ja tulevassa elämässä, yksi niistä, jotka korotetaan Jumalan läheisyyteen.</p>
      <p>
      <span>46</span>Hän on puhuva ihmisille kehdostaan samoin kuin täysiikäisenä ja on oleva yksi vanhurskaista.»</p>
      <p>
      <span>47</span>Maria sanoi: »Herra, kuinka minä voin saada lapsen, kun ei yksikään ihminen ole minuun koskenut?» Enkeli vastasi: »Jumala luo, mitä tahtoo; kun hän päättää jonkun asian, sanoo hän vain: 'Tapahtukoon!' ja niin tapahtuu.</p>
      <p>
      <span>48</span>Ja Jumala on opettava hänelle Pyhän kirjan, viisauden, Lain ja Evankeliumin</p>
      <p>
      <span>49</span>ja lähettävä hänet profeetaksi israelilaisten luo. Hän on sanova heille: »Olen tullut luoksenne tuoden tunnusmerkkejä Herraltanne. Katso, minä muovailen savesta teille linnun muotoisen ja puhallan siihen, ja siitä tulee Jumalan sallimuksesta elävä lintu; minä olen Jumalan tahdosta parantava sokeana syntyneen ja pitaalisen ja olen herättävä kuolleet eloon. Ja minä sanon teille, mitä te tulette syömään ja mitä panemaan tallelle taloissanne. Tässä on totisesti tunnusmerkki teille, jos olette uskovaisia.</p>
      <p>
      <span>50</span>Samoin tulen vahvistamaan todeksi sen, mikä on ollut ennen minua kirjoitettuna Laissa, ja sallimaan teille osan siitä, mikä tähän asti on ollut teiltä kiellettyä, niin, minä tulen luoksenne tuoden tunnusmerkit Herraltanne. Pelätkää siis Jumalaa ja totelkaa minua!</p>
      <p>
      <span>51</span>Jumala on totisesti minun Herrani ja teidän Herranne, palvelkaa siis Häntä. Tämä on oikea tie.»</p>
      <p>
      <span>52</span>Ja kun Jeesus havaitsi heissä epäuskoa, sanoi hän: »Ketkä haluavat olla minun seuraajiani Jumalan työssä?» Opetuslapset vastasivat: »Me olemme Jumalan seuraajia, me uskomme Jumalaan; todista, että olemme Hänen tahtoonsa ja johtoonsa alistuneet.</p>
      <p>
      <span>53</span>Herramme, Me uskomme siihen, mitä olet ilmoittanut, ja me seuraamme Sinun profeettaasi; merkitse meidät siis tunnustajien joukkoon.»</p>
      <p>
      <span>54</span>He (epäuskoiset juutalaiset) juonittelivat, mutta Jumalakin juonitteli (heitä vastaan); ja Jumala on todella taitavin Suunnittelija.</p>
      <p>
      <span>55</span>Ja Jumala sanoi: »Jeesus, katso, Minä otan sinut, sitten olen ylentävä sinut luokseni ja vapauttava sinut niistä, jotka ovat uskottomia, sekä asettava ne, jotka sinua seuraavat, uskottomien yläpuolelle aina Ylösnousemuksen päivään saakka. Aikanaan on teidän kaikkien palattava minun luokseni, ja minä olen ratkaiseva sen, mistä te keskenänne kiistelitte.</p>
      <p>
      <span>56</span>Mitä niihin tulee, jotka eivät uskoneet, olen kurittava heitä raskaalla rangaistuksella sekä tässä että tulevassa elämässä; eivätkä he löydä ketään auttajaa.»</p>
      <p>
      <span>57</span>Mutta uskovaisille ja hyviä töitä harjoittaville Hän on antava heidän täyden palkkansa. Jumala ei rakasta väärintekijöitä.</p>
      <p>
      <span>58</span>Tämän me julistamme sinulle Muhammed, tunnusmerkkinä ja viisauden tietona, jotka ovat Koraanissa.</p>
      <p>
      <span>59</span>Katso, Jeesus on Jumalan edessä samankaltainen kuin Aadam; Hän loi hänet (Aadamin) maan tomusta, sitten Hän sanoi hänelle: »Ole!» ja hän oli (elävä sielu).</p>
      <p>
      <span>60</span>Tämä totuus tulee Herraltasi, Muhammed, siksi älä kuulu epäileviin.</p>
      <p>
      <span>61</span>Jos joku tästä kiistelee kanssasi, sen jälkeen kuin (tämä täydellinen) tieto on osaksesi tullut, niin sano: »Tulkaa, kutsukaamme meidän poikamme ja teidän poikanne, meidän vaimomme ja teidän vaimonne, kokoontukaamme me itse ja te itse; ja sitten kukin velvoittakaamme itsemme Jumalan edessä ja huutakaamme Jumalan kirousta niiden yli, jotka valehtelevat!»</p>
      <p>
      <span>62</span>Katso, tämä sanoma on kauttaaltaan totuutta, eikä ole muuta jumalaa kuin Jumala; Hän on totisesti mahtava, viisas.</p>
      <p>
      <span>63</span>Mutta jos he kääntyvät pois, niin totisesti Jumala tuntee turmeluksen aiheuttajat.</p>
      <p>
      <span>64</span>Sano (juutalaisille ja kristityille) : »Te Pyhän kirjan omistajat, tulkaa yhteisymmärrykseen meidän kanssamme (uskonnon asiasta), että meillä olisi samoin kuin teilläkin, ettemme palvele muuta kuin ainoata Jumalaa emmekä aseta ketään Hänen rinnalleen, emmekä kukaan pidä toistamme herrana, (emme pidä herrana ketään muuta) paitsi Jumalaa.» Jos he kääntyvät pois, niin sanokaa: »Olkaa todistajina, että me olemme Jumalalle alamaisia!»</p>
      <p>
      <span>65</span>Te Pyhän kirjan omistavat, miksi te kiistelette Aabrahamista? Laki ja Evankeliumihan lähetettiin vasta hänen jälkeensä 9); eikö teillä ole ymmärrystä?</p>
      <p>
      <span>66</span>Kuulkaa, jospa kiistelisitte sellaisesta, josta teillä on tietoa; mutta miksi kiistelette sellaisesta, josta teillä ei ole tietoa? Jumala tietää, mutta te ette tiedä.</p>
      <p>
      <span>67</span>Aabraham ei ollut juutalainen eikä kristitty, vaan hän oli hurskas (haniifi) ja Jumalalle alamainen (muslimi) eikä kuulunut monijumalaisiin.</p>
      <p>
      <span>68</span>Ihmisiä, jotka voivat lähinnä vedota Aabrahamiin, ovat totisesti ne, jotka seuraavat Häntä kuten tämäkin profeetta (Muhammed), ja ne, jotka (hänen kerallaan) uskovat; ja Jumala on uskovaisten Suojelija.</p>
      <p>
      <span>69</span>Eräät niistä, jotka ovat saaneet Pyhän kirjan, toivoisivat voivansa eksyttää teidät, mutta he eivät eksytä ketään muita kuin juuri itsensä, eivätkä he aavista sitä.</p>
      <p>
      <span>70</span>Te, joilla on Pyhä kirja, miksi ette usko Jumalan tunnusmerkkeihin, vaikka itse olette niiden silminnäkijöitä?</p>
      <p>
      <span>71</span>Te, joilla on Pyhä kirja, miksi verhoatte totuuden valheella ja salaatte totuuden vastoin parempaa tietoanne?</p>
      <p>
      <span>72</span>Osa niistä, jotka ovat saaneet Pyhän kirjan, sanoo: »Uskokaa päivän noustessa siihen, mikä on ilmoitettu uskovaisille (muslimeille), ja kieltäkää se päivän päättyessä; näin ehkä saamme heidät puolellemme.»</p>
      <p>
      <span>73</span>Älkää uskoko muita kuin uskontoanne todella noudattavia! - Sano: »Oikea johdatus on totisesti Jumalan johdatus». Älkääkä uskoko, että joku on saanut saman (ilmoituksen) kuin te tai että he voivat kiistellä kanssanne Herranne edessä. Sano: »Kaikki runsaus on Jumalan kädessä, hän antaa sen kenelle tahtoo. Jumala sulkee kaiken olemukseensa ja tietää kaikki.»</p>
      <p>
      <span>74</span>Hän antaa laupeutensa sille, kenet Hän valitsee. Jumala on rajaton runsaudessaan.</p>
      <p>
      <span>75</span>Niiden keskuudessa, jotka ovat saaneet Pyhän kirjan, on sellaisia, että jos uskot heille säilytettäväksi suuren määrän kultaa, he palauttavat sen sinulle, ja heidän keskuudessaan on sellaisiakin, jotka, jos uskot heille denaarin, eivät palauta sitä sinulle, ellet sitä vaatimalla vaadi. Näin on siksi, että he sanovat: »Meillä ei ole mitään velvollisuuksia tietämättömiä (pakanoita) kohtaan». Noin he kieräilevät Jumalaan vedoten ja tietävät sen itse.</p>
      <p>
      <span>76</span>Ei niin, vaan ainoastaan se on (Jumalan edessä hurskas), joka täyttää velvollisuutensa ja karttaa pahaa. Katso, Jumala rakastaa ainoastaan hurskaita.</p>
      <p>
      <span>77</span>Totisesti niillä, jotka liittonsa Jumalan kanssa ja valansa vaihtavat vähäpätöisiin arvoihin, ei tule olemaan autuutta tulevassa elämässä. Jumala ei puhu heille eikä katso heihin Ylösnousemuksen päivänä eikä vanhurskauta heitä, vaan heidän osanaan on tuskallinen rangaistus.</p>
      <p>
      <span>78</span>Katso, heidän joukossaan on sellaisia, jotka puhuessaan vääristelevät Pyhää kirjaa, jotta te luulisitte Pyhän kirjan sanoiksi sellaistakin, mikä siihen ei sisälly; he sanovat: »Se tulee Jumalalta», vaikka se ei tule Jumalalta, ja vedoten Jumalaan he valehtelevat vastoin parempaa tietoaan.</p>
      <p>
      <span>79</span>Ei voi ihminen, jolle Jumala on antanut Pyhän kirjan, viisauden ja profeetantehtävän, sanoa ihmisille: »Olkaa minun palvelijoitani samalla tavalla, kuin olette Jumalan palvelijoita». Ei, vaan (hän sanoo:) »Olkaa Jumalan palvelijoita, koska tunnette Pyhän kirjan ja tutkitte sitä.»</p>
      <p>
      <span>80</span>Eikä hän käske teitä ottamaan enkeleitä tai profeettoja herroiksenne. Kehoittaisiko hän teitä väärään uskoon, senjälkeen kuin olette tulleet Jumalan tahdon alaisiksi (muslimeiksi)?</p>
      <p>
      <span>81</span>Aikoinaan, kun Jumala teki liiton profeettojen kanssa, Hän sanoi: »Katso, näin paljon annan teille Pyhiä kirjoituksia ja viisautta, ja sitten tulee lähettiläs ja vahvistaa todeksi sen, mikä teillä jo on; teidän on totisesti uskottava häneen ja autettava häntä». Hän sanoi vielä: »Tunnustatteko ja otatteko vastaan liittoni tällä ehdolla?» He vastasivat: »Me tunnustamme sen». Silloin Hän sanoi: »Olkaa siis tämän todistajat. Minä myöskin olen todistajana teidän rinnallanne.»</p>
      <p>
      <span>82</span>Senvuoksi ketkä ikinä tämän jälkeen luopuvat, he ovat jumalattomia.</p>
      <p>
      <span>83</span>Jotakin muuta Jumalan uskontoako he vielä etsisivät, vaikka kaikki taivaassa ja maan päällä ovat Hänelle alamaisia tahtoen tai tahtomattaan, ja Hänen luokseen on heidän palattava?</p>
      <p>
      <span>84</span>Sano: »Me uskomme Jumalaan, siihen, mitä on ylhäältä ilmoitettu meille ja mitä on ilmoitettu Aabrahamille, Ismaelille, Iisakille ja Jaakobille sekä (Israelin) sukukunnille, siihen, mitä Mooses, Jeesus ja profeetat ovat saaneet Herraltansa; me emme tee mitään erotusta heidän välillään, ja Hänen tahtoonsa ja johdatukseensa olemme alistuneet».</p>
      <p>
      <span>85</span>Mutta jos joku pitää uskontonaan jotakin muuta kuin Islaamia , niin Jumala ei sitä koskaan hyväksy, ja kuoleman jälkeen hän on joutuva kadotettujen joukkoon.</p>
      <p>
      <span>86</span>Kuinka Jumala ohjaisi ihmisiä, jotka ovat tulleet uskottomiksi, senjälkeen kuin he olivat uskossa ja tunnustivat Muhammedin oikeaksi profeetaksi ja (Jumalan kaikkivallan) selvät todistukset heille näytettiin? Jumala ei ohjaa jumalattomia ihmisiä.</p>
      <p>
      <span>87</span>Näiden palkaksi tulee Jumalan, enkelien ja ihmisten kirous.</p>
      <p>
      <span>88</span>Sen alaisiksi he jäävät ikuisesti, heidän rangaistustaan ei lievennetä eikä heihin kiinnitetä (sen enempää) huomiota.</p>
      <p>
      <span>89</span>(Tästä kohtalosta vapautuvat vain ne), jotka myöhemmin katuvat ja tekevät parannuksen, sillä Jumala on sääliväinen ja laupias.</p>
      <p>
      <span>90</span>Mutta jotka oltuaan uskossa ovat tulleet uskottomiksi ja sitten yhä yltyvät uskottomuudessaan, niiden kääntymystä ei totisesti hyväksytä; he jäävät eksyneiksi.</p>
      <p>
      <span>91</span>Niistä, jotka ovat olleet uskottomia ja kuolevat epäuskossaan, ei yhdenkään sielun lunnaiksi hyväksytä edes koko maailman täyttä kultaa, heitä odottaa tuskallinen rangaistus, eivätkä he löydä ketään puoltajaa.</p>
      <p>
      <span>92</span>Ette koskaan saavuta tosihurskautta, ennenkuin uhraatte sellaista, mikä on teille rakasta; ja mitä uhraattekin, Jumala sen tietää totisesti.</p>
      <p>
      <span>93</span>Ennenkuin Laki annettiin ylhäältä, oli kaikki ruoka sallittu israelilaisille paitsi se, minkä Israel itse kielsi itseltään. Sano: »Ottakaa esille Mooseksen kirjat ja lukekaa sieltä, mikäli tahdotte pysyä totuudessa.»</p>
      <p>
      <span>94</span>Ja ketkä tämän jälkeen sepittävät valheita Jumalaan vedoten, ne ovat väärintekijöitä, jumalattomia.</p>
      <p>
      <span>95</span>Sano: »Jumalan puhe on totuutta; noudattakaa siis Aabrahamin oppia, koska hän oli hurskas (haniifi) eikä kuulunut monijumalaisiin.»</p>
      <p>
      <span>96</span>Ensimmäinen rukoushuone, joka perustettiin ihmisille, oli totisesti se, joka on Bekassa (Mekassa) siunauksena ja opastuksena koko maailmalle.</p>
      <p>
      <span>97</span>Siellä on ilmeisiä tunnusmerkkejä: Aabrahamin rukouspaikka; ja se, joka astuu sinne, on varmassa turvassa. Ja pyhiinvaellus tähän huoneeseen on ihmisten velvollisuus Jumalaa kohtaan, jokaisen, ken suinkin voi matkan tehdä. Mutta jos joku käy uskottomaksi, niin katso, Jumala tulee toimeen vaikkapa ilman koko maailmaa.</p>
      <p>
      <span>98</span>Sano: »Te, jotka omistatte Pyhän kirjan, miksi ette usko Jumalan tunnusmerkkeihin, vaikka Jumala on teidän tekojenne todistaja?</p>
      <p>
      <span>99</span>Sano: »Te, joilla on Pyhä kirja, miksi työnnätte uskovaisia pois Jumalan tieltä ja pyritte tekemään sen mutkikkaaksi, vaikka olette varmoja (sen suoruudesta)? Mutta Jumala ei ole välinpitämätön siitä, mitä te teette.»</p>
      <p>
      <span>100</span>Te, jotka uskotte, jos tottelette eräitä niistä, jotka ovat Pyhän kirjan saaneet, tekevät he taas teidät uskottomiksi, teidän jo oltuanne uskossa.</p>
      <p>
      <span>101</span>Kuinka voittekaan olla uskottomia, kun Jumalan tunnusmerkit luetellaan teille ja Hänen profeettansa on teidän keskuudessanne? Joka turvautuu Jumalaan, hänet johdetaan varmasti (kulkemaan) oikeata tietä.</p>
      <p>
      <span>102</span>Te, jotka uskotte, pelätkää Jumalaa niin, kuin Häntä on pelättävä, eikä teidän pidä kuoleman, ennenkuin olette tulleet Hänen tahtonsa alaisiksi (muslimeiksi).</p>
      <p>
      <span>103</span>Pitäkää kiinni kaikki Jumalan (pelastus)köydestä älkääkä hajaantuko, vaan muistakaa Jumalan armoa teitä kohtaan silloin, kun olitte toistenne vihollisia ja Hän lähensi sydämenne, niin että te Hänen armonsa kautta tulitte aivan kuin veljiksi keskeänne. Te olitte tulikuilun partaalla, mutta Hän pelasti teidät siitä. Siten selittää Jumala tunnusmerkkinsä teille, jotta tulisitte oikealle tielle</p>
      <p>
      <span>104</span>ja jotta teistä tulisi seurakunta, joka kutsuu ihmisiä hyvyyteen, säätää heille oikeat elämäntavat ja estää heitä pahuudesta; sellaiset ihmiset tulevat menestymään.</p>
      <p>
      <span>105</span>Älkää te olko niiden kaltaisia, jotka saatuaan selvät todistukset erottautuivat toisistaan ja riitelivät toistensa kanssa. Sellaisia odottaa kauhea rangaistus</p>
      <p>
      <span>106</span>sinä (Ylösnousemuksen) päivänä, jolloin toisten kasvot kirkastuvat ja toisten mustuvat (synkkenevät) ja niille, joiden kasvot synkkenevät, sanotaan: »Ettekö te ole niitä, jotka tulitte uskottomiksi oltuanne uskossa? Niin, maistakaa nyt rangaistusta luopumisenne tähden!»</p>
      <p>
      <span>107</span>ja ne, joiden kasvot kirkastuvat, heidät suljetaan Jumalan laupeuteen, ja he pysyvät siinä iankaikkisesti.</p>
      <p>
      <span>108</span>Nämä ovat Jumalan ihmeellisiä ilmoituksia, jotka julistamme sinulle totuudessa; Jumala ei halua tehdä väärin maailmoille (ihmisille).</p>
      <p>
      <span>109</span>Jumalalle kuuluu kaikki taivaassa ja maan päällä, ja Jumalan luo kaikki on palaava.</p>
      <p>
      <span>110</span>Te olette paras seurakunta, mikä on muodostunut ihmisten keskuuteen. Te määräätte ihmisille oikeat elämäntavat, estätte heitä pahuudesta ja uskotte Jumalaan. Jos Pyhän kirjan saaneet olisivat uskoneet, olisi se ollut heille parempi; heidän keskuudessaan on uskovaisia, mutta useimmat heistä ovat jumalattomia.</p>
      <p>
      <span>111</span>He eivät voi aiheuttaa teille kuin vähän vahinkoa, ja jos he käyvät sotimaan teitä vastaan, kääntyvät he pakoon eivätkä sen jälkeen saa apua.</p>
      <p>
      <span>112</span>Kurjuus on masentava heidät, missä ikinä he ovat, paitsi jos he pitävät liiton Jumalan kanssa ja sopimuksen ihmisten kanssa ; (muuten) he vetävät päällensä Jumalan vihan, ja viheliäisyys peittää heidät. Kaikki tämä tapahtuu siksi, että he hylkäsivät Jumalan tunnusmerkit ja vääryydessään surmasivat profeetat, sekä siksi, että he olivat uppiniskaisia ja tekivät rikoksia.</p>
      <p>
      <span>113</span>Pyhän kirjan saaneista eivät kuitenkaan kaikki ole samanlaisia; heidän keskuudessaan on vakaa joukko (ihmisiä), jotka yön aikana lukevat Jumalan ihmeellisiä ilmoituksia ja Häntä kumartavat.</p>
      <p>
      <span>114</span>He uskovat Jumalaan ja Viimeiseen päivään, harrastavat hyvää ja estävät ihmisiä pahuudesta, kilvoittelevat keskenään hyvissä töissä; nämä kuuluvat vanhurskaisiin.</p>
      <p>
      <span>115</span>Mitä hyvää he tekevätkin, ei heiltä koskaan riistetä sen hedelmää, sillä Jumala tuntee ne, jotka Häntä pelkäävät.</p>
      <p>
      <span>116</span>Niitä, jotka ovat uskottomia, eivät totisesti heidän rikkautensa eivätkä heidän lapsensa vähääkään hyödytä Jumalan edessä; he joutuvat Tulen omiksi ja pysyvät siinä iankaikkisesti.</p>
      <p>
      <span>117</span>Minkä he antavat pois tässä maallisessa elämässä, sen laita on sama kuin purevan kylmän viiman, joka kiitää jumalattomien ihmisten vainioiden yli ja tuhoaa heidän satonsa. Ei Jumala tee heille vääryyttä, vaan itse he tekevät vääryyttä itselleen.</p>
      <p>
      <span>118</span>Te, jotka uskotte, älkää antautuko avomieliseen ystävyyteen muiden kuin teikäläisten kanssa; muut eivät jätä turmelematta teitä. He halajavat teidän perikatoanne, heidän vihansa on jo pursunut heidän suustansa; mutta se, mikä heidän sydämissään piilee, on vielä pahempaa. Me olemme nyt selittänyt tunnusmerkkimme teille, jotta ehkä ymmärtäisitte.</p>
      <p>
      <span>119</span>Katso, te olette sellaisia, jotka rakastatte heitä, mutta he eivät rakasta teitä; te uskotte koko Pyhään kirjaan, ja kun he tapaavat teidät, he sanovat: »Me uskomme», mutta omissa oloissaan he pureskelevat sormiansa raivoissaan teitä vastaan. Sano: »Kuolkaa raivoonne! Jumala tuntee totisesti sydäntenne sisimmät aivoitukset.»</p>
      <p>
      <span>120</span>Jos jotain hyvää tapahtuu teille, kadehtivat he sitä, mutta jos jokin paha kohtaa teitä, siitä he iloitsevat. Jos olette kärsivällisiä ja pelkäätte Jumalaa, ei heidän kavaluutensa voi vahingoitta teitä vähääkään; Jumala sulkee huomioonsa kaikki heidän tekonsa.</p>
      <p>
      <span>121</span>Entä kun sinä, Muhammed, varhain eräänä aamuna jätit kotiväkesi sijoittaaksesi uskovaiset taistelupaikoilleen (Jumala kaikki kuuli ja tiesi) ja</p>
      <p>
      <span>122</span>kun joukostanne kaksi osastoa oli menettää rohkeutensa (mutta Jumala oli heidän tukensa; uskovaiset turvautuvat Jumalaan).</p>
      <p>
      <span>123</span>Olihan Jumala auttanut teitä Bedrin taistelussa , kun olitte huonommassa asemassa; antakaa siis Jumalalle kunnia, jotta olisitte kiitollisia!</p>
      <p>
      <span>124</span>Silloin sinä sanoit uskovaisille: »Eikö teille riitä, että Herranne tukee teitä kolmella tuhannella Ylhäältä lähetetyllä enkelillä?»</p>
      <p>
      <span>125</span>Niin, jos olette kärsivällisiä ja pelkäätte Jumalaa ja viholliset yllättävät teidät äkkirynnäköllä, on Herranne tukeva teitä viidellä tuhannella enkelinä, joilla on erityiset merkit.</p>
      <p>
      <span>126</span>Tämän antoi Jumala teille rohkaisevana ilosanomana, jotta sydämenne rauhoittuisivat sen kautta - apu tulee ainoastaan Jumalalta, mahtavalta viisaalta -</p>
      <p>
      <span>127</span>jotta Hän murskaisi uskottomat ja kaataisi heidät, niin että he peräytyisivät saavuttamatta sitä, mitä tahtoivat.</p>
      <p>
      <span>128</span>Sinua, Muhammed, ei koske vähääkään, armahtaako Hän heitä vai rankaisee, sillä he ovat väärintekijöitä.</p>
      <p>
      <span>129</span>Jumalalle kuuluu kaikki taivaassa ja maan päällä. Hän antaa anteeksi kenelle tahtoo ja rankaisee ketä tahtoo; niin, Jumala on sääliväinen ja laupias.</p>
      <p>
      <span>130</span>Te, jotka uskotte, älkää koronkiskomisella ahnehtiko kaksinkertaisia tuloja, vaan pelätkää Jumalaa, jotta olisitte onnellisia</p>
      <p>
      <span>131</span>Ja kavahtakaa Tulta, joka on valmistettu uskottomille,</p>
      <p>
      <span>132</span>totelkaa Jumalaa ja profeettaa, jotta teidän osaksenne tulisi laupeus.</p>
      <p>
      <span>133</span>ja pyrkikää kilvan saavuttamaan Herranne anteeksianto ja Paratiisi, joka on yhtä ääretön kuin taivaat ja maa, ja on valmistettu jumalaapelkääväisille,</p>
      <p>
      <span>134</span>jotka antavat uhrilahjoja sekä varakkaina että köyhinä ollessaan, jotka hillitsevät vihansa ja antavat anteeksi ihmisille; niin, Jumala rakastaa niitä, jotka hyvää tekevät.</p>
      <p>
      <span>135</span>Ja jotka, tehtyään jotain alhaista tai rikottuaan itseään vastaan, muistavat Jumalan ja anovat syntiään anteeksi (ja kukahan muu kuin Jumala voi antaa synnit anteeksi?) eivätkä vastoin parempaa tietoaan paadu siinä, mitä ovat tehneet,</p>
      <p>
      <span>136</span>niiden palkka on oleva heidän Herransa anteeksianto ja huvitarhat, joissa purot solisevat, joissa he ikuisesti viihtyvät; niin, minkä ihanan palkan saavatkaan hyvyyden harjoittajat!</p>
      <p>
      <span>137</span>Jumalan kurinpitoa on ollut jo ennen teitä; vaeltakaa ympäri maata ja tarkatkaa, millaisen lopun ne saivat, jotka vääristelivät totuuden (sanoman) valheeksi.</p>
      <p>
      <span>138</span>Tämä on selitys ihmisille, opastus ja ojennus jumalaapelkääväisille.</p>
      <p>
      <span>139</span>Älkää väsykö älkääkä murehtiko; te voitatte, jos olette (tosi-)uskovaisia!</p>
      <p>
      <span>140</span>jos teitä kohtasi isku, niin on yhtä ankara isku kohdannut (uskottomia) ihmisiä tätä ennen . Me annamme ihmisten kesken päivien vaihdella, jotta Jumala tulisi tuntemaan ne, jotka uskovat, ja voisi hankkia itselleen todistajia teidän keskuudestanne - väärintekijöitä ei Jumala rakasta -</p>
      <p>
      <span>141</span>ja jotta Jumala voisi koetella uskovaisia ja tuhota uskottomat.</p>
      <p>
      <span>142</span>Vai luuletteko, että saatte astua Paratiisiin, ennenkuin Jumala tuntee ne teistä, jotka olivat taisteluvalmiit, ja ennenkuin Hän tuntee ne, jotka ovat kestäviä?</p>
      <p>
      <span>143</span>Toivoittehan kuolemaa, ennenkuin kohtasitte sen (kentällä), mutta nyt olette nähneet sen omin silmin.</p>
      <p>
      <span>144</span>Muhammed on vain lähettiläs; edesmenneet profeetat ovat ennen häntä olleet (Jumalan) lähettiläitä; jos hän kuolee tai kaatuu, peräydyttekö te silloin? Jos joku peräytyy, ei hän voi vahingoittaa Jumalaa vähääkään, mutta kiitolliset Jumala on palkitseva.</p>
      <p>
      <span>145</span>Ei yksikään sielu kuole muuten kuin Jumalan sallimuksesta, Kohtalon kirjassa määrätyllä hetkellä. Sille, joka toivoo itselleen palkkaa tässä elämässä, annamme sen mukaan, ja sille, joka toivoo palkkaa tulevassa elämässä, annamme hänen toivomuksensa mukaan, ja Me olemme palkitseva kiitolliset.</p>
      <p>
      <span>146</span>Monta oli profeettaa, joiden keralla taisteli joukko uskollisia (seuraajia); eivät he lannistuneet mistään, mikä kohtasi heitä Jumalan sotaretkellä, eivät he horjuneet eivätkä masentuneet. ja Jumala rakastaa kestäviä.</p>
      <p>
      <span>147</span>Ei heillä muuta ollut sanottavaa kuin: »Herra, anna anteeksi meidän syntimme ja harhaotteet tehtävässämme, anna lujuutta meidän askeleillemme ja auta meitä saamaan voitto uskottomista vastustajistamme.»</p>
      <p>
      <span>148</span>ja Jumala antoi heille palkan tässä elämässä ja ihanan palkan tulevassa; katso, Jumala rakastaa hyväätekeviä.</p>
      <p>
      <span>149</span>Jos te jotka uskotte, olette epäuskoisille kuuliaisia, saattavat he teidät peräytymään, ja te palaatte häviön kärsien.</p>
      <p>
      <span>150</span>Mutta onhan Jumala suojelijanne, niin, Hän on paras auttaja.</p>
      <p>
      <span>151</span>Me lähetämme äkkiä pelästyksen epäuskoisten sydämiin, koska he Jumalan rinnalla pitävät muita jumaluusolentoja, joiden palvelemiseen Hän ei ole antanut mitään oikeutta. Heidän asunnokseen tulee Tuli; kauhea on jumalattomien olinpaikka.</p>
      <p>
      <span>152</span>Onhan Jumala pitänyt teille antamansa lupauksen, kun Hänen avullaan olitte voitokkaita, kunnes osoittauduitte pelkureiksi, kiistelitte keskenänne määräyksistä ja olitte tottelemattomia, senjälkeen kuin Hän jo näytti teille mitä toivoitte (taistelun tuloksen). Jotkut teistä halusivat tämän elämän hyvyyttä ja toiset teistä halusivat kuoleman jälkeistä elämää. Siksi Hän käänsi teidät pakoon vihollistenne edessä koetellaksensa teitä. Kuitenkin Hän on jo armahtanut teitä, Jumala on runsas jalomielisyydessään uskovaisia kohtaan.</p>
      <p>
      <span>153</span>Kun läksitte taistelukentällä toisistanne välittämättä ja profeetta huusi jälkeenne (kutsuen taistelemaan), lähetti Hän teille palkkioksi ahdinkoa ahdingon lisäksi, jottette murehtisi sitä (saalista), minkä olitte menettäneet, tai (iskua) mikä oli kohdannut teitä. Katso, Jumala tietää teidän työnne.</p>
      <p>
      <span>154</span>Ahdinkonne jälkeen Hän lähetti teille turvallisuuden tunteen ja unen, joka valtasi osan teistä. Toiset teistä taas kiihoittivat itseään väärillä kuvitteluilla Jumalasta. He sanoivat: »Onko meillä oikeastaan tekemistä tämän asian kanssa?» Sano: »Koko asia on Jumalan». He salasivat sydämessään jotakin, jota eivät sinulle ilmaisseet, ja sanoivat: »Jos meille olisi tarkoitettu jokin tulos tästä asiasta, ei meitä olisi lyöty täällä». Sano: »Vaikka olisitte olleet taloissanne, niin totisesti olisivat ne, joiden kuolema oli määrätty, saaneet surmansa kentälle. Tämä (sallittiin sen vuoksi, että Jumala koettelisi, mitä kätkeytyy rintaanne, ja tutkisi sen, mikä on teidän sydämissänne.» Jumala tuntee sydänten sisimmät aivoitukset.</p>
      <p>
      <span>155</span>Katso, ne teistä, jotka kääntyivät pakoon sinä päivänä, kun molemmat sotajoukot kohtasivat toisensa, saattoi Saatana lankeamaan jonkun heidän tekonsa tähden; mutta Jumala on armahtanut heitä, Jumalahan on totisesti anteeksiantava ja lempeä.</p>
      <p>
      <span>156</span>Te, jotka uskotte, älkää olko niiden kaltaisia, jotka ovat uskottomia ja sanovat veljistään, kun he ovat matkalla tai lähtevät sotaan: »Jos he olisivat jääneet luoksemme, eivät he olisi kuolleet tai kaatuneet.» Jumala vain sallii sen, mikä on tapahtunut, kirvellä heidän sydämissään. Jumala antaa sekä elämän että kuoleman, ja Jumala näkee mitä teette.</p>
      <p>
      <span>157</span>ja jos kaadutte tai kuolette Jumalan sotaretkellä, niin on totisesti Jumalan anteeksianto ja lupaus parempi kuin kaikki se maallinen, mitä olette saaneet kootuksi.</p>
      <p>
      <span>158</span>Ja jos muuten kuolette tai sodassa kaadutte, niin Jumalan luokse teidän on kokoonnuttava.</p>
      <p>
      <span>159</span>Jumalan laupeuden vuoksi olet menetellyt lempeästi heitä kohtaan, Muhammed, mutta jos olisit ollut ankara ja kovasydäminen, olisivat he eronneet sinusta. Ole siis suvaitsevainen heitä kohtaan, rukoile heille anteeksiantoa ja neuvottele heidän kanssaan asioista. Ja kun olet päätöksesi tehnyt, luota Jumalaan! Katso, Jumala rakastaa niitä, jotka Häneen turvaavat.</p>
      <p>
      <span>160</span>Jos Jumala auttaa teitä, ei teitä kukaan voita, ja jos Hän vetäytyy pois, kuka silloin voi teitä auttaa? Niin, Jumalaan turvatkoot uskovaiset!</p>
      <p>
      <span>161</span>Eikä profeetan sovi kavaltaa mitään, sillä sen, joka kavaltaa, on Ylösnousemuksen päivänä tuotava julki, mitä hän on kavaltanut. Silloin on jokainen sielu saapa täyden ansionsa mukaan, eikä ketään väärin tuomita.</p>
      <p>
      <span>162</span>Luuletteko hänen, joka tavoittelee sitä, mikä on Jumalalle otollista, osoittautuvan sellaiseksi, joka on vetänyt ylitsensä Jumalan vihan ja jonka olinpaikka on oleva Helvetti, se surkea määränpää?</p>
      <p>
      <span>163</span>Jumalan luona heillä on erilainen arvoasema; näkeehän Jumala, mitä kukin tekee.</p>
      <p>
      <span>164</span>Totisesti Jumala on ollut armollinen uskovaisia kohtaan lähettäessään heille apostolin heidän keskuudestaan, joka julistaa heille Hänen tunnusmerkkejään, puhdistaa heidät ja opettaa Pyhää kirjaa ja viisautta heille, jotka aikaisemmin elivät ilmeisessä harhauskossa.</p>
      <p>
      <span>165</span>Ja kun isku kohtasi teitä teidän annettuanne (vastustajillenne) kaksi kertaa raskaamman iskun, miksi sanoitte: »Mistä tämä johtuu?» Sano (heille, Muhammed): »Se johtuu teistä itsestänne». Jumalahan on kaikkivaltias.</p>
      <p>
      <span>166</span>Ja se, mikä sattui teille sinä päivänä, kun molemmat joukot kohtasivat toisensa, tapahtui Jumalan sallimuksesta ja jotta Hän tuntisi uskovaiset</p>
      <p>
      <span>167</span>ja tuntisi teeskentelijät, ne, joille sanottiin, »Tulkaa ja taistelkaa Jumalan asian puolesta tai torjukaa heidät!» ja he vastasivat: »Jos osaisimme taistella, niin seuraisimme teitä.» Sinä päivänä he olivat lähempänä uskottomuutta kuin uskoa. Huulillaan he sanoivat sellaista, mitä ei ollut heidän sydämissänsä, mutta Jumala tuntee parhaiten, mitä he salaavat.</p>
      <p>
      <span>168</span>Niille, jotka itse istuessaan kotona sanoivat (taistelevista) veljistään: »Jos he olisivat kuulleet meitä, eivät he olisi kaatuneet», (heille) sano: »Torjukaa sitten kuolema omalta kohdaltanne, jos puhutte täyttä totta!»</p>
      <p>
      <span>169</span>Mutta älkää pitäkö kuolleina niitä, jotka ovat kaatuneet Jumalan sotaretkellä. Ei, he elävät Herransa luona, saaden kukin osansa,</p>
      <p>
      <span>170</span>riemuiten siitä, mitä Jumala on runsaudestaan heidän ylitseen vuodattanut, ja iloiten niistä, jotka seuraavat heidän jälkiänsä, mutta eivät vielä ole heitä saavuttaneet. Ei mikään pelko ole saava heitä valtaansa, eikä heidän tarvitse murehtia.</p>
      <p>
      <span>171</span>He iloitsevat Jumalan armosta ja mielisuosiosta ja siitä, ettei Jumala anna uskovaisten palkan mennä hukkaan.</p>
      <p>
      <span>172</span>Hyvää tekeviä ja Jumalaa pelkääviä niiden joukossa, jotka tottelivat Jumalaa ja profeettaa, kun isku heitä kohtasi, odottaa suuri palkka,</p>
      <p>
      <span>173</span>niitä, joille ihmiset sanoivat, että pelottavat sotavoimat olivat kokoontuneet heitä vastaan, mutta tämä vain lisäsi heidän uskoaan, ja he vastasivat: »Jumalassa on meille (voimaa) kylliksi. Hän on paras tukemme ja turvamme.»</p>
      <p>
      <span>174</span>He palasivat Jumalan armon turvissa mitään pahaa kohtaamatta. He etsivät Jumalan mielisuosiota, ja Jumala on ylenmäärin suosiollinen.</p>
      <p>
      <span>175</span>Tosin Saatana peloittelee teitä ystävillänsä, mutta älkää pelätkö heitä, vaan pelätkää Minua, jos olette uskovaisia!</p>
      <p>
      <span>176</span>Ne, jotka kevein askelin käyvät uskottomuuteen, älkööt katkeroittako sinua; he eivät voi vähääkään vahingoittaa Jumalaa. Jumala ei näe hyväksi antaa heille mitään osaa tulevassa elämässä; heitä odottaa kauhea rangaistus.</p>
      <p>
      <span>177</span>Ne, jotka vaihtavat uskon uskottomuuteen, eivät totisesti voi vahingoittaa Jumalaa; heitä uhkaa tuskallinen rangaistus.</p>
      <p>
      <span>178</span>Uskottomat älkööt luulko, että elinkautinen armonaika, jonka Me heille annamme, on heille onneksi; Me annamme heille aikaa ainoastaan siksi, että heidän syntinsä enenisivät. Katso, heitä odottaa häpeällinen rangaistus.</p>
      <p>
      <span>179</span>Jumala ei aio jättää uskovaisia siihen tilaan, jossa te nyt olette, siihen asti kunnes Hän erottaa väärät hyvistä. Eikä Jumala aio ilmaista teille silmiltä salattua, vaan Jumala valitsee (siihen tarkoitukseen) kenet tahtoo lähettiläittensä joukosta. Uskokaa siis Jumalaan ja Hänen lähettiläihinsä, sillä jos uskotte ja pelkäätte Jumalaa, saatte runsaan palkinnon.</p>
      <p>
      <span>180</span>Ne, jotka ovat saitoja sen suhteen, mitä Jumala on runsaudessaan heille antanut, älkööt luulko, että se on hyödyksi heille; ei, se on heille vahingoksi. Ylösnousemuksen päivänä ne asiat, joissa he olivat saitoja, tulevat kaulakahleina kuristamaan heitä. Jumalalle kuuluvat taivasten ja maan perinnöt, ja Jumala tietää teidän tekonne.</p>
      <p>
      <span>181</span>Jumala on kuullut niidenkin puheen, jotka sanoivat (pilkallisesti, kun heitä kehoitettiin lahjoittamaan Herralle): »Jumala on köyhä, ja me olemme rikkaita». Me merkitsemme muistiin heidän sanansa ja kuinka he syyttä surmasivat profeetat, ja tulemme sanomaan: »Maistakaa Tulen tuskaa!»</p>
      <p>
      <span>182</span>Ja tämä on teille seurauksena omien kättenne töistä. Jumala ei ole julma palvelijoillensa.</p>
      <p>
      <span>183</span>Niille, jotka väittävät: »Jumalahan on sallinut meidän olla uskomatta mihinkään lähettilääseen, ennenkuin hän suorittaa uhrin, jonka (taivaan) tuli kuluttaa», sano (heille Muhammed): »Onhan ennen minua tullut luoksenne lähettiläitä suorittaen ihmetekoja ja tehden sellaista, josta te mainitsette; miksi te olette sitten heidätkin surmanneet, jos nyt tahdotte pysyä totuudessa?»</p>
      <p>
      <span>184</span>Ja jos he pitävät sinua valehtelijana, niin onhan jo ennen sinua pidetty valehtelijoina lähettiläitä, jotka ovat ihmeitä tehneet sekä tuoneet Psalmit ja Valaisevan kirjan.</p>
      <p>
      <span>185</span>Jokainen sielu on maistava kuoleman, ja teille maksetaan Ylösnousemuksen päivänä oikea palkkanne, mutta se, joka välttää Tulen ja saa astua Paratiisiin, on autuas, jota vastoin maailman elämä on vain pettävää tavaraa.</p>
      <p>
      <span>186</span>Sekä teidän omaisuutenne että teidät itsenne tullaan totisesti panemaan koetukselle, ja te saatte kuulla paljon pahaa sekä niiltä, jotka ovat Pyhän kirjan saaneet ennen teitä, että monijumalaisilta, mutta jos olette kestäviä ja vältätte pahaa, niin on se sankaruutta elämänvaiheissa.</p>
      <p>
      <span>187</span>Jumala asetti velvollisuuden niille, jotka Pyhän kirjan saivat (juutalaisille), näin sanoen: »Teidän tulee selittää sitä ihmisille eikä salata sitä». Mutta he heittivät sen selkänsä taakse ja vaihtoivat sen mitättömiin arvoihin. Mikä surkea vaihtokauppa!</p>
      <p>
      <span>188</span>Älä luule, että ne, jotka kerskuvat teoistaan ja kärkkyvät ylistystä siitä, mitä eivät ole tehneet, (älä luule) että he säästyvät kuritukselta. Ei, heitä odottaa tuskallinen rangaistus.</p>
      <p>
      <span>189</span>Jumalalle kuuluu taivasten ja maan herruus, totisesti Jumala on kaikkivaltias.</p>
      <p>
      <span>190</span>Taivasten ja maan luominen sekä yön ja päivän vaihtelu ovat totisesti tunnusmerkkejä niille, joilla on ymmärrystä,</p>
      <p>
      <span>191</span>jotka muistavat Jumalaa seisoessaan, istuessaan ja maatessaan ja miettivät taivasten ja maan luomista sanoen: »Herra, Sinä et ole luonut tätä turhaan. Kunnia olkoon yksin Sinulle! Säästä meitä Tulen tuskilta!</p>
      <p>
      <span>192</span>Herra, sen, jonka heität Tuleen, hänet olet syössyt häpeään. Ja turmeltuneet jäävät ilman auttajaa.</p>
      <p>
      <span>193</span>Herra, me olemme kuulleet julistajan kehoittavan meitä uskoon sanoen: »Uskokaa Herraanne!» ja me olemme uskoneet. Siksi, Herra, anna anteeksi meidän syntimme, pyyhi pois pahat työmme ja anna meidän kuolla vanhurskasten kuolemalla.</p>
      <p>
      <span>194</span>Ja anna meille, Herra, mitä olet luvannut meille lähettiläittesi kautta, äläkä salli meidän joutua häpeään Ylösnousemuksen päivänä! Ethän petä lupaustasi.»</p>
      <p>
      <span>195</span>Niin kuuli heidän Herransa heitä (ja sanoi): »Minä en anna tekijän työn mennä hukkaan teidän keskuudessanne, olkoon hän mies tai nainen, toinen toisestannehan te polveudutte. Myöskin niiltä, jotka ovat lähteneet kodeistaan tai jotka on karkoitettu sieltä, ja jotka ovat kärsineet Minun asiani puolesta, taistelleet ja kaatuneet, olen totisesti pois pyyhkivä heidän pahat työnsä ja päästävä heidät huvitarhoihin, joissa purot solisevat. Tämä on oleva heille palkkana Jumalalta; sillä Jumala palkitsee parhaiten.</p>
      <p>
      <span>196</span>Älä anna kotiseutusi (Mekan) uskottomien rikkauksien häikäistä itseäsi, Muhammed!</p>
      <p>
      <span>197</span>Niistä on lyhytaikainen ilo, sitten on Helvetti oleva heidän kotinsa. Mikä surkea olinpaikka!</p>
      <p>
      <span>198</span>Mutta niitä, jotka pelkäävät Herraansa, odottavat huvitarhat, joissa purot solisevat, ja siellä he ikuisesti viihtyvät. Sellaiset ovat Jumalan armolahjat; niin, Jumalalla on tallella kaikkein parasta vanhurskaille.</p>
      <p>
      <span>199</span>Katso, Pyhän kirjan omaavien joukossa on sellaisia, jotka uskovat Jumalaan, siihen, mikä on ilmoitettu teille ja mikä on ilmoitettu heille, jotka nöyrtyvät Jumalan edessä eivätkä vaihda Jumalan tunnusmerkkejä mitättömän arvoihin. Nämä totisesti saavat palkkansa Herralta; Jumala on nopea tekemään tiliä.</p>
      <p>
      <span>200</span>Te jotka uskotte, olkaa kärsivällisiä, kilvoitelkaa keskenänne kärsivällisyydessä, olkaa lujia ja pelätkää Jumalaa, jotta tulisitte onnellisiksi!</p>
    </div>
  </body>
</html>
