<?xml version="1.0"?>
<html>
  <head>
    <meta http-equiv="Content-Type" content="text/html; charset=utf-8" />
    <title>Katumuksen suura</title>
  </head>
  <body>
    <h1>
    <span>9</span>Katumuksen suura</h1>
    <div class="johdanto">
      <h2>JOHDANTO:</h2>
      <p>YHDEKSÄS SUURA: Katumus (AtTaubaah) Ilmoitettu Medinassa (129 jaetta )</p>
      <p>At-Taubaah, »Katumus» ,saa nimensä jakeesta 104. Sitä usein kutsutaan Al-Baraa´at (»Vastuuvapaus») ensimmäisen jakeen mukaan. Se on ainoa suura, jossa ei ole alkusanoja Bi´smi'llähi'r-Rahmäni'r-Rahim (Jumalan, laupiaan Armahtajan, nimeen); seikka, joka nähtävästi selittyy suuran sisältämistä ankarista käskyistä epäjumalanpalvelijain suhteen. Jakeet 1-12, jotka julistavat vastuuvapauden menettelystä monijumalaisia vastaan, ilmoitettiin sen jälkeen kuin pyhiinvaeltajat olivat lähteneet Medinasta Hedzran yhdeksäntenä vuonna, ja se lähetettiin erikoisen sanansaattajan mukana Abu Bakrille, toivioretken johtajalle, jotta Ali ääneen lukisi sen Mekkaan kokoontuneille joukoille. Se merkitsi epäjumalienpalvonnan loppua Arabiassa. Kristitty Bysantiumin valtakunta oli alkanut liikehtiä kasvavaa muslimien valtaa vastaan, ja tämä suura sisältää maininnan tulevasta suuremmasta sodasta ja ohjeita sen johdosta. Jakeet 38-99 viittaavat Tabukin sotaretkeen ja varsinkin niihin arabialaisiin heimoihin, jotka eivät liittyneet muslimeihin sillä sotaretkellä. »Teeskentelijät», joiksi islaamin kaksinaamaisia kannattajia kutsutaan, olivat kauan olleet muslimeille kuin oka ihossa. Heidän eripuraisuutensa meni kerran niinkin pitkälle, että he muodostivat oman seurakuntansa ja rakensivat luvatta oman moskeijansa. Profeetan palattua Tabukista he kutsuivat hänet vierailemaan moskeijaansa. Tähän viitataan jakeessa 107 ja seuraavissa.</p>
      <p>Tämä suura on ilmoitettu Hedzran yhdeksäntenä vuonna</p>
    </div>
    <div class="sura">
      <p>
      <span>1</span>Tämä on Jumalan ja Hänen lähettiläänsä (julistama) vastuuvapaus niiden pakanain suhteen, joiden kanssa te (muslimit) olette tehneet sopimuksen.</p>
      <p>
      <span>2</span>Kulkekaa sentähden maassa vapaasti neljä kuukautta ja tietäkää, että olette Jumalan ulottuvilla sekä että Jumala saattaa uskottomat häpeään.</p>
      <p>
      <span>3</span>Tämä on Jumalan ja Hänen lähettiläänsä julistus ihmisille suuren toivioretken päivänä, että Jumalaa ei sido kosketus pakanain kanssa, samoin kuin se ei sido Hänen lähettilästänsäkään. Ja jos käännytte (Hänen puoleensa), on se teille parhaaksi, jos kuitenkin käännätte selkänne, niin tietäkää, ettette voi välttää Jumalaa! Ja julista niille, jotka eivät usko, sanoma tuskallisesta rangaistuksesta,</p>
      <p>
      <span>4</span>lukuunottamatta niitä monijumalaisia, joiden kanssa olette tehneet sopimuksen, kun he eivät ole millään rikkoneet teitä vastaan eivätkä auttaneet ketään muuta teitä vastaan. Täyttäkää siis sopimuksenne heidän kanssaan määräaikaan asti. Jumala totisesti rakastaa kunniantuntoisia.</p>
      <p>
      <span>5</span>Mutta kun pyhät kuukaudet ovat kuluneet, niin vuodattakaa pakanain verta missä tahansa heitä tapaattekin. Ahdistakaa ja piirittäkää heitä ja väijykää heitä kaikkialla, mutta jos he kääntyvät (oikeaan Jumalan uskoon), rukoilevat ja antavat almut, niin päästäkää heidät menemään. Jumala on totisesti anteeksiantava ja armollinen.</p>
      <p>
      <span>6</span>Ja jos joku monijumalaisista anoo suojaasi, niin suo se hänelle, kunnes hän saa kuulla Herran sanan. Senjälkeen anna hänen päästä turvaan. Sillä he ovat ihmisiä, jotka eivät (parempaa) tiedä.</p>
      <p>
      <span>7</span>Miten voisi Jumalaa ja Hänen lähettilästään sitoa sopimus pakanain kanssa? Paitsi niiden, joiden kanssa olette tehneet sopimuksen pyhän temppelin seutuvilla. Ja niin kauan kuin he pysyvät (sopimukselle) uskollisina, on teidänkin pysyttävä uskollisina heitä kohtaan. Jumala totisesti rakastaa hurskaita.</p>
      <p>
      <span>8</span>Kuinka? Jos he saisivat teistä voiton, eivät he välittäisi ystävyyssuhteestä eikä sopimuksesta kanssanne. Puheellaan koettavat he olla mieliksenne, mutta heidän sydämensä ovat kuitenkin teitä vastaan, ja suurin osa heistä on jumalattomia.</p>
      <p>
      <span>9</span>Mitättömästä hinnasta he ovat luopuneet Jumalan tunnusmerkeistä ja estelevät (muita) Jumalan tieltä; kauheita ovat totisesti heidän tekonsa.</p>
      <p>
      <span>10</span>He eivät pidä lukua sukulaisuudesta eivätkä liittosopimuksesta uskovaisten kanssa, sillä he ovat niitä, jotka (liitot) rikkovat.</p>
      <p>
      <span>11</span>Mutta jos he kääntyvät (Jumalan alamaisiksi), rukoilevat ja antavat säädetyt almut, ovat he uskonveljiänne. Ja Me selvitämme tunnusmerkkimme ihmisille, joilla on ymmärrystä.</p>
      <p>
      <span>12</span>Mutta jos he sopimuksenteon jälkeen rikkovat valansa ja pilkkaavat teitä uskonne vuoksi, niin taistelkaa sellaisten uskottomien johtomiehiä vastaan - heille eivät totisesti valat mitään merkitse - jotta he luopuisivat puuhistaan.</p>
      <p>
      <span>13</span>Miksi ette taistelisi ihmisiä vastaan, jotka ovat rikkoneet valansa ja aikoneet karkoittaa lähettilään, etenkin kun he ovat ensimmäisinä aloittaneet (vihollisuudet). Pelkäättekö heitä? Onhan kuitenkin Jumala paremmin ansainnut sen, että te Häntä pelkäätte, jos olette oikeauskoisia.</p>
      <p>
      <span>14</span>Taistelkaa heitä vastaan, Jumala rankaisee heitä teidän kädellänne ja saattaa heidät häpeään; Hän auttaa teitä vastustaessanne heitä ja parantaa oikeauskoisten rinnat.</p>
      <p>
      <span>15</span>Ja Hän poistaa vihan heidän sydämistään, sillä Jumala säälii ketä tahtoo; Jumala on tietävä, viisas.</p>
      <p>
      <span>16</span>Vai arveletteko tulevanne hylätyiksi ennenkuin Jumala ehtii erottaa, ketkä joukostanne taistelivat eivätkä tunnustaneet ystävikseen ketään muuta kuin Jumalan, Hänen lähettiläänsä ja oikeauskoiset? Ja Jumala tuntee tekonne.</p>
      <p>
      <span>17</span>Monijumalaisten (pakanain) ei sovi käydä Jumalan temppelissä, koska heidän epäuskonsa todistaa heitä vastaan. Turhiksi osoittautuvat heidän tekonsa, ja tulessa saavat he ikuisesti olla.</p>
      <p>
      <span>18</span>Jumalan temppelissä saa vain se käydä, joka uskoo Jumalaan ja viimeiseen päivään ja harjoittaa rukoilemista ja antaa säädettyjä almuja eikä pelkää ketään muuta kuin Jumalaa; siksi nämä ovat niitä, jotka saavat toivoa olevansa johdatuksen omia.</p>
      <p>
      <span>19</span>Pidättekö juomaveden antamista toivioretkeläisille, pyhäkön rakentamista (tai siellä käymistä) samanarvoisena kuin uskoa Jumalaan ja viimeiseen päivään ja taistelua Jumalan retkellä? Eivät ne ole samanarvoisia Jumalan silmissä, eikä Jumala johda väärintekijöitä.</p>
      <p>
      <span>20</span>Ne, jotka uskovat ja lähtevät kodeistaan liikkeelle ja panevat alttiiksi omaisuutensa ja elämänsä Jumalan asian puolesta, saavuttavat korkeamman asteen Jumalan luona; nämä ovat voitollisia.</p>
      <p>
      <span>21</span>Heidän Herransa julistaa heille ilosanoman laupeudestaan, mielisuosiostaan ja huvipuutarhoista, joissa he tulevat olemaan ikuisesti autuaita,</p>
      <p>
      <span>22</span>jääden sinne ainiaaksi, Jumalan luona on totisesti suuri palkinto.</p>
      <p>
      <span>23</span>Te, jotka uskotte, älkää ottako isiänne ja veljiänne ystäviksenne, jos he rakastavat epäuskoa enemmän kuin uskoa, sillä se teistä, joka heihin liittyy, kuuluu väärintekijöihin.</p>
      <p>
      <span>24</span>Sano: »Jos isänne, poikanne, veljenne, vaimonne, omaisenne, hankkimanne omaisuus ja kauppa, jonka pysähtymistä pelkäätte, sekä asunnot, joihin olette mieltyneet, ovat teille rakkaampia kuin Jumala ja Hänen lähettiläänsä ja taistelu Hänen asiansa puolesta, niin odottakaa, kunnes Jumala tulee ja sanoo sanansa. Sillä Jumala ei pidä uppiniskaisista.»</p>
      <p>
      <span>25</span>Totisesti Jumala on auttanut teitä jo monella taistelukentällä ja Honain päivänä, kun ylpeilitte monilukuisuudestanne, joka kuitenkaan ei auttanut teitä vähääkään; ja maa tuli teille ahtaaksi laajuudestaan huolimatta; ja te käännyitte pakoon.</p>
      <p>
      <span>26</span>Silloin lähetti Jumala tyyneytensä lähettiläälle ja oikeauskoisille, Hän lähetti sotajoukkoja, joita te ette nähneet, ja rankaisi uskottomat. Tämä on uskottomien palkka.</p>
      <p>
      <span>27</span>Sen jälkeen armahtaa Jumala kenet tahtoo, sillä Jumala on anteeksiantava, armollinen.</p>
      <p>
      <span>28</span>Te, jotka uskotte, katsokaa, miten monijumalaiset ovat kokonaan saastaisia. Siksi älkää salliko heidän lähestyä pyhää temppeliä tämän sopimusvuoden jälkeen. Ja, jos sentähden pelkäätte köyhtyvänne, on Jumala runsaudessaan ajoissa huolehtiva teistä, jos Hän tahtoo; Jumala on totisesti tietävä, viisas.</p>
      <p>
      <span>29</span>Taistelkaa niitä vastaan, jotka, vaikka ovat saaneet Kirjoituksen, eivät usko Jumalaan eivätkä viimeiseen päivään, eivät pyhitä sitä, minkä Jumala ja Hänen lähettiläänsä ovat selittäneet pyhäksi, eivätkä tunnusta totista uskontoa, taistelkaa, kunnes he auliisti maksavat veronsa ja tunnustavat alistuvansa.</p>
      <p>
      <span>30</span>Juutalaiset sanovat: »Esra on Jumalan poika», ja kristityt sanovat: »Messias on Jumalan poika». Tätä he hokevat suullaan. He jäljittelevät niitä, jotka ennen olivat uskottomia. Jumalan ynseys heitä rasittakoon! Kuinka ovatkaan he etääntyneet!</p>
      <p>
      <span>31</span>Paitsi Jumalaa ovat he ottaneet herroikseen kirjanoppineensa ja munkkinsa, samaten Messiaan, Marian pojan, vaikka heidän tuli palvella vain yhtä ainoata Jumalaa. Ei ole muuta Jumalaa kuin Hän. Ylistettäköön Häntä ja olkoon Hän kaukana siitä, minkä he asettavat hänen rinnalleen!</p>
      <p>
      <span>32</span>Mielellään he puhaltaisivat sammuksiin Jumalan valon, mutta Jumala ei hellitä ennenkuin on saattanut valonsa täydelliseksi, vaikka uskottomat närkästyisivätkin.</p>
      <p>
      <span>33</span>Juuri Hän on lähettänyt sanansa julistajan ja tämän mukana johdatuksensa sekä totuuden uskonnon, asettaakseen sen jok'ainoan muun uskonnon yli, vaikka se Jumalattomia närkästyttää.</p>
      <p>
      <span>34</span>Te, jotka uskotte, katsokaa! Monet kirjanoppineet ja munkit kuluttavat ihmisten omaisuutta vääryyttä tehden sekä kääntävät muita Jumalan tieltä. Niille, jotka haalivat kultaa ja hopeaa eivätkä käytä sitä Jumalan asian hyväksi, julista tuskallista tuomiota</p>
      <p>
      <span>35</span>sinä päivänä, jolloin nämä aineet hehkuvat helvetin tulessa ja niillä heidän otsaansa, kylkiinsä ja selkäänsä painetaan polttomerkki: »Tämän te olette hankkineet itsellenne. Maistakaa nyt, mitä olette koonneet!»</p>
      <p>
      <span>36</span>Katso, kuukausien luku Jumalan luona on kaksitoista, niinkuin Jumala määräsi sinä päivänä, jolloin Hän loi taivaat ja maan. Neljä niistä on pyhitetty: tämä on oikea uskonto. Siksi älkää turmelko itseänne niiden aikana, ja taistelkaa pakanoita vastaan, kuten he taistelevat teitä kaikkia vastaan. Ja tietäkää, että Jumala on niiden kanssa, jotka hartautta harjoittavat.</p>
      <p>
      <span>37</span>Pyhitetyn kuukauden lykkääminen on vain epäuskon päivien venyttämistä; tämän kautta uskottomat joutuvat harhaan. He selittävät sen luvalliseksi toisena vuonna, ja toisena taas julistavat pyhitetyksi, saadakseen riittävän luvun kuukausia, jotka Jumala on määrännyt ja pyhittänyt; näin sallivat he sen, minkä Jumala on kieltänyt. He kaunistelevat pahat tekonsa, mutta Jumala ei anna johdatustaan uskottomille ihmisille.</p>
      <p>
      <span>38</span>Te, jotka uskotte! Miksi te niin kiinteästi maahan juututte, kun teitä käsketään lähtemään Jumalan retkelle? Oletteko enemmän mieltyneitä tämän maailman elämään kuin tulevan? Tämän maailman mukavuus on vain vähäpätöistä verrattuna tulevaan.</p>
      <p>
      <span>39</span>Jos ette lähde Jumalan retkelle, Hän on langettava teille tuskallisen tuomion ja valitseva sijaanne toisen kansan, ettekä te kykene vahingoittamaan Häntä vähääkään. Sillä Jumala pystyy tekemään kaikki halunsa mukaan.</p>
      <p>
      <span>40</span>Jos te ette auta häntä (Muhammedia), niin on Jumala kuitenkin jo antanut hänelle apunsa, kun uskottomat karkoittivat hänet erään toisen kanssa ja nämä kaksi olivat luolassa ja hän sanoi toverilleen: »Alä murehdi, onhan Jumala totisesti kanssamme!» Silloin Jumala vuodatti tyvenen rauhansa hänen mieleensä ja vahvisti häntä näkymättömin sotajoukoin, ja Hän teki uskottomain sanan mitättömäksi; mutta Jumalan sana pysyy ylinnä; Jumala on mahtava, viisas.</p>
      <p>
      <span>41</span>Lähtekää retkelle, kevyesti ja myös raskaasti aseistetut, ja pankaa alttiiksi varallisuutenne ja henkenne Jumalan asian hyväksi! Tämä on parasta teille, jospa sen vain tietäisitte.</p>
      <p>
      <span>42</span>Jos olisi ollut tarjolla kyllin helppo saalis ja lyhyt retki, he olisivat varmaan seuranneet sinua, mutta retki näytti heistä liian pitkälti. He vannovat vielä Jumalan nimeen: »Jos olisimme kyenneet, olisimme varmasti lähteneet kanssasi.» He turmelevat sielunsa, ja Jumala tietää, että he ovat todella valehtelijoita.</p>
      <p>
      <span>43</span>Jumala antakoon sinulle anteeksi! Miksi annoit heille luvan jäädä jo ennenkuin sinulle selvisi, ketkä puhuivat totta, ja opit tuntemaan valehtelijat?</p>
      <p>
      <span>44</span>Jotka uskovat Jumalaan ja viimeiseen päivään, eivät pyydä sinulta lupaa olla panematta alttiiksi omaisuuttansa ja henkeänsä. Jumala tuntee ne, jotka hartaasti palvelevat Häntä.</p>
      <p>
      <span>45</span>Ainoastaan ne pyytävät sinulta lupaa, jotka eivät usko Jumalaan eivätkä viimeiseen päivään ja joiden sydämet ovat täynnä epäilyä; epäilyksessään horjuvat he sinne tänne.</p>
      <p>
      <span>46</span>Jos he olisivat halunneet lähteä retkelle, he olisivat varmasti ryhtyneet varusteluihin, mutta Jumalalle oli vastenmielinen heidän lähtönsä ja Hän teki heidät hitaiksi, ja heille sanottiin: »Jääkää niiden luokse, jotka paikoillaan pysyvät!»</p>
      <p>
      <span>47</span>Jos he olisivat lähteneet teidän kanssanne, he eivät olisi muuta lisänneet kuin huolianne ja kohentaneet keskuudessanne eripuraisuutta, ja joukossanne olisi ollut heitä kuuntelevia. Jumala tuntee väärintekijät.</p>
      <p>
      <span>48</span>Yrittiväthän he jo aikaisemmin kiihoittaa riitoihin ja hautoivat juonia sinua vastaan, kunnes totuus tuli ilmi ja Jumalan määräykset astuivat voimaan, vaikka he olivat sitä vastaan.</p>
      <p>
      <span>49</span>Heidän joukossaan on eräs, joka sanoo: »Salli minun jäädä pois, äläkä kiusaa minua!» Eivätkö juuri he ole jo langenneet kiusaukseen? Totisesti helvetti on nielevä uskottomat.</p>
      <p>
      <span>50</span>Jos sinulle käy hyvin, se vihastuttaa heitä, ja jos sinulle sattuu vastoinkäyminen, sanovat he: »Me katsoimme eteemme jo ennakolta», ja he kääntävät selkänsä ja iloitsevat.</p>
      <p>
      <span>51</span>Sano: »Meille ei tapahdu mitään muuta, kuin minkä Jumala on meille säätänyt. Hän on meidän suojelijamme. Häneen uskovaiset luottakoot!»</p>
      <p>
      <span>52</span>Sano: »Ette te odota meille muuta, kuin jompaakumpaa kahdesta parhaimmasta asiasta.» Ja me odotamme, että Jumala on teille lähettävä kärsimyksen joko suoraan tai meidän käsiemme kautta. Antakaa siis ajan näyttää; kyllä me odotamme niinkuin tekin!</p>
      <p>
      <span>53</span>Sano: »Uhratkaa omastanne tahtoen tai tahtomattanne, ei sitä teiltä milloinkaan oteta vastaan. Totisesti te olette jumalatonta väkeä.»</p>
      <p>
      <span>54</span>Ei kuitenkaan ole muuta, mikä estää ottamasta vastaan heidän osuuttansa kuin se, että he eivät usko Jumalaan ja hänen lähettilääseensä, ovat hitaita rukoilemaan ja suorittavat osuutensa vastahakoisesti.</p>
      <p>
      <span>55</span>Älä siis ihmettele heidän rikkauksiaan äläkä heidän lapsiaan. Jumala tahtoo vain rangaista heitä maallisella elämällä ja antaa heidän henkensä lähteä heidän ollessaan uskottomia.</p>
      <p>
      <span>56</span>He vannovat Jumalan nimeen kuuluvansa teihin, mutta he eivät kuulu teihin, vaan ovat ihmisiä, jotka osoittautuvat pelkureiksi.</p>
      <p>
      <span>57</span>Jos he vain olisivat löytäneet jonkun suojan tai luolan tai piilopaikan, he olisivat kääntyneet pakoon ja rientäneet sinne mitä suurimmalla kiireellä.</p>
      <p>
      <span>58</span>Ja heistä ovat lähtöisin ne, jotka moittivat sinua almujen takia. Jos heille niitä annat, he ovat tyytyväisiä, mutta ellet heille niitä anna, niin he tuota pikaa närkästyvät.</p>
      <p>
      <span>59</span>Jospa he tyytyisivät siihen, mitä Jumala ja Hänen lähettiläänsä ovat heille antaneet, ja sanoisivat: »Jumalassa on meille yltäkyllin, Jumala antaa meille pian hyvyydestään, kuten Hänen lähettiläänsäkin. Jumalaanhan me luotamme.»</p>
      <p>
      <span>60</span>Almut ovat vain köyhiä ja puutteessa olevia varten, sekä niille, jotka toimivat hyväntekeväisyyden palveluksessa; myös niitä varten, joiden sielut on voitettava (Jumalan) rakkauteen; edelleen orjien ja velkaorjien lunnaiksi; avustukseksi Jumalan retkelle ja niinikään maankulkijalle. Tämä on Jumalan säätämä velvollisuus, sillä Jumala on kaikkitietävä, viisas.</p>
      <p>
      <span>61</span>Heidän joukossaan on niitä, jotka panettelevat profeettaa ja sanovat: »Hän on herkkäuskoinen». Sano: »Se hän on teidän parhaaksenne, hän uskoo Jumalaan ja luottaa oikeauskoisiin. Hän armahtaa niitä teistä, jotka uskovat.» Mutta niitä, jotka panettelevat Jumalan lähettilästä, kohtaa tuskallinen rangaistus.</p>
      <p>
      <span>62</span>Teidän edessänne he vannovat Jumalan nimeen teidät tyydyttääkseen, mutta parempi olisi, että he tyydyttäisivät Jumalaa ja Hänen lähettilästänsä olemalla uskovaisia.</p>
      <p>
      <span>63</span>Eivätkö he tiedä, että ken tahansa vastustaa Jumalaa ja Hänen lähettilästään, sitä totisesti odottaa tuli ja helvetti, jonne hän jää ainaiseksi. Tämä on suuri häpeä.</p>
      <p>
      <span>64</span>Ulkokullatut pelkäävät, että heitä vastaan julkaistaan suura, joka paljastaa heidän sydämensä. Sano: »Pilkatkaa vain, kyllä Jumala on toteuttava sen, mitä te pelkäätte!»</p>
      <p>
      <span>65</span>Jos heiltä kyselet, he varmaan vastaavat: »Me vain juttelimme ja laskimme leikkiä». Sano: »Jumalastako ja Hänen tunnusmerkeistään sekä lähettiläästäänkö te teitte pilkkaa?»</p>
      <p>
      <span>66</span>Älkää puolustelko itseänne. Olettehan vajonneet epäuskoon senjälkeen kuin olitte uskossa. Jos me annammekin anteeksi osalle teistä, niin rankaisemme toista osaa, koska he ovat rikollisia.</p>
      <p>
      <span>67</span>Ulkokullatut, sekä miehet että naiset, ovat kaikki samankaltaisia. He rohkaisevat tekemään pahaa ja ehkäisevät hyvän tekemisen sekä kieltävät köyhältä almun. He eivät välittäneet Jumalasta, ja siksi Hän ei välitä heistä. Totisesti ulkokullatut ovat tottelemattomia.</p>
      <p>
      <span>68</span>Jumala on varannut ulkokullatuille, sekä miehille että naisille, samoin kuin uskottomille helvetin tulen olinpaikaksi. Siinä on heille kylliksi. Jumalan tuomio on heidän päällään, ja heille kuuluu ikuinen tuska,</p>
      <p>
      <span>69</span>niinkuin toisille ennen teitä, jotka olivat väkevämmät kuin te ja joilla oli enemmän rikkautta ja lapsia. Aikanaan he nauttivat osastaan; niin tekin nautitte omasta osastanne hetken, kuten ne, jotka ennen teitä nauttivat. Ja te puhutte turhia niinkuin hekin puhuivat. Sellaisia ovat ne, joiden työt ovat menneet hukkaan tässä maailmassa ja tulevassa. Sellaisia ovat ne, jotka häviöön joutuvat.</p>
      <p>
      <span>70</span>Eikö kertomus heidän edeltäjistään ole tullut heidän tietoonsa - Nooan ja Aadin ja Thamuudin kansasta, Aabrahamin kansasta, Midianin asukkaista ja tuhoutuneista kaupungeista? Heille lähetetyt profeetat tulivat heidän luokseen tuoden selvät todistukset. Sillä Jumala ei tehnyt vääryyttä heille, vaan he itse tekivät itselleen vääryyttä.</p>
      <p>
      <span>71</span>Uskovaiset, miehet ja naiset, ovat toinen toistensa liittolaisia; he rohkaisevat hyvän tekemiseen ja kieltävät tekemästä pahaa; ja he harjoittavat hartautta sekä antavat säädettyjä almuja, ja he tottelevat Jumalaa ja Hänen lähettilästään. He ovat niitä, joille Jumala osoittaa laupeukensa. Katso, Jumala on väkevä, viisas.</p>
      <p>
      <span>72</span>Jumala on varannut uskovaisille, miehille ja naisille, puutarhoja, joiden liepeillä purot solisevat ja joissa he iäti saavat oleskellä - Eedenin puutarhojen siunattuina asukkaina. Ja suurin kaikesta on Jumalan mielisuosio; se on korkein saavutus.</p>
      <p>
      <span>73</span>Oi, profeetta, taistele uskottomia ja ulkokullattuja vastaan, ole ankara heitä kohtaan. Heidän viimeinen asuntonsa on oleva helvetti, onneton määränpää.</p>
      <p>
      <span>74</span>He vannovat Jumalan nimeen, etteivät ole mitään väärää puhuneet. Kuitenkin he todella puhuivat epäuskon sanoja ja olivat uskottomia omaksuttuaan Islaamin. He suunnittelivat hankkivansa sellaista, mitä eivät kyenneet saavuttamaan; eivätkä he muuta tavoitetta löytäneet, paitsi että Jumala sekä Hänen lähettiläänsä heitä armostaan rikastuttaisivat. Parempi heille olisi, jos he kääntyisivät, mutta jos he luopuvat, niin Jumala langettaa heille tuskallisen tuomion tässä maailmassa ja tulevassa, eikä heillä ole suojelijaa eikä auttajaa tämän maan päällä.</p>
      <p>
      <span>75</span>Heidän joukossaan on niitä, jotka ovat tehneet liiton Jumalan kanssa: »Jos Hän antaa meille suosiotaan, niin me totisesti harjoitamme armeliaisuutta ja hyviä tekoja.»</p>
      <p>
      <span>76</span>Mutta kun Hän antoi heille suosiotaan, he tulivat itariksi ja kääntyivät penseästi pois.</p>
      <p>
      <span>77</span>Siksi antaa Hän ulkokultaisuuden pysyä heidän sydämissään siihen päivään saakka, jolloin he kohtaavat Hänet, koska he pettivät Jumalaa siinä, mitä Hänelle olivat luvanneet, ja koska he olivat valehtelijoita.</p>
      <p>
      <span>78</span>Eivätkö he tiedä, että Jumala tuntee heidän salaisuutensa ja vehkeilynsä ja että Jumala tietää kaikki salaiset asiat?</p>
      <p>
      <span>79</span>Jotkut ylenkatsovat sellaisia uskovaisia (muslimeja), jotka voittaakseen Jumalan armon antavat almuja, ja sellaisia, jotka eivät voi muuta antaa kuin ruumiinsa työn, näitä he ivailevat; Jumala on ivaileva heitä itseään. Heitä odottaa tuskallinen tuomio.</p>
      <p>
      <span>80</span>Pyydä heille anteeksiantoa tai ole pyytämättä; vaikka sinä seitsemänkymmentä kertaa pyytäisit heille anteeksiantoa, ei Jumala heille anteeksi anna. Sillä he eivät uskoneet Jumalaan ja Hänen lähettilääseensä, ja Jumala ei ohjaa uskottomia.</p>
      <p>
      <span>81</span>(Retkeltä) pois jääneet istuivat ja iloitsivat Jumalan lähettilään poissa ollessa eivätkä tahtoneet panna alttiiksi omaisuuttaan ja henkeään Jumalan asian puolesta. Ja he sanoivat: »Alkää lähtekö tällaisessa helteessä!» Sano: »Helvetin helle on vielä hehkuvampi.» Jospa he sen vain käsittäisivät.</p>
      <p>
      <span>82</span>Naurakoot he hieman: ansaittuna palkkanaan he saavat vielä paljon itkeä.</p>
      <p>
      <span>83</span>Jos Jumala sallii sinun palata heidän joukkoonsa, ja he pyytävät sinulta lupaa lähteä retkelle, sano heille silloin: »Ette milloinkaan enää saa lähteä minun mukanani ettekä taistella minun kanssani vihollista vastaan. Tyydyittehän ensimmäisellä kerralla paikoillanne istumiseen. Istukaa siis edelleenkin kotiinjääneiden kanssa.»</p>
      <p>
      <span>84</span>Älä milloinkaan rukoile heikäläisen puolesta, joka kuolee, äläkä pysähdy hänen hautansa ääreen. Totisesti he eivät uskoneet Jumalaan eivätkä Hänen sanansaattajaansa, ja he kuolivat, koska he olivat tottelemattomia.</p>
      <p>
      <span>85</span>Älä ihaile heidän rikkauksiaan äläkä heidän lapsiaan. Jumala tahtoo vain niillä rangaista heitä tässä maailmassa, ja että heidän henkensä lähtisi heidän yhä ollessaan uskottomia.</p>
      <p>
      <span>86</span>Kun maan päälle lähetettiin näin kuuluva suura: »Uskokaa Jumalaan ja taistelkaa Hänen sanansaattajansa rinnalla», niin rikkaat heidän joukossaan yhä pyytävät sinulta lupaa jäädä pois ja sanovat: »Salli meidän jäädä niiden luokse, jotka pysyvät alallaan.»</p>
      <p>
      <span>87</span>He ovat tyytyväisiä saadessaan jäädä kotona olevien pariin, ja heidän sydämensä ovat sinetöidyt, niin että he eivät mitään käsitä.</p>
      <p>
      <span>88</span>Mutta lähettiläs, ja ne, jotka hänen kanssaan uskovat, panevat alttiiksi omaisuutensa ja henkensä. Sellaisille ihmisille on käyvä hyvin, ja he ovat onnellisia.</p>
      <p>
      <span>89</span>Jumala on valmistanut heille puutarhat, joiden liepeillä purot solisevat ja joissa he alati saavat asua. Tämä on ylin onni.</p>
      <p>
      <span>90</span>Eräät beduiineista keksivät syitä saadakseen luvan jäädä pois, ja ne, jotka kielsivät Jumalan ja Hänen lähettiläänsä, pysyivät kotona. Hän lähettää pian tuskallisen tuomion niille, jotka olivat uskottomia.</p>
      <p>
      <span>91</span>Niitä ei ole soimattava kotiinjäämisestä), jotka ovat heikkoja tai sairaita tai joilla ei ole mitä uhrata, jos he vain ovat vilpittömiä Jumalaa ja Hänen lähettilästään kohtaan. Myöskään hyvää tekeviä kohtaan ei ole moitetta. Jumala on anteeksiantavainen, armoliinen.</p>
      <p>
      <span>92</span>Ei myöskään niitä soimata, jotka tulivat luoksesi pyytäen sinua huolehtimaan heidän varusteistaan ja joille sinä vastasit: »Minulla ei ole, millä teidät retkelle varustaisin.» He kääntyivät pois silmät kyynelissä, suruissaan siitä, että eivät voineet hankkia tarvittavia varoja.</p>
      <p>
      <span>93</span>Moitetta on vain niitä kohtaan, jotka pyytävät sinulta lupaa jäädä kotiin, vaikka ovat rikkaita. He ovat tyytyväisiä jäädessään kotona pysyvien seuraan. Jumala on sinetöinyt heidän sydämensä niin, että he ovat tietoa vailla.</p>
      <p>
      <span>94</span>He puolustelevat itseään teidän edessänne, kun te palaatte heidän luokseen. Sanokaa: »Alkää puolustelko itseänne, me emme kuitenkaan teitä usko. Jumala on jo meille ilmoittanut teidän salaiset tarkoituksenne; Hän on oivaltava teidän tekonne, ja samoin Hänen lähettiläänsä. Silloin te joudutte Hänen luokseen, joka tietää näkymättömät yhtä hyvin kuin näkyväisetkin asiat, ja Hän on osoittava teille teidän tekonne.</p>
      <p>
      <span>95</span>He vannottavat teitä Jumalan nimeen, kun te palaatte heidän luokseen, olemaan heille kaunaa kantamatta. Senvuoksi jättäkää heidät rauhaan. Totisesti he ovat saastaisia, ja heidän olinpaikkansa on oleva helvetti heidän tekojensa palkkana.</p>
      <p>
      <span>96</span>He vannottavat teitä olemaan heihin tyytyväisiä, mutta vaikka te olisittekin, niin Jumala ei totisesti voi olla tyytyväinen tottelemattomiin ihmisiin.</p>
      <p>
      <span>97</span>Beduiinit ovat piintyneimpiä epäuskoon ja ulkokultaisuuteen eivätkä ole taipuvaisia tuntemaan niitä lakeja, jotka Jumala on julistanut lähettiläänsä kautta. Jumala on kaikkitietävä, viisas.</p>
      <p>
      <span>98</span>Muutamat beduiinit pitävät antiosuuksiaan sakkona ja odottavat onnen kääntyvän teitä vastaan. Heille itselleen on käyvä huonosti. Jumala kuulee ja tietää kaiken.</p>
      <p>
      <span>99</span>Mutta muutamat beduiinit uskovat Jumalaan ja viimeiseen päivään ja pitävät osuuksiaan keinona päästä lähemmäksi Jumalaa ja saada Hänen lähettiläänsä siunaukset. Katsokaa, totisesti he tällä tavoin pääsevät lähemmäksi. Jumala on sulkeva heidät armoonsa. Totisesti, Jumala on anteeksiantavainen, armollinen.</p>
      <p>
      <span>100</span>Niihin, jotka ensimmäisinä ja etumaisina jättivät kotinsa, sekä avustajiin ja niihin, jotka seurasivat heitä hyvän teossa, heihin kaikkiin Jumala on tyytyväinen ja he ovat tyytyväiset Häneen. Hän on valmistanut heille puutarhat, joissa purot solisevat ja joissa he saavat alati asua. Tämä on ylin onni.</p>
      <p>
      <span>101</span>Beduiinien joukossa, jotka asuvat teidän ympärillänne, on ulkokultaisia, samoin myös kaupungin asukkaiden keskuudessa. He pysyvät ulkokultaisuudessaan. Te ette tunne heitä, mutta me heidät tunnemme. Me saatamme heidät kahdesti kärsimään, ja senjälkeen heitä kohtaa tuskallinen tuomio.</p>
      <p>
      <span>102</span>On myös toisia, jotka tunnustavat syntinsä. He sekoittavat teon, joka on hyvä, toiseen, joka on paha. Jumala saattaa kääntää tämän heidän hyväkseen. Totisesti, Jumala on anteeksiantavainen, armollinen.</p>
      <p>
      <span>103</span>Ota vastaan uhrilahjoja heidän varoistaan, että voisit puhdistaa heidät ja samalla vanhurskauttaa, ja siunaa heitä; totisesti sinun siunauksesi on heille onneksi. Jumala kuulee ja tietää kaiken.</p>
      <p>
      <span>104</span>Eivätkö he tiedä, että Jumala ottaa vastaan palvelijainsa katumuksen ja uhrilahjat? Ja että Jumala on heltyväinen, armollinen?</p>
      <p>
      <span>105</span>Sano: »Toimikaa! Jumala on näkevä tekonne, Hänen lähettiläänsä ja uskovaiset näkevät samoin. Ja teidät viedään pian Hänen luokseen, joka tietää näkymättömät ja näkyvät, ja Hän osoittaa teille silloin teidän tekonne.»</p>
      <p>
      <span>106</span>On toisia, jotka odottavat Jumalan käskyä siitä riippumatta, saattaako Hän heidät kärsimään vai heltyykö Hän heille; niin, Jumala on kaikkitietävä, viisas.</p>
      <p>
      <span>107</span>Ja on niitä, jotka ovat rakentaneet temppelin saadakseen aikaan pahennusta ja epäuskoa ja epäsopua uskovaisten keskuudessa, väijytyspaikan niille, jotka ennen ovat taistelleet Jumalaa ja Hänen lähettilästään vastaan. Ja totisesti he tulevat vannomaan: »Me tarkoitimme vain hyvää.» Mutta Jumala todistaa, että he totisesti ovat valehtelijoita.</p>
      <p>
      <span>108</span>Älä milloinkaan esiinny siinä temppelissä. Temppeli, joka ensimmäisestä päivästä alkaen perustettiin Jumalan kunnioitukselle, ansaitsee totisesti paremmin, että sinä siinä esiinnyt. Siinä on miehiä, jotka halajavat tulla puhdistetuiksi, ja Jumala rakastaa puhtaita.</p>
      <p>
      <span>109</span>Kumpi on parempi, sekö, joka on laskenut perustuksensa Jumalaan ja Hänen mielisuosioonsa, vai sekö, joka on laskenut perustuksensa luhistuvalle partaalle, niin että se hänen kanssaan sortuu helvetin tuleen? Jumala ei ohjaa väärämielisiä ihmisiä.</p>
      <p>
      <span>110</span>Ja rakennus, jonka he ovat rakentaneet, ei ole heidän sydämiensä epäilyä poistava ennenkuin Jumala murtaa heidän sydämensä, sillä Jumala on kaikkitietävä, viisas.</p>
      <p>
      <span>111</span>Totisesti, Jumala on lunastanut uskovaisilta heidän henkensä ja omaisuutensa antamalla niiden korvaukseksi paratiisin puutarhan, joka on heitä varten. He taistelevat Jumalan asian puolesta: he surmaavat ja heitä surmataan, kuten Hän on sitovasti luvannut toorassa, evankeliumissa ja Koraanissa, ja kuka täyttää uskollisemmin lupauksensa kuin Jumala? Olkaa siis onnelliset liittosopimuksestanne, jonka olette tehneet Hänen kanssaan. Juuri tämä on ylin onni.</p>
      <p>
      <span>112</span>Niille, jotka kääntyvät Jumalan puoleen, niille, jotka palvelevat Häntä, niille, jotka ylistävät Häntä, niille, jotka parantavat, niille, jotka kumartuvat rukoilemaan, niille, jotka vaipuvat maahan, niille, jotka käskevät tehdä hyvää ja kieltävät pahan tekemisen, ja niille, jotka suojelevat Jumalan lakeja - julista uskoville iloista sanomaa.</p>
      <p>
      <span>113</span>On hyödytöntä profeetan ja uskovaisten rukoilla pakanoitten puolesta, vaikkapa he olisivat sukulaisiakin, senjälkeen kuin näille on ilmoitettu, että he ovat helvetin omia.</p>
      <p>
      <span>114</span>Kun Aabraham pyysi isälleen anteeksiantoa, se tapahtui lupauksen takia, jonka oli hänelle antanut. Mutta kun hänelle oli ilmoitettu, että hänen isänsä oli Jumalan vihollinen, Aabraham lähti pois hänen luotaan. Totisesti, Aabraham oli hurskas ja lempeä.</p>
      <p>
      <span>115</span>Jumala ei tahdo saattaa ihmisiä kadotukseen sen jälkeen, kun Hän on heitä ohjannut,ennenkuin Hän tekee heille selväksi, mitä heidän on varottava. Totisesti, Jumala tietää kaikki.</p>
      <p>
      <span>116</span>Totisesti, Jumala on olemassa. Hänelle kuuluvat taivasten ja maan valtakunnat, Hän antaa elämän ja Hän antaa kuoleman, ja paitsi Jumalaa teillä ei ole muuta suojelijaa eikä auttajaa.</p>
      <p>
      <span>117</span>Jumala on totisesti suosioliinen profeettaa ja niitä kohtaan, jotka jättivät kotinsa, sekä auttajia kohtaan, jotka seurasivat häntä ahdistuksen hetkenä, senjälkeen kuin muutamien sydämet olivat luopumaisillaan hänestä. Silloin Hän lähestyi heitä, sillä Hän on heitä kohtaan rakastavainen, armollinen.</p>
      <p>
      <span>118</span>Samoin niitä kolmea henkilöä kohtaan, jotka nämä jättivät taaksensa; jopa siinä määrin, että kun maa suuruudestaan huolimatta tuntui heistä ahtaalta ja heidän sielunsa olivat tuskaiset ja heille selvisi, ettei ollut muualla pakopaikkaa Jumalalta kuin Hänen Itsensä luona, silloin Hän lähestyi heitä, että he olisivat kääntyneet Hänen puoleensa. Totisesti Jumala on heltyväinen, armollisin.</p>
      <p>
      <span>119</span>Te, jotka uskotte, kunnioittakaa Jumalaa ja olkaa totuutta rakastavien seurassa.</p>
      <p>
      <span>120</span>Ei ole soveliasta Medinan asukkaille ja niille beduiineille, jotka asuvat ympäristössä, jäädä pois Jumalan lähettilään retkeltä ja huolehtia enemmän omasta kuin Hänen hengestään. Eivät he kärsi janoa, eivät tuskaa eivätkä nälkää Jumalan retkellä; eivät he samoa sillä tavoin minkään maan halki, että se aiheuttaisi murhetta uskottomille, eivät he liioin hanki mitään sotasaalista viholliselta merkitsemättä sitä itselleen hyväksi teoksi. Totisesti, Jumalan huostassa eivät joudu hukkaan niiden ansiot, jotka hyvää tekevät.</p>
      <p>
      <span>121</span>Ei näiden tarvitse kantaa mitään kuluja, ei suuria eikä pieniä, eikä samota yli yhdenkään tasangon, ilman ettei sitä luettaisi heidän hyväkseen eikä Jumala palkitsisi heille sitä, mitä he parastansa ovat tehneet.</p>
      <p>
      <span>122</span>Ei ole mahdollista kaikkien uskovaisten lähteä yhdessä retkelle; mutta miksipä ei osa jokaisesta heimosta lähtisi liikkeelle, avartuakseen uskossa ja voidakseen kotiuduttuaan varoittaa kansaansa, jotta se olisi valveilla.</p>
      <p>
      <span>123</span>Te, jotka uskotte, taistelkaa niitä uskottomia vastaan, jotka ovat lähellänne, jotta he kokisivat teidän voimanne, ja tietäkää, että Jumala on niiden kanssa, jotka hartautta harjoittavat.</p>
      <p>
      <span>124</span>Kun suura lähetetään ylhäältä, niin jotkut heistä sanovat: »Kenelle teistä se on lisännyt uskoa?» Mitä uskovaisiin tulee, se on todella heidän uskoaan enentänyt, ja he ovat onnellisia.</p>
      <p>
      <span>125</span>Mutta niissä, joiden sydämiä tauti tärvelee, se toden totta lisää saastaisuutta saastaisuuden päälle, ja he kuolevat ollen yhä epäuskossa.</p>
      <p>
      <span>126</span>Eivätkö he huomaa, että heitä koetellaan kerran tai kahdesti vuodessa? Sittenkään he eivät tee kääntymystä eivätkä mitään mieleensä paina.</p>
      <p>
      <span>127</span>Ja kun suura lähetetään ylhäältä, jotkut heistä tuijottavat toisiin ja kysyvät: »Havaitsetteko jonkun katseet päällänne?» Sitten he siirtyvät muuanne. Jumala on kääntänyt pois heidän sydämensä, koska he ovat ihmisiä, jotka eivät ymmärrä.</p>
      <p>
      <span>128</span>Totisesti, teidän luoksenne on tullut lähettiläs omasta keskuudestanne. Häneen koskee, jos teillä on murhetta, hän huolehtii teidän hyvinvoinnistanne ja hän on rakastavainen, armollinen uskovaisia kohtaan.</p>
      <p>
      <span>129</span>Jos he kääntyvät takaisin, sano silloin: »Jumala on minun kaikkeni, ei ole muuta jumaluutta kuin Hän. Häneen asetan luottamukseni. Hän on Suurivaltaisin Herra.»</p>
    </div>
  </body>
</html>
