<?xml version="1.0"?>
<html>
  <head>
    <meta http-equiv="Content-Type" content="text/html; charset=utf-8" />
    <title>Joonan Suura</title>
  </head>
  <body>
    <h1>
    <span>10</span>Joonan suura</h1>
    <div class="johdanto">
      <h2>JOHDANTO:</h2>
      <p>KYMMENES SUURA: Joona (Júnus) Ilmoitettu Mekassa (109 jaetta )</p>
      <p>saa otsikkonsa jakeesta 98. Samoin kuin lähes kaikkien Mekassa ilmoitettujen suurain, on tämänkin suuran ilmoituksen ajankohta epävarma historiallisten kiinnekohtien puuttuessa. Varmuudella voidaan sanoa, että se kuuluu Mekassa ilmoitettujen suurain myöhäisimpään ryhmään ja on siis ilmoitettu Hedzraa edeltäneitten neljän vuoden kuluessa.</p>
      <p>Lukuunottamatta Medinassa ilmoitettua kolmea jaetta on tämä suura Mekan kauden viimeisimpiä.</p>
    </div>
    <div class="sura">
      <h2>Aloitan JUMALAN, laupiaan Armahtajan, nimeen.</h2>
      <p>
      <span>1</span>Alif, Laam, Raa . Nämä ovat viisauden Kirjan säkeistöjä.</p>
      <p>
      <span>2</span>Pitävätkö ihmiset kummana, että Me olemme antanut käskyvaltamme eräälle heistä ja sanonut: »Varoita ihmiskuntaa ja julista ilosanomaa niille, jotka uskovat, että heillä on varma paikka Herransa luona.» Uskottomat sanovat: »Aivan varmasti tämä mies on ilmeinen velho.»</p>
      <p>
      <span>3</span>Totisesti teidän Herranne on Jumala. Hän, joka loi taivaat ja maan kuudessa jaksossa ja on senjälkeen pysyttänyt valtansa lujana ja ohjaa hallitustaan. Ei ole ketään toista valtiasta (hänen rinnallaan) paitsi mikäli Hän suvaitsee. Tämä on Jumala, teidän Herranne, palvelkaa siis Häntä. Ettekö sitä muistaisi?</p>
      <p>
      <span>4</span>Hänen luokseen on teidän kaikkien palattava. Jumalan lupaus on varma. Totisesti, Hän luo olennot ja antaa sitten niiden palata takaisin, jotta Hän voisi palkita ne, jotka uskovat ja oikeamielisesti tekevät hyvää. Mutta niitä varten, jotka ovat antautuneet epäuskoon, on varattu kiehuva juoma ja tuskallinen tuomio, koska he ovat olleet uskottomia.</p>
      <p>
      <span>5</span>Juuri Hän saattaa auringon paistamaan ja kuun loistamaan ja on määrännyt sille asentonsa, niin että te voitte tietää vuosien kulun ja ajanlaskun. Kaiken tämän Hän on tehnyt totuudessa. Hän selittää merkkinsä ihmisille, joilla on ymmärrystä.</p>
      <p>
      <span>6</span>Yön ja päivän vuorottelussa ja kaikessa, minkä Jumala on luonut taivaassa ja maan päällä, näkyvät selvät merkit niille, jotka harjoittavat hurskautta.</p>
      <p>
      <span>7</span>Totisesti on niitäkin, jotka eivät odota Meidän tapaamistamme, vaan tyytyvät tämän maailman elämään ja ovat siitä löytäneet viihtymyksensä; ja on niitä, jotka eivät välitä Meidän merkeistämme.</p>
      <p>
      <span>8</span>Sellaisten olinpaikkana on oleva tuli palkaksi heidän teoistaan.</p>
      <p>
      <span>9</span>Mutta niitä, jotka uskovat ja suorittavat hyviä tekoja, heidän Jumalansa ohjaa heidän uskonsa kautta. Purot solisevat heidän jalkojensa juuressa autuaissa puutarhoissa.</p>
      <p>
      <span>10</span>Siellä kuuluu heidän rukouksensa: »Kunnia olkoon Sinulle, oi Jumala!» Ja heidän tervehdyksensä siellä on oleva: »Rauha!» Ja heidän rukoustensa loppu on oleva: »Ylistys kuuluu Jumalalle, kaikkien maailmojen Herralle.»</p>
      <p>
      <span>11</span>Jos Jumala edistäisi ihmisille pahaa yhtä kärkkäästi, kuin he tavoittelevat hyvää, niin heidän loppunsa olisi todella jo määrätty, mutta Me jätämme ne, jotka eivät usko kohtaavansa Meitä, yksinään ja sokeina vaeltamaan sokeudessaan.</p>
      <p>
      <span>12</span>Ja kun ihminen joutuu murheeseen, hän huutaa Meitä joko maahan vaipuneena tai istuen tai nousten seisaalleen, mutta kun olemme poistanut hänen vaivansa, hän lähtee tiehensä, aivan kuin ei olisi ikinä huutanutkaan Meitä luokseen vaivan kourissa. Tällä tavoin väärintekijät kaunistelevat tekonsa.</p>
      <p>
      <span>13</span>Me olemme hävittänyt jo ennen teitä eläneitä sukupolvia, kun he tekivät väärin. Heidän aikansa profeetat tulivat heidän luokseen, mukanaan selvät todistukset, mutta he eivät ottaneet uskoakseen. Tällä tavoin Me palkitsemme niitä, jotka ovat syntisiä.</p>
      <p>
      <span>14</span>Senjälkeen Me teimme teistä heidän seuraajiaan maan päälle nähdäksemme, kuinka te toimitte.</p>
      <p>
      <span>15</span>Ja kun Meidän selvät merkkimme on heille ilmoitettu, sanovat ne, jotka eivät usko kohtaavansa Meitä: »Tuokaa toinen Koraani tai muuttakaa tätä.» Sano: »Ei ole minun asiani muuttaa sitä omasta halustani, noudatan vain minulle annettua ilmoitusta. Pelkään totisesti, että jos olen tottelematon Herralleni, minua on kohtaava viimeisen päivän tuomio.»</p>
      <p>
      <span>16</span>Sano: »Jos Jumala olisi tahtonut, minä en olisi sitä teille ilmoittanut enkä tehnyt tunnetuksi; olinhan jo sitä ennen elänyt keskuudessanne suuren osan elämääni. Ettekö jo ymmärrä?»</p>
      <p>
      <span>17</span>Kuka tekee enemmän väärin kuin se, joka puhuu valhetta Jumalaa vastaan tai vääristelee Hänen merkkinsä? Totisesti, syntisellä ei ole menestystä.</p>
      <p>
      <span>18</span>Jumalan sijasta he palvelevat sellaista, mikä ei heitä vahingoita eikä hyödytä, ja he sanovat: »Nämä ovat meidän välittäjiämme Jumalan luona.» Sano: »Ilmoitatteko Jumalalle jotakin uutta, mitä Hän ei tiedä taivaassa ja maan päällä?» Jumalalle olkoon kunnia! Kaukana Hän on siitä, minkä he asettavat Hänen rinnalleen.</p>
      <p>
      <span>19</span>Koko ihmiskunta oli yksi ainoa yhteisö, mutta he tulivat erimielisiksi, ja ellei Herran sana olisi edeltä käynyt, olisi asia, josta he kiistelivät, ratkaistu välien selvityksellä.</p>
      <p>
      <span>20</span>He sanovat: »Miksi hän ei ole saanut merkkiä Herraltaan?» Sano silloin: »Näkymätön kuuluu yksin Jumalalle. Siksi odottakaa, minä olen odottava kanssanne.»</p>
      <p>
      <span>21</span>Kun olemme antanut ihmisten maistaa armoa heitä kohdanneen iskun jälkeen, niin katso, he alkavat vehkeillä Meidän merkkejämme vastaan. Sano: »Jumala on nopein suunnitelmain teossa.» Totisesti, lähettiläämme kirjoittavat muistiin heidän vehkeilynsä.</p>
      <p>
      <span>22</span>Juuri Hän antaa teidän matkustaa maitse ja meritse. Mutta kun te olette laivoissa, ja laivat matkustajineen lähtevät purjehtimaan suotuisassa tuulessa ja he siitä iloitsevat, silloin hirmumyrsky yllättää heidät, aallot vyöryvät kaikilta tahoilta heitä kohti ja he luulevat olevansa tuhon omat. Silloin he huutavat Jumalaa ehdottomasti uskoen Häneen: »Jos Sinä pelastat meidät tästä, niin me totisesti olemme kiitollisia.»</p>
      <p>
      <span>23</span>Mutta kun Hän heidät pelastaa, niin katso, maihin päästyään he hillittömästi rehentelevät. Voi teitä, ihmiset! Teidän pöyhkeilynne on vain tuhoksi itsellenne. Lyhyen aikaa saatte nauttia maallisesta elämästä, senjälkeen te palaatte Meidän luoksemme, ja Me osoitamme teille, mitä olette tehneet.</p>
      <p>
      <span>24</span>Tämän maailman elämä on kuin vesi, jonka lähetämme ylhäältä maan päälle, niin että se imeytyy maan kasvullisuuteen, josta ihmiset ja karja saavat ravintonsa. Kun maa pukeutuu kultaisiin pukimiinsa ja koristeisiinsa ja sen omistajat luulevat olevansa kaiken tämän herroja, silloin tulee Meidän käskymme, yöllä tahi päivällä, ja Me niitämme kaiken maan tasalle, aivan kuin äsken ei mitään olisi ollutkaan. Tällä tavoin Me selitämme merkit ihmisille, jotka ajattelevat.</p>
      <p>
      <span>25</span>Jumala kutsuu teidät rauhan asuntoon ja ohjaa, kenet Hän tahtoo, oikealle tielle.</p>
      <p>
      <span>26</span>Jotka hyvää tekevät, heillä on hyvääkin parempi osa tallella: heidän kasvojaan ei varjosta synkkyys eikä häpeä. He ovat paratiisin perillisiä ja saavat siellä ikuisesti asua.</p>
      <p>
      <span>27</span>Mutta jotka pahaa tekevät, heidän palkkansa on oleva yhtä paha, ja häpeä peittää heidät. Heillä ei ole ketään suojelijat Jumalaa vastaan; ikäänkuin öistä pimeyttä leviää heidän kasvoilleen. He ovat tulen omia, ja siinä he saavat ikuisesti pysyä.</p>
      <p>
      <span>28</span>Ja sinä päivänä, jolloin Me kokoamme heidät kaikki yhteen, sanomme niille, jotka ovat asettaneet muita jumalia Jumalan rinnalle: »Asettukaa alallenne, te ja teidän epäjumalanne!» Senjälkeen saatamme heidät riitoihin keskenään, ja heidän epäjumalansa sanovat: »Ette te meitä palvelleet.</p>
      <p>
      <span>29</span>Jumala on pätevä todistaja teidän ja meidän välillämme, että me emme edes tietäneet teidän palvelemisestanne.»</p>
      <p>
      <span>30</span>Siellä jokainen sielu saa kokea, mitä on valmistanut, ja heidät viedään kaikki Jumalan, heidän todellisen Herransa eteen, ja heidän väärät jumalansa katoavat heiltä.</p>
      <p>
      <span>31</span>Sano: »Kuka hankkii teille ravinnon taivaasta ja maan päältä? Tai kellä on kuulo ja näkö vallassaan? Ja kuka tekee kuolleista eläviä ja elävistä kuolleita? Kuka harjoittaa käskyvaltaansa?» He vastaavat silloin: »Jumala.» Sano sinä: »Miksi ette siis palvelisi Häntä?»</p>
      <p>
      <span>32</span>Hän on teidän todellinen Herranne, ja mitä jää teille, hylättyänne totuuden, muuta kuin eksymys? Sentähden, mistä olettekaan luopuneet pois?</p>
      <p>
      <span>33</span>Näin on Herrasi sana lausunut oikean tuomion tottelemattomista: »Totisesti, he eivät usko.»</p>
      <p>
      <span>34</span>Sano: »Kuka teidän epäjumalistanne pystyy saamaan aikaan luomakunnan ja sitten palauttamaan sen alkulähteeseensä?» Sano: »Jumala alkuunpanee luomakunnan ja sitten kutsuu sen palaamaan takaisin. Kuinka te siis olette ymmärtämättömiä?»</p>
      <p>
      <span>35</span>Sano: »Kuka teidän epäjumalistanne voi ohjata totuuteen?» Sano: »Jumala ohjaa totuuteen.» Kenellä siis on parempi oikeus saada seuraajia, Hänelläkö, joka ohjaa totuuteen, vaiko hänellä, joka ei voi ketään ohjata; jota ohjataan itseään? Miten on siis teidän laitanne? Miten te tuomitsette?</p>
      <p>
      <span>36</span>Useimmat heistä seuraavat vain kuvitelmiaan, mutta totisesti kuvittelut eivät kelpaa mihinkään, kun totuudesta on kysymys. Jumala tietää totisesti, mitä he tekevät.</p>
      <p>
      <span>37</span>Ja tätä Koraania ei olisi yksikään muu kyennyt aikaansaamaan paitsi Jumala. Se on vahvistus sille, mikä ilmaistiin jo sitä ennen, ja kirjoituksen selitys, joka totisesti on kaikkien maailmojen Herralta saatu.</p>
      <p>
      <span>38</span>Väittävätkö he, että hän (Muhammed) on sepittänyt sen? Sano silloin: »Tuokaa sitten suura, joka on tämän kaltainen, ja huutakaa avuksenne ketä voitte Jumalan asemesta, jos olette oikeassa.»</p>
      <p>
      <span>39</span>Ei, he selittävät valheeksi sen, mitä he eivät ymmärrä eivätkä tunne ja mitä heille ei ole selitetty. Samalla tavoin vääristelivät totuutta ennen heitä eläneet, mutta katso, millainen oli väärämielisten loppu.</p>
      <p>
      <span>40</span>Jokunen heistä tosin siihen (Koraaniin) uskoo, ja jokunen heistä ei siihen usko; mutta Herrasi tuntee parhaiten ne, jotka pahaa tekevät.</p>
      <p>
      <span>41</span>Jos he pitävät sinua valehtelijana, sano heille: »Minun tekoni ovat minun, ja teidän tekonne ovat teidän; te ette ole vastuussa minun teoistani, ja minua eivät sido teidän tekonne.»</p>
      <p>
      <span>42</span>Jotkut heistä kuuntelevat sinua; kykenetkö saamaan kuurot kuuleviksi, vaikkapa he eivät ymmärtäisikään?</p>
      <p>
      <span>43</span>Jokunen heistä katsoo sinuun; kykenetkö ohjaamaan sokeita, vaikkapa heillä ei olisi valoa?</p>
      <p>
      <span>44</span>Totisesti, Jumala ei tee vähäisintäkään vääryyttä ihmissuvulle, mutta ihmiset tekevät vääryyttä itselleen.</p>
      <p>
      <span>45</span>Ja sinä päivänä, jolloin Hän kokoaa heidät yhteen, ja on kuin heillä olisi aikaa vain tunnin verran, he tuntevat toisensa. Totisesti, niiden on häviö, jotka väittivät valheeksi Jumalan tulemisen ja joita ei ohjattu oikealle tielle.</p>
      <p>
      <span>46</span>Ja joko sitten Me näytämme sinulle jotakin siitä, minkä olemme heille varannut, tai annamme sinulle sitä ennen täyden palkkasi, joka tapauksessa he palaavat luoksemme. Ja silloin Jumala on heidän tekojensa todistaja.</p>
      <p>
      <span>47</span>Jokaista kansaa varten on lähettiläs, ja kun heidän lähettiläänsä saapuu, ratkaistaan heidän asiansa oikeudenmukaisesti eikä heille tehdä vääryyttä.</p>
      <p>
      <span>48</span>Ja he sanovat: »Milloin tämä lupaus täytetään, sanokaa se, jos olette luotettavia?»</p>
      <p>
      <span>49</span>Sano: »Minulla ei ole valtaa vahingoittaa eikä hyödyttää itseäni, paitsi miten Jumala suvaitsee.» Jokaisella kansalla on määräaikansa. Kun heidän aikansa tulee, he eivät voi siirtää sitä tuntiakaan tuonnemmaksi eivätkä liioin jouduttaa sen saapumista.</p>
      <p>
      <span>50</span>Sano: »Jos Jumalan rangaistus yllättäisi teidät yöllä tai päivällä, niin soisivatko syntiset sen itselleen nopeammin ehtivän?</p>
      <p>
      <span>51</span>Vai uskotteko siihen vasta silloin, kun se teidät saavuttaa?» Sano: »Nyt te uskotte, vaikka jo olitte halunneet sen tuloa jouduttaa.»</p>
      <p>
      <span>52</span>Silloin sanotaan väärämielisille: »Maistakaa ikuista tuskaa; teidät palkitaan vain sen mukaan, mitä olette ansainneet.»</p>
      <p>
      <span>53</span>Ja he pyytävät sinulta vahvistusta: »Onko se totta?» Sano: »On, Herran nimessä, se on täyttä totta; ja te ette voi paeta.»</p>
      <p>
      <span>54</span>Jos mikä hyvänsä sielu, joka on tehnyt vääryyttä, omistaisi kaiken, mitä maan päällä on, hän tarjoaisi sen varmasti lunnaiksi puolestaan, ja kun he näkevät tuomion, he ilmaisevat katumuksensa. Heidän asiansa ratkaistaan totuuden mukaan, eikä heille vääryyttä tehdä.</p>
      <p>
      <span>55</span>Totisesti, eikö kaikki, mikä on taivaassa ja maan päällä, kuulu Jumalalle? Totisesti, eikö Jumalan lupaus pysy? Mutta useimmat heistä ovat tietoa vailla.</p>
      <p>
      <span>56</span>Hän antaa elämän, ja Hän antaa kuoleman, ja Hänen luokseen olette kaikki luodut palaamaan.</p>
      <p>
      <span>57</span>Oi ihmiset! Totisesti, olette saaneet Herraltanne kehoituksen ja parannuksen rintanne vaivoihin sekä johdatuksen ja laupeuden uskovaisille.</p>
      <p>
      <span>58</span>Sano: »Jumalan mielisuosiosta ja Hänen armostaan.» Tästä ihmiset iloitkoot. Tämä on parempi kuin kaikki, mitä he ovat ahnehtineet.</p>
      <p>
      <span>59</span>Sano: »Oletteko ajatelleet, mitä Jumala on teille lähettänyt ravinnoksi? Toisia aineita te pidätte lain sallimina, toisia kiellettyinä.» Sano: »Onko Jumala antanut teille luvan tehdä näin, vai sepitättekö valhetta Jumalaa vastaan?»</p>
      <p>
      <span>60</span>Ja jotka sepittävät valhetta Jumalaa vastaan, millaiseksi kuvittelevat he ylösnousemuksen päivän? Totisesti, Jumala on armon Herra ihmisiä kohtaan, mutta useimmat heistä eivät ole kiitollisia.</p>
      <p>
      <span>61</span>Ja sinä (oi Muhammed!) et toimi missään asioissa etkä lue Jumalan puolesta julki osaakaan Koraanista, ettekä te ihmiset suorita tekoakaan Meidän pitämättä teistä vaaria sitä tehdessänne. Ei edes pienintä hiukkasta maan päällä tai avaruudessa voida kätkeä sinun Herrasi katseilta, eikä ole olemassa sitä pienempää eikä suurempaa, jota ei olisi selvässä (Jumalan tiedon) Kirjassa.</p>
      <p>
      <span>62</span>Totisesti niillä, jotka ovat lähellä Jumalaa, ei ole mitään pelkoa, eikä heidän tarvitse murehtia.</p>
      <p>
      <span>63</span>Jotka uskovat Jumalaan ja harjoittavat hartautta,</p>
      <p>
      <span>64</span>heille kuuluvat ilon sanomat tämän maailman elämässä ja tulevassa. Jumalan sanoja ei voida muuttaa. Tämä on heidän voitonriemunsa.</p>
      <p>
      <span>65</span>Älköön heidän puheensa sinua surettako. Totisesti, kunnia kuuluu kokonaan Jumalalle; Hän on kaikkikuuleva, kaikkitietävä.</p>
      <p>
      <span>66</span>Totisesti, eivätkö kaikki, taivaassa olevat ja maan päällä olevat, kuulu Jumalalle? Ja ne, jotka huutavat Jumalan asemesta epäjumalia, seuraavat vain kuvitelmiaan eivätkä tee muuta kuin valehtelevat.</p>
      <p>
      <span>67</span>Juuri Jumala on luonut yön voidaksemme silloin levätä ja päivän valon lähteeksi. Totisesti, tässä on selvät merkit niille. jotka tarkkaavat.</p>
      <p>
      <span>68</span>He sanovat: »Jumala on hankkinut itselleen lapsen.» Hänelle olkoon kunnia. Hän on riippumaton. Hänelle kuuluu kaikki, mikä on taivaassa ja maan päällä. Teillä ei ole mitään valtuutta sanoa näin: vai puhutteko Jumalasta sellaista, mitä ette tiedä?</p>
      <p>
      <span>69</span>Sano: »Totisesti, ne jotka sepittävät valhetta Jumalaa vastaan, eivät menesty.»</p>
      <p>
      <span>70</span>Heidän nautintonsa tässä maailmassa on ajallista, ja sitten heidän on palattava takaisin Meidän luoksemme. Silloin Me annamme heidän maistaa ankaraa tuskaa epäuskonsa takia.</p>
      <p>
      <span>71</span>Esitä heille kertomus Nooasta, kun hän sanoi kansalleen: »Oi kansani! Jos minun esiintymiseni ja muistutukseni Jumalan merkeistä ovat teille raskaat, koska minä luotan Jumalaan, niin toimikaa silloin yhdessä ja huutakaa epäjumalianne, älkääkä epäröikö hankkeessanne, vaan pankaa se täytäntöön minua vastaan viivyttelemättä!</p>
      <p>
      <span>72</span>Jos te sitten käännytte takaisin, en vaadi mitään hyvitystä. Minun hyvitykseni on yksin Jumalan käsissä, onhan minun sallittu kuulua oikeauskoisiin (muslimeihin).»</p>
      <p>
      <span>73</span>Mutta he valehtelivat häntä vastaan, ja silloin Me pelastimme hänet ja hänen kanssaan arkissa olleet. Me teimme heistä suvun jatkajat ja hukutimme ne, jotka selittivät Meidän merkkimme valheeksi. Katso siis, millainen oli niiden loppu, joita oli varoitettu.</p>
      <p>
      <span>74</span>Sittemmin nostimme Me hänen jälkeensä profeettoja kansojensa keskuuteen, ja he toivat näille selvät todistukset, mutta eivät nämä ottaneet uskoakseen siihen, mitä olivat aikaisemmin kutsuneet valheeksi. Tällä tavoin Me sinetöimme niiden sydämet, jotka syntiä tekevät.</p>
      <p>
      <span>75</span>Heidän jälkeensä annoimme Me Mooseksen ja Aaronin mennä Faraon ja hänen päällikköjensä luo mukanaan Meidän merkkimme, mutta he suhtautuivat niihin ylimielisesti ollen syntisiä ihmisiä.</p>
      <p>
      <span>76</span>Niinpä kun Me lähetimme totuuden heidän luokseen, he sanoivat: »Aivan varmasti tämä on ilmeistä taikuutta.»</p>
      <p>
      <span>77</span>Mooses sanoi: »Näinkö puhutte totuudesta, kun se saavuttaa teidät? Onko tämä taikuutta? Taikurit eivät milloinkaan menesty.»</p>
      <p>
      <span>78</span>He sanoivat: »Oletko tullut luoksemme käännyttääksesi meidät pois siitä, mihin olemme nähneet esi~isiemme turvautuneen, ja saattaaksesi maan valtiuden teidän kahden käsiin? Me emme aio teihin uskoa.»</p>
      <p>
      <span>79</span>Ja Farao sanoi: »Tuokaa eteeni jokainoa taitava noita!»</p>
      <p>
      <span>80</span>Ja kun taikurit olivat saapuneet, Mooses sanoi heille: »Heittäkää maahan, mitä aiotte heittää!»</p>
      <p>
      <span>81</span>Kun he olivat niin tehneet, Mooses sanoi: »Se, mitä olette saaneet aikaan, on noituutta. Totisesti, Jumala on tekevä sen mitättömäksi. Totisesti, Jumala ei edistä pahuudentekijäin toimia.»</p>
      <p>
      <span>82</span>Jumala on vahvistava totuuden sanainsa voimalla, vastoin syntisten tahtoakin.</p>
      <p>
      <span>83</span>Mutta paitsi eräitä hänen kansansa nuoria eivät ketkään uskoneet Moosekseen, koska he pelkäsivät Faraon ja hänen johtomiestensä vainoavan heitä. Farao oli todellakin itsevaltias maassa ja hän kuului niihin, jotka toimivat hillittömästi.</p>
      <p>
      <span>84</span>Mooses sanoi: »Oi kansani, jos uskotte Jumalaan, luottakaa Häneen, mikäli olette oikeauskoisia.»</p>
      <p>
      <span>85</span>Ja niin he sanoivat: »Jumalaan me luotamme. Oi Herramme, älä salli tämän väärämielisen kansan meitä vainota!</p>
      <p>
      <span>86</span>Pelasta meidät armossasi tästä uskottomasta kansasta!»</p>
      <p>
      <span>87</span>Me annoimme Moosekselle ja hänen veljelleen tämän ilmoituksen: »Te kaksi, varustakaa kansallenne taloja Egyptissä, tehkää niistä oikeita rukoushuoneita ja ylläpitäkää hartauden harjoittamista sekä julistakaa iloista sanomaa oikeauskoisille!»</p>
      <p>
      <span>88</span>Mooses sanoi: »Herra! Totisesti olet suonut Faraolle ja hänen johtomiehilleen hyvinvointia ja rikkauksia tämän maailman elämässä. Herra, he saavat kansan luopumaan Sinun tieltäsi. Herra, pyyhi pois heidän rikkautensa ja koveta heidän sydämensä, niin että he eivät usko, ennen kuin näkevät tuskallisen tuomionsa! »</p>
      <p>
      <span>89</span>Hän sanoi: »Sinun rukouksesi on jo kuultu. Pysykää te kaksi siis lujina älkääkä seuratko niiden menoa, jotka ovat tietoa vailla.»</p>
      <p>
      <span>90</span>Me annoimme Israelin lasten kulkea meren poikki, ja silloin Farao sotajoukkoineen seurasi heitä sorron- ja vallanhaluisena, kunnes hän joutui veden valtaan ja sanoi: »Minä uskon, ettei ole olemassa muuta jumaluutta kuin Hän yksin, johon Israelin lapset uskovat. Minä myös tunnustaudun oikeauskoiseksi.»</p>
      <p>
      <span>91</span>»Nyt kylläkin! Mutta ennen olet ollut tottelematon ja kuulunut väärintekijöihin.</p>
      <p>
      <span>92</span>Siksi Me tahdomme tänä päivänä pelastaa pinnalle ruumiisi, jotta olisit muistomerkkinä sille, joka on sinun seuraajasi.» Mutta useimmat ihmiset eivät välitä Meidän merkeistämme.</p>
      <p>
      <span>93</span>Me todella järjestimme Israelin lapsille hyvät asuinsijat ja varustimme heidät hyvällä ravinnolla, eivätkä he olleet eripuraisia ennen kuin paisuivat tiedossaan. Totisesti, Herrasi on ylösnousemuksen päivänä ratkaiseva sen, mistä he kiistelivät.</p>
      <p>
      <span>94</span>Jos sinä epäilet sitä, minkä olemme sinulle ylhäältä lähettänyt, niin kysy niiltä, jotka ennen sinua lukivat Kirjaa. Totuus tuli sinulle Herraltasi; sentähden älä kuulu niihin, jotka kiistelevät.</p>
      <p>
      <span>95</span>Äläkä kuulu niihin, jotka selittävät valheeksi Jumalan merkit, ettet joutuisi kadotettujen joukkoon.</p>
      <p>
      <span>96</span>Totisesti, ne, joita vastaan Herran sana on tullut sitovaksi, eivät usko,</p>
      <p>
      <span>97</span>vaikkapa kaikkinaisia merkkejä heille annettaisiin, ennenkuin he näkevät tuskallisen tuomionsa.</p>
      <p>
      <span>98</span>Minkä tähden ei yksikään kaupunki, lukuunottamatta Joonaan kansaa, uskonut ajoissa, niin että sen uskosta olisi koitunut jotakin hyötyä? Kun he uskoivat, niin Me päästimme heidät häpeällisen tuskan alta tässä maallisessa elämässä ja annoimme heidän nauttia jonkin aikaa.</p>
      <p>
      <span>99</span>Jos Herrasi olisi niin tahtonut, niin kaikki, jotka maan päällä ovat, olisivat yhdessä uskoneet. Tahdotko sinä pakottaa ihmisiä tulemaan oikeauskoisiksi?</p>
      <p>
      <span>100</span>Ei yksikään sielu voi uskoa muuten kuin Jumalan tieten. Ja Hän langettaa rangaistuksen niille, jotka ovat ymmärtämättömiä.</p>
      <p>
      <span>101</span>Sano: »Katso mitä on taivaassa ja maan päällä!» Mutta merkit ja varoitukset eivät auta vähääkään ihmisiä, jotka eivät usko.</p>
      <p>
      <span>102</span>He odottavat ainoastaan sellaista, mitä tapahtui heidän edeltäjiensä päivinä. Sano: »Odottakaa siis! Totisesti minä olen odottava teidän rinnallanne.»</p>
      <p>
      <span>103</span>Silloin Me pelastamme lähettiläämme ja ne, jotka uskovat. Meidän velvollisuutemme on pelastaa uskovaiset.</p>
      <p>
      <span>104</span>Sano: »Oi ihmiset! jos epäilette minun uskoani, niin tietäkää, että minä en palvele niitä, joita te palvelette Jumalan vertaisina, vaan minä palvelen Jumalaa, joka on antava teille täyden palkkanne, ja minut on määrätty kuulumaan niihin, jotka uskovat.»</p>
      <p>
      <span>105</span>Sinut on myös määrätty elämään totisessa uskossa, mieleltäsi vilpittömänä. Äläkä kuulu pakanoitten joukkoon.</p>
      <p>
      <span>106</span>Älä huuda avuksesi Jumalan vertaisena sellaista, mikä ei sinua hyödytä eikä vahingoita, sillä jos näin teet, olet kuuluva väärämielisten joukkoon.</p>
      <p>
      <span>107</span>Jos Jumala lyö sinua jollakin vaivalla, ei kukaan muu paitsi Hän voi sitä pois ottaa. Ja jos Hän tarkoittaa sinulle jotakin hyvää, ei kukaan voi Hänen armoaan pois kääntää. Hän antaa sen kohdata palvelijoistaan ketä Hän suvaitsee. Sillä Hänellä on kaikki anteeksiantamus ja kaikki armo.</p>
      <p>
      <span>108</span>Sano: »Oi ihmiset! Totisesti, Herranne on lähettänyt teille totuuden. Ketä tahansa ohjataankin, on se johdatusta hänen oman sielunsa hyväksi, mutta kuka ikinä menee kadotukseen, hän hukkuu vastoin omaa parastaan. En minä ole teidän vartijanne.»</p>
      <p>
      <span>109</span>Seuraa sitä, mihin olet määrätty, ja pysy lujana kunnes Jumala on tuomitseva, sillä Hän on tuomareista paras.</p>
    </div>
  </body>
</html>
