<?xml version="1.0"?>
<html>
  <head>
    <meta http-equiv="Content-Type" content="text/html; charset=utf-8" />
    <title>Huudin suura</title>
  </head>
  <body>
    <h1>
    <span>11</span>Huudin suura</h1>
    <div class="johdanto">
      <h2>JOHDANTO:</h2>
      <p>YHDESTOISTA SUURA: Huud Ilmoitettu Mekassa (123 jaetta )</p>
      <p>saa nimensä jakeesta 50, josta alkaa kertomus Huudista, Aadin heimon arabialaisesta profeetasta, jota ei mainita hebrealaisessa Raamatussa. Tässä suurassa kerrotaan myöskin kahdesta muusta arabialaisesta profeetasta: Saalihista, Tamuudin heimoa, ja Shuaibista Midianin heimoa (tunnetaan myös nimellä Jethro). Nämä kertomukset sekä kertomukset Nooasta ja Mooseksesta esitetään osana Jumalallisen ilmoituksen historiaa, jonka todenperäisyyttä tässä puolustetaan tavallaan X suuran täydennyksenä.</p>
      <p>Paitsi jaetta 114, joka on ilmoitettu Medinassa, kuuluu suura Mekan kauden viimeisiin.</p>
    </div>
    <div class="sura">
      <h2>Aloitan JUMALAN, laupiaan Armahtajan, nimeen.</h2>
      <p>
      <span>1</span>Alif. Laam. Raa. Tämä on kirja, jonka säkeiden sisältö on vahvistettu, sillä ne on selittänyt Hän, joka on viisas, tietävä;</p>
      <p>
      <span>2</span>jotta ette palvelisi ketään muuta kuin Jumalaa. Totisesti, minä olen varoittaja ja ilosanoman tuoja teille Hänen luotaan.</p>
      <p>
      <span>3</span>Anokaa Herraltanne anteeksiantoa, kääntykää sitten Hänen puoleensa, niin Hän on hankkiva teille runsaan huolenpidon määräajaksi ja vuodattava armonsa jokaiselle, joka laupeudessa vaeltaa. Mutta jos luovutte pois, silloin totisesti pelkään, että tuomiopäivän rangaistus lankeaa päällenne.</p>
      <p>
      <span>4</span>Jumalan luokse on teidän jälleen palattava, ja Hän kykenee tekemään kaiken, mitä tahtoo.</p>
      <p>
      <span>5</span>Katso, eivätkö he todella kaksin kerroin peitä rintaansa salatakseen Häneltä vihamielisyytensä. Kavahtakaa, kun he kääriytyvät vaatteisiinsa. Jumala tietää, mitä he salailevat ja mitä ilmaisevat. Totisesti, Hän tietää, mitä heidän rintaansa on kätkettynä.</p>
      <p>
      <span>6</span>Ei ole ainoatakaan eläintä tämän maan päällä, jota Jumala ei ruokkisi, ja Hän tietää sen tyyssijan ja kotipaikan. Kaikki tämä on selvillä (Jumalan tiedon) Kirjassa.</p>
      <p>
      <span>7</span>Juuri Hän on luonut taivaat ja maan kuutena kautena, ja hänen valtaistuimensa on vesien yllä, niin että hän voi teitä koetella, nähdäkseen kuka teistä on paras teoissa. Ja jos sanot: »Totisesti, teidät herätetään kuolleista», niin ne, jotka ovat antautuneet epäuskon valtaan, vastaavat yhtä varmasti: »Tämähän on ilmeistä noituutta.»</p>
      <p>
      <span>8</span>Ja jos Me viivytämme heidän tuomiotaan jonkin aikaa, niin he varmasti ilkkuvat: »Mikähän sitä estelee?» Totisesti sinä päivänä, jolloin se heidät saavuttaa, ei sitä voida torjua. Ja se, jolle he nauroivat, on lankeava heidän päällensä.</p>
      <p>
      <span>9</span>Jos Me annamme jonkun ihmisen maistaa armoamme ja sitten otamme sen häneltä pois, totisesti hän silloin käy epätoivoiseksi ja kiittämättömäksi.</p>
      <p>
      <span>10</span>Ja jos annamme hänen maistaa siunausta häntä kohdanneen iskun jälkeen, niin hän kerskuu: »Paha lähti loitolle minusta.» Hän käy todella omahyväiseksi, pöyhkeileväksi.</p>
      <p>
      <span>11</span>Toisin ne, jotka ovat kärsivällisiä ja hyviä tekoja harjoittavat; he ovat niitä, joille kuuluu anteeksiantamus ja suuri palkinto.</p>
      <p>
      <span>12</span>Tahdotko sinä luopua jostakin sinulle määrätystä tehtävästä, ja ahdistaako rintaasi syystä, että he sanovat: »Miksi ei ole aarretta lähetetty hänelle tai miksi ei enkeli tullut hänen kanssaan?» Sinä olet ainoastaan varoittaja, ja Jumala valvoo yli kaiken.</p>
      <p>
      <span>13</span>Tai jos he sanovat: »Hän on kaiken keksinyt», vastaa heille: »Tuokaa sitten kymmenen samanlaista sepittämäänne suuraa ja huutakaa avuksenne ketä voitte Jumalan asemesta, jos olette totuudessa.»</p>
      <p>
      <span>14</span>Jos he tällöin eivät vastaa sinulle, silloin tiedä, että se (Koraani) totisesti on lähetetty maan päälle Jumalan viisautena ja että muuta jumaluutta ei ole olemassa kuin Hän. Oletteko siis oikeauskoisia (muslimeja)?</p>
      <p>
      <span>15</span>Ketkä ikinä tavoittelevat tämän maailman elämää ja sen koreutta, heille Me annamme heidän tekojensa täyden ansion mukaan jo tässä elämässä, eikä mitään siitä heiltä vähennetä.</p>
      <p>
      <span>16</span>He ovat ihmisiä, joille tulevassa elämässä ei ole varattuna muuta kuin tuli, jonka piirissä heidän teoillaan ei ole mitään arvoa, ja kaikki, mitä he toimittivat, raukeaa turhaan.</p>
      <p>
      <span>17</span>Heidän kaltaisensa ei ole hän, joka nojautuu Herransa selvään todistukseen ja jolle Hänen todistajansa lukee sitä (Koraania); tämän edellä oli jo Mooseksen Kirja johdatuksena ja armona. Tämän (Mooseksen Kirjan) noudattajat uskovat siihenkin (Koraaniin). Ja heimolle, joka ei siihen usko, on tuli varattu asumukseksi. Älköön Sinulla siis olko mitään epäilyksiä tässä asiassa. Totisesti, tämä on Herrasi ilmoitus, mutta useimmat eivät siihen usko.</p>
      <p>
      <span>18</span>Ja kuka on nurjamielisempi kuin se, joka puhuu valhetta Jumalaa vastaan? Sellaiset viedään Herransa eteen, ja todistajat lausuvat: »He ovat niitä, jotka puhuivat valhetta Herraansa vastaan.» Eikö ole totta, että Jumalan kirous painaa väärämielisiä?</p>
      <p>
      <span>19</span>He pitävät ihmisiä loitolla Jumalan polulta ja yrittävät tehdä sen mutkaiseksi. He ovat juuri niitä, jotka eivät usko tulevaan elämään.</p>
      <p>
      <span>20</span>Nämä ihmiset eivät voi paeta minnekään maan päältä, eivätkä he Jumalan sijaan löydä muita auttajia. Kaksinkertainen on oleva heidän rangaistuksensa, koska eivät he ymmärtäneet kuulla eivätkä nähdä.</p>
      <p>
      <span>21</span>Nämä kuuluvat niihin, jotka ovat sielunsa kadottaneet, ja heidän keksimänsä harhakuvat häviävät heiltä olemattomiin.</p>
      <p>
      <span>22</span>He ovat kiistämättä niitä, jotka kärsivät pahimman häviön tulevassa elämässä.</p>
      <p>
      <span>23</span>Mutta ne, jotka uskovat ja tekevät hyvää sekä pysyvät nöyrinä Herransa edessä, ovat paratiisin perijöitä; siellä he saavat asua.</p>
      <p>
      <span>24</span>Nämä kahdenlaiset ihmiset ovat verrattavissa toisiinsa niinkuin sokeat ja kuurot näkeviin ja kuuleviin. Voivatko nämä olla toistensa tasolla? Ettekö ymmärrä sitä?</p>
      <p>
      <span>25</span>Me lähetimme Nooan hänen kansansa luo, ja hän sanoi: »Minä olen totisesti varoittava teitä selvästi,</p>
      <p>
      <span>26</span>ettette palvelisi ketään muuta kuin Jumalaa. Totisesti, minä pelkään sitä tuomiota, joka tuskan päivänä teille langetetaan.»</p>
      <p>
      <span>27</span>Silloin hänen kansansa uskottomain johtomiehet sanoivat: »Huomaamme, että olet vain meidän kaltaisemme ihminen; huomaamme myös, että sinua seuraavat vain meistä halvimmat, joilla on pintapuolinen arvostelukyky; ja me näemme, ettet ole meitä etevämpi. Itse asiassa me pidämme sinua valehtelijana.»</p>
      <p>
      <span>28</span>Hän sanoi: »Oi kansani, oletteko ottaneet huomioon, että minä saatan nojautua Herraltani tulleisiin selviin todistuksiin? Hän on osoittanut minulle armoaan, mutta se on teidän katseiltanne kätketty. Tulisiko meidän sitten väkisin tyrkyttää teille sitä, kun kerran olette vastahakoisia?</p>
      <p>
      <span>29</span>Oi kansani! En myöskään pyydä sen vuoksi teiltä mitään rikkauksia. Minun palkkani on yksin Jumalan huostassa, enkä aio karkoittaa niitä, jotka uskovat. Totisesti, he saavat kohdata Herransa, mutta minä näen, että te olette tietämätöntä kansaa.</p>
      <p>
      <span>30</span>Oi kansani! Kuka auttaa minua Jumalaa vastaan, jos ajan heidät pois? Ettekö jo ymmärrä?</p>
      <p>
      <span>31</span>Enkä sano teille, että minulla on Jumalan aarteet, en myöskään tiedä näkymättömiä asioita enkä sano olevani enkeli. En liioin sano niistä, jotka teidän silmissänne ovat halveksittavia, ettei Jumala suo heille mitään hyvää. Jumala tietää parhaiten, mitä heillä on sisimmässään; totisesti, jos toisin puhuisin, olisin yksi väärämielisistä.»</p>
      <p>
      <span>32</span>He sanoivat: »Oi Nooa! Olet väitellyt kanssamme etkä väsy kanssamme väittelemään, osoita siis, mitä meille lupaat, jos olet totuudellinen.</p>
      <p>
      <span>33</span>Hän sanoi: »Jumala yksin on sen osoittava, jos tahtoo, ettekä te voi Häntä väistää.</p>
      <p>
      <span>34</span>Eikä minun neuvomiseni teitä hyödytä, vaikkapa miten pyrkisin teitä neuvomaan, jos Jumala tahtoisi eksyttää teidät tieltä. Hän on teidän Herranne, ja hänen luokseen on teidän jälleen palattava.»</p>
      <p>
      <span>35</span>Jos he sanovat: »Hän on tuon keksinyt», niin vastaa: »Jos olen sen itse keksinyt, niin se olkoon minun syntini, mutta minä olen viaton teidän tekemiinne synteihin.»</p>
      <p>
      <span>36</span>Ja Nooalle ilmoitettiin: »Kukaan kansastasi ei ole uskova lukuunottamatta niitä, jotka jo ennestään ovat uskoneet. Älä ole huolissasi heidän teoistaan.</p>
      <p>
      <span>37</span>Rakenna arkki Meidän silmiemme edessä ja Meidän käskystämme, äläkä puhu minulle niistä, jotka väärin tekevät. Totisesti heidät hukutetaan.»</p>
      <p>
      <span>38</span>Ja hän rakensi arkin, ja joka kerran, kun hänen kansansa johtomiehet kulkivat hänen ohitseen, he nauroivat hänelle. Hän sanoi: »Jos nauratte meille, niin totisesti me tulemme vielä nauramaan teille, kuten te nyt teette.</p>
      <p>
      <span>39</span>Silloin tulette tietämään, kenet yllättää häpeällinen rangaistus ja kenelle langetetaan ikuisen tuskan tuomio.»</p>
      <p>
      <span>40</span>Näin oli siihen saakka, kunnes Meidän käskymme annettiin ja tulivuori purkautui, ja Me sanoimme: »Kuljeta arkkiin kaksi jokaista lajia, uros ja naaras, sekä perheesi, paitsi niitä, joista määrättiin jo aikaisemmin, ynnä kaikki uskovaiset.» Ja niitä, jotka uskoivat hänen kanssaan, oli vain jokunen.</p>
      <p>
      <span>41</span>Ja Nooa sanoi: »Astukaa arkkiin, ja Jumalan nimessä se purjehtikoon ja määränpäähänsä pysähtyköön. Totisesti, Herrani on anteeksiantavainen, armollinen.»</p>
      <p>
      <span>42</span>Ja se purjehti heidän kanssaan keskellä vuorenkorkuisia aaltoja, ja Nooa huusi pojalleen, joka oli rannalla: »Oi poikani! Tule meidän mukaamme, äläkä ole niiden kanssa, jotka eivät usko.»</p>
      <p>
      <span>43</span>Hän vastasi: »Lähden turvaan jollekin vuorelle, se suojelee minut vedeltä.» Nooa sanoi: »Tänään ei ole kukaan muu Jumalan käskyltä suojassa kuin se, jolle Hän osoittaa armoaan.» Ja aalto erotti heidät toisistaan, ja hän joutui niiden joukkoon, jotka hukkuivat.</p>
      <p>
      <span>44</span>Ja myöhemmin kuului käsky: »Maa, niele vetesi! Taivas, lakkaa satamasta!» Silloin vesi laskeutui ja käsky oli täytetty. Ja arkki pysähtyi al-Dzuudin kohdalla. Ja sana kuului: »Pois väärämieliset ihmiset!»</p>
      <p>
      <span>45</span>Nooa huusi Herralleen ja sanoi: »Totisesti, poikani kuuluu perheeseeni, ja Sinun lupauksesi on totta, ja Sinä olet tuomareilta oikeamielisin.»</p>
      <p>
      <span>46</span>Hän sanoi: »Oi Nooa! Totisesti, hän on perheesi ulkopuolella; hänen tekonsa ovat pahat; älä siis pyydä Minulta sellaista, mistä sinulla ei ole tietoa. Totisesti, Minä varoitan sinua. ettet joutuisi tietämättömien joukkoon.»</p>
      <p>
      <span>47</span>Nooa sanoi: »Herrani, varjele minua pyytämästä Sinulta sellaista, mistä minulla ei ole mitään tietoa. Ja ellet Sinä anna minulle anteeksi ja osoita minulle armoasi, olen kuuluva kadotettujen joukkoon.»</p>
      <p>
      <span>48</span>Silloin kuului ääni: »Oi Nooa! Lähde rauhassa luotamme, ja siunattuja olkaa sinä ja ne kansat, jotka syntyvät sinun seurassasi olevista. Ja kansoja on tuleva, joille annamme nautintoja, mutta joita sitten on kohtaava Meidän tuskallinen tuomiomme.»</p>
      <p>
      <span>49</span>Tässä on kerrottu muutamista tapahtumista, joita et ole nähnyt, mutta jotka Me sinulle ilmoitamme. Et sinä eikä sinun kansasi niistä ennen tiennyt. Ole siis kärsivällinen! Totisesti, määränpää kuuluu niille, jotka Jumalaa pelkäävät.</p>
      <p>
      <span>50</span>Aadin heimon luokse Me lähetimme heidän veljensä Huudin. Tämä sanoi: »Oi kansani, palvelkaa Jumalaa, teillä ei ole muuta jumaluutta kuin Hän; te elätte harhakuvitelmissanne.</p>
      <p>
      <span>51</span>Oi kansani! En pyydä siitä teiltä mitään palkkaa; minun palkkani on Jumalan asia, joka on minut luonut. Ettekö jo ymmärrä?</p>
      <p>
      <span>52</span>Oi kansani! Pyytäkää anteeksiantoa Herraltanne ja kääntykää sitten Hänen puoleensa. Hän antaa taivaan lähettää teille runsaan sateen ja Hän antaa teille uutta voimaa entisen lisäksi. Älkää enää kääntykö syntiä tekemään.»</p>
      <p>
      <span>53</span>He sanoivat: »Oi Huud! Sinä et ole tuonut meille mitään selviä todistuksia, joten emme aio puheittesi perusteella hylätä jumaliamme emmekä voi sinua uskoa.</p>
      <p>
      <span>54</span>Emme sano muuta kuin että jotkut jumalistamme ovat saaneet sinut pahuuden valtaan.» Hän sanoi: »Totisesti, minä huudan Jumalan todistajakseni, ja todistakaa tekin, että minulla ei ole mitään osuutta siihen, jonka te asetatte Jumalan rinnalle.</p>
      <p>
      <span>55</span>Jättäkää Jumala eroon; saattakaa sitten suunnitelmanne minua vastaan päätökseen viivyttelemättä.</p>
      <p>
      <span>56</span>Totisesti, minä luotan Jumalaan, minun ja teidänkin Herraanne. Ei ole yhtäkään olentoa, johon Hän ei voi tarttua tukasta. Totisesti, minun Herrani kulkee oikeata tietä.</p>
      <p>
      <span>57</span>Ja jos te sitten käännytte pois, minä olen jo joka tapauksessa ilmoittanut teille sen sanoman, jota tuomaan minut luoksenne lähetettiin. Herrani on asettava teidän seuraajaksenne toisen kansan, ja te ette voi vahingoittaa Häntä vähääkään. Totisesti, Herrani valvoo kaikkea.»</p>
      <p>
      <span>58</span>Ja kun Meidän käskymme seurasi, Me armossamme pelastimme Huudin ja ne, jotka hänen laillaan uskoivat; ja Me pelastimme heidät hirvittävästä rangaistuksesta.</p>
      <p>
      <span>59</span>He olivat Aadin heimoa, jotka hylkäsivät Herransa merkit ja olivat tottelemattomia Hänen lähettiläilleen, mutta seurasivat jokaisen totuutta vihaavan itsevaltiaan käskyjä.</p>
      <p>
      <span>60</span>Heitä on kohtaava kirous tässä maailmassa ja ylösnousemuksen päivänä. Eikö ole totta, että Aad ei tahtonut uskoa Herraansa? Hävitköön Aad, Huudin kansa.</p>
      <p>
      <span>61</span>Ja Tamuudin heimon luokse Me lähetimme heidän veljensä Saalihin. Tämä sanoi: »Oi kansani! Palvelkaa Jumalaa; teillä ei ole muita jumaluuksia kuin Hän. Hän loi teidät tästä maasta ja antoi teidän siinä asua. Sentähden pyytäkää anteeksiantamusta Häneltä ja palatkaa sitten Hänen luoksensa. Totisesti, Herrani on lähellä, Hän vastaa teille.»</p>
      <p>
      <span>62</span>He sanoivat: »Oi Saalih, sinä olet ollut keskuudessamme tätä ennenkin. Sinuun panimme toivomme; kiellätkö sinä meitä palvelemasta sitä, mitä isämme palvelivat? Ja me toden teolla epäilemme suuresti sitä, mihin meitä kehoitat.»</p>
      <p>
      <span>63</span>Hän sanoi: »Oi kansani! Oletteko ajatelleet sitä, että jos minä nojaudun Herrani selvään todistukseen ja Hän on suonut minulle omaa armoaan, kuka silloin auttaisi minua Jumalaa vastaan, jos olisin Hänelle tottelematon? Sentähden te vain saatatte minut turmioon.</p>
      <p>
      <span>64</span>Oi kansani, tämä naaraskameli on Jumalan, se on merkkinä teille; antakaa sen käydä Jumalan laitumella älkää tehkö sille mitään vahinkoa, ettei pikainen rangaistus teitä yllättäisi.»</p>
      <p>
      <span>65</span>Mutta he katkaisivat sen polvijänteet; silloin Saalih sanoi: »Nauttikaa elämästä kolme päivää sisällä asunnoissanne. Tämä on lupaus, jota ei ole mahdollista väittää vääräksi.»</p>
      <p>
      <span>66</span>Sitten, kun Meidän käskymme täyttyi, Me armossamme pelastimme Saalihin ja ne, jotka hänen laillaan uskoivat, tuon päivän häpeästä. Totisesti, sinun Herrasi on kaikkivaltias, kaikkivoipa.</p>
      <p>
      <span>67</span>Ja jylisevä melu yllätti ne, jotka olivat väärin tehneet; heistä tuli vainajia, joiden ruumiit viruivat heidän kodeissaan,</p>
      <p>
      <span>68</span>ikäänkuin he eivät olisi milloinkaan siellä eläneet. Eikö ole totta, että Tamuud ei uskonut Herraansa? Hävitköön Tamuud!</p>
      <p>
      <span>69</span>Ja totisesti, Meidän lähettiläämme tulivat Aabrahamin luokse tuoden iloisia uutisia; he tervehtivät: »Rauha!» Hän vastasi: »Rauha!» ja kotvan kuluttua hän tarjosi heille paistettua vasikkaa.</p>
      <p>
      <span>70</span>Mutta kun hän näki, etteivät heidän kätensä ojentuneet sitä kohti, hän oudoksui heitä ja tunsi pelkoa heitä kohtaan. He sanoivat: »Älä pelkää, totisesti, meidät on lähetetty Lootin kansan luokse.»</p>
      <p>
      <span>71</span>Ja Aabrahamin vaimo seisoi myös siinä ja sattui nauramaan; silloin ilmoitimme hänelle iloisen lupauksen Iisakista ja Iisakin pojasta Jaakobista.</p>
      <p>
      <span>72</span>Hän sanoi: »Voi minua, voinko minä synnyttää, vaikka olen näin vanha, ja mieheni tässä on myös iäkäs. Tämä on tosiaankin merkillinen asia.»</p>
      <p>
      <span>73</span>He vastasivat: »Ihmetteletkö sinä Herrasi määräystä? Jumalan armo ja Hänen siunauksensa tulkoot teidän, tämän huonekunnan osaksi. Totisesti, Hän on ylistetty, ylevä.»</p>
      <p>
      <span>74</span>Kun Aabrahamin pelko oli haihtunut ja hän oli saanut kuulla iloisesta sanomasta, hän alkoi kiistellä kanssamme Lootin kansasta.</p>
      <p>
      <span>75</span>Totisesti, Aabraham oli sangen lempeä, sääliväinen ja hurskas.</p>
      <p>
      <span>76</span>»Oi, Aabraham, jätä tämä asia omaan menoonsa, totisesti Herrasi käsky on tullut, ja Lootin kansan on kohtaava tuomio, jota ei voi väistää.»</p>
      <p>
      <span>77</span>Ja kun lähettiläämme menivät Lootin luokse, tämä oli kansansa takia ahdistuksessa ja halusi sydämessään heitä auttaa ja sanoi: »Tämä on tuskan päivä.»</p>
      <p>
      <span>78</span>Ja hänen kansansa ryntäsi hillittömästi hänen luokseen, ja he olivat jo ennestään harjaantuneet ilkitekoihin. Loot sanoi: »Oi, kansani, tässä ovat tyttäreni! He ovat puhtaampia teitä varten, kunnioittakaa siis Jumalaa, älkääkä häväiskö minua vieraitteni edessä. Eikö yhtään siveätä miestä ole joukossanne?»</p>
      <p>
      <span>79</span>He sanoivat: »Sinä tiedät perin hyvin, ettei meillä ole mitään oikeutta tyttäriisi, ja tiedät myös aivan hyvin. mitä me haluamme.»</p>
      <p>
      <span>80</span>Hän sanoi: »Toivon, että minulla olisi voimaa vastustaa teitä tai luja tuki, mihin turvautuisin.»</p>
      <p>
      <span>81</span>Lähettiläät sanoivat: »Oi Loot, me olemme totisesti Herrasi lähettiläitä, vihollisesi eivät ikinä kykene ojentamaan käsiänsä sinua vastaan. Lähde siis matkaan perheinesi, niin kauan kuin vielä on yötä jäljellä, äläkä salli kenenkään seuralaisistasi paitsi vaimosi katsoa taakseen. Totisesti, se mitä tapahtuu heille, on myös tapahtuva hänelle. Aamu on oleva heidän määrähetkensä. Eikö aamu olekin lähellä?»</p>
      <p>
      <span>82</span>Ja kun Meidän määrämme täyttyi, Me käänsimme heidän asuinsijansa ylösalaisin ja annoimme sataa heidän päälleen tulisia kiviä, kerroksen toisensa, päälle;</p>
      <p>
      <span>83</span>ne oli Herrasi tarkasti merkinnyt. Ja tuo paikka ei sijaitse kaukana näistä väärämielisistä ihmisistä.</p>
      <p>
      <span>84</span>Ja Midianin (heimon) luo Me lähetimme heidän veljensä Shuaibin. Hän sanoi: »Oi, kansani! Palvelkaa Jumalaa, teillä ei ole muuta jumaluutta kuin Hän. Älkää antako vajavaista mittaa tai painoa. Minä kyllä näen teidän hyvinvointinne, ja minä totisesti pelkään, että suuren päivän tuomio kohtaa teidät.</p>
      <p>
      <span>85</span>Oi kansani! Antakaa täysi mitta ja punnitkaa rehellisesti. Älkää kavaltako ihmisten omaa älkääkä levittäkö turmelusta maan päällä pahaa tehden.</p>
      <p>
      <span>86</span>Jumalan suoma ansio on parasta teille, jos kuulutte uskovaisiin, ja minä en ole teidän vartijanne.»</p>
      <p>
      <span>87</span>He sanoivat: »Oi, Shuaib! Vaatiiko sinun rukouksesi, että me luopuisimme siitä, mitä isämme palvelivat, tai ettemme menettelisi omaisuutemme suhteen mielemme mukaan? Totisesti olet lempeä, hurskas.»</p>
      <p>
      <span>88</span>Hän lausui: »Oi kansani! Tietäkää, että minä voin nojautua Herrani selvään todistukseen ja Hän on varannut minulle ihanan palkinnon. Minä en halua kilpailla kanssanne sellaisessa, mistä olen teitä kieltänyt. Edistän ainoastaan teidän parastanne niin paljon kuin kykenen. Ja minun menestykseni mitta on yksin Jumalan vallassa. Häneen minä luotan ja Hänen luokseen minä palaan.</p>
      <p>
      <span>89</span>Oi kansani! Älkää antako vastahakoisuutenne minua kohtaan tuottaa teille samanlaisia onnettomuuksia kuin ne, jotka kohtasivat Nooan kansaa tai Huudin kansaa tahi Saalihin kansaa; ja Lootin kansa ei ole kaukana teistä.</p>
      <p>
      <span>90</span>Anokaa siis anteeksiantoa Herraltanne ja kääntykää sitten Hänen puoleensa. Totisesti, minun Herrani on armollinen, lempeä. »</p>
      <p>
      <span>91</span>He sanoivat: »Oi Shuaib! Me emme ymmärrä paljoakaan siitä, mitä puhut, ja me huomaamme sinut heikoksi rinnallamme ja vain heimosi tähden emme ole kivittäneet sinua kuoliaaksi, sillä sinä et mahda mitään meitä vastaan.»</p>
      <p>
      <span>92</span>Hän lausui: »Oi kansani, onko heimoni teidän mielestänne mahtavampi kuin Jumala? Hänet te olette halveksien heittäneet selkänne taakse. Totisesti, minun Herrallani on vallassaan kaikki, mitä te teette.</p>
      <p>
      <span>93</span>Oi kansani, toimikaa edelleen paikoillanne, niin toimin totisesti minäkin. Aikanaan tulette tietämään, kenet kohtaa tuomio, joka saa hänet häpeämään, ja huomaatte myös, kuka on valehtelija. Odottakaa siis; totisesti, teidän rinnallanne odotan minäkin.»</p>
      <p>
      <span>94</span>Ja kun Meidän määrämme täyttyi, me pelastimme armostamme Shuaibin ja hänen kanssaan uskovat. Ja jylisevä melu yllätti ne, jotka olivat väärin tehneet, niin että heidän ruumiinsa paiskautuivat maahan heidän kodeissaan,</p>
      <p>
      <span>95</span>ikäänkuin eivät olisi milloinkaan siellä eläneetkään. Eikö tämä ole totta? »Hävitköön Midianin kansa, kuten kävi myös Tamuudin.»</p>
      <p>
      <span>96</span>Ja totisesti Me lähetimme Mooseksen tunnusmerkkimme ja selvät valtuudet mukanaan</p>
      <p>
      <span>97</span>Faraon ja hänen johtomiestensä luokse; mutta he noudattivat vain Faraon käskyä, mutta Faraon käsky ei ollut oikeamielinen.</p>
      <p>
      <span>98</span>Hän on johtava kansaansa ylösnousemuksen päivänä ja saattava heidät tulen omiksi; ja turmioon käy heidän kulkunsa.</p>
      <p>
      <span>99</span>Ja kirous seuraa heitä tässä elämässä sekä ylösnousemuksen päivänä: paha on oleva se palkka, joka heille maksetaan.</p>
      <p>
      <span>100</span>Nämä ovat kertomuksia kaupungeista, joita olemme sinulle esittänyt, ja jotkut näistä kaupungeista ovat vielä pystyssä ja toiset taas raunioina.</p>
      <p>
      <span>101</span>Me emme tehnyt niille vääryyttä, vaan itse ne tuhosivat itsensä; sillä mitään hyötyä heillä ei ollut jumalista, joita he huusivat avukseen Jumalan sijasta, kun Herrasi käsky heidät saavutti. Nuo jumalat jouduttivat vain heidän turmiotaan.</p>
      <p>
      <span>102</span>Sellainen on Herrasi kuritus, kun Hän tarttuu kaupunkiin, joka on väärämielinen. Totisesti, Hänen kurituksensa on tuskallinen, ankara.</p>
      <p>
      <span>103</span>Tässä on totisesti merkki sille, joka pelkää tulevaista rangaistusta. Tuona päivänä ihmiskunta kootaan yhteen, ja se on todistuksien päivä.</p>
      <p>
      <span>104</span>Me siirrämme sen tulon vain määräajaksi.</p>
      <p>
      <span>105</span>Kun tuo päivä saapuu, silloin ei ainoakaan voi puhua muuten kuin Hänen luvallaan, niin että jotkut heistä kokevat ahdistusta, toiset onnea.</p>
      <p>
      <span>106</span>Onnettomien osana on joutua tuleen, jossa he saavat parkua ja voihkia,</p>
      <p>
      <span>107</span>pysyen siellä niin kauan kuin taivaat ja maa ovat olemassa, ellei Herrasi toisin salli. Totisesti, sinun Herrasi saattaa tehdä kaiken, mitä haluaa.</p>
      <p>
      <span>108</span>Mutta onnellisten osana on oleva puutarha, jossa he saavat viipyä niin kauan kuin taivaat ja maa ovat olemassa, ellei Herrasi toisin suvaitse. Tämä on lahja, jota ei pois oteta.</p>
      <p>
      <span>109</span>Siksi älä ole epätietoinen siitä, mitä nämä ihmiset palvelevat. He palvelevat vain sitä, mitä heidän isänsä palvelivat ennen heitä. Ja Me annamme heille heidän täyden palkkansa, mitään vähentämättä.</p>
      <p>
      <span>110</span>Totisesti, Me annoimme Moosekselle Kirjan, ja sitten he joutuivat sen johdosta kiistaan. Ja ellei Herrasi sana olisi ollut jo aikaisemmin annettu, olisi asia ratkaistu heidän välillään, mutta he epäilivät sitä kuitenkin.</p>
      <p>
      <span>111</span>Sinun Herrasi on todella maksava kaikille täyden palkan heidän teoistaan. Totisesti, Hän tietää, mitä he tekevät.</p>
      <p>
      <span>112</span>Pysy siis lujana, kuten sinua on käsketty, samoin kuin hänkin, joka sinun laillasi on kääntynyt Jumalan puoleen, älkääkä olko nurjamielisiä. Totisesti, Hän näkee, mitä te teette.</p>
      <p>
      <span>113</span>Älkää turvautuko niihin, jotka tekevät väärin, muuten joudutte tulen saaliiksi, ja älköön teillä paitsi Jumalaa olko muita ystäviä, sillä silloin te ette saa apua.</p>
      <p>
      <span>114</span>Ja suorittakaa rukouksenne päivän alkaessa ja sen päättyessä sekä yön ensi hetkinä. Totisesti, hyvät teot poistavat pahat. Tämä on kehoituksena niille, jotka muistavat.</p>
      <p>
      <span>115</span>Pysy lujana. sillä Jumala ei haaskaa niiden palkkaa, jotka hyvää tekevät.</p>
      <p>
      <span>116</span>Miksi ei siis ennen teitä eläneiden sukupolvien keskuudessa ollut ihmisiä, joilla olisi ollut kylliksi viisautta kieltääkseen toisia pahuutta tekemästä maan päällä, lukuunottamatta niitä harvoja heistä, jotka pelastimme; mutta väärämieliset seurasivat varakkaita, ja he olivat syntisiä.</p>
      <p>
      <span>117</span>Eikä ollut Herrasi mielen mukaista tuhota ainoatakaan kaupunkia epäoikeudenmukaisesti, jos sen asukkaat olivat hyviä.</p>
      <p>
      <span>118</span>Ja mikäli Herrasi olisi tahtonut, Hän olisi voinut saattaa koko ihmissuvun yhdeksi ainoaksi yhteisöksi. Mutta he jatkavat kiistelemistään,</p>
      <p>
      <span>119</span>lukuunottomatta niitä, joille Herrasi on armollinen. Ja sitä varten Hän on heidät luonut. Herrasi sana on käynyt toteen: »Totisesti, olen täyttävä helvetin sekä dzinneillä että ihmisillä.»</p>
      <p>
      <span>120</span>Ja kaikki, mitä Me kerromme sinulle lähettiläistä, on tarkoitettu vahvistamaan sinun sydäntäsi; ja tämän (suuran) kautta sinä saat tietää totuuden, ja uskovaisille se on kehoituksena ja muistutuksena.</p>
      <p>
      <span>121</span>Ja sano niille, jotka eivät usko: »Tehkää edelleenkin työtä kukin paikallanne, totisesti, me teemme myös.</p>
      <p>
      <span>122</span>Ja odottakaa; totisesti, mekin odotamme.»</p>
      <p>
      <span>123</span>Ja Jumalalle kuuluvat näkymättömät asiat niin taivaassa kuin maan päällä, ja Hänen tykönsä on kaikki palaava. Palvelkaa siis Häntä ja luottakaa Häneen. Sinun Herrasi ei ole välinpitämätön siitä, mitä teet.</p>
    </div>
  </body>
</html>
