<?xml version="1.0"?>
<html>
  <head>
    <meta http-equiv="Content-Type" content="text/html; charset=utf-8" />
    <title>Joosefin Suura</title>
  </head>
  <body>
    <h1>
    <span>12</span>Joosefin suura</h1>
    <div class="johdanto">
      <h2>JOHDANTO:</h2>
      <p>KAHDESTOISTA SUURA: Joosef (Juusuf) Ilmoitettu Mekassa (111 jaetta )</p>
      <p>Juusuf, saa nimensä aiheestaan, Joosefin elämäkerrasta. Se eroaa kaikista muista suuroista siinä, että siinä on vain yksi aihe. Eroavaisuudet Raamatun kertomuksessa ovat hämmästyttävät. Jaakob on tässä profeetta, jota ei petetä kertomuksella poikansa kuolemasta, vaan joka on onneton, koska hän selvänäköisyytensä keskeytymisen tähden ei voi nähdä mitä Joosefille on tapahtunut. Kertomuksen todellista merkitystä, sen psykologista painoa korostetaan kauttaaltaan, ja kertomistapa, vaikkakin se ihmetyttää länsimaista lukijaa, on eloisa.</p>
      <p>Perimätieto kertoo, että Profeetta luki suuran Mekassa ensimmäisille Jasripistä (Medinasta) tulleille kääntyneille, s.o. toisena vuonna ennen Hedzraa, mutta kuten Nöldeke osoittaa, tästä ei voi päättää, että suura juuri silloin ilmoitettiin, vaan ainoastaan että se oli siihen mennessä ilmoitettu.</p>
      <p>Kuuluu Mekassa ilmoitettujen suurain myöhäisryhmään.</p>
    </div>
    <div class="sura">
      <h2>Aloitan JUMALAN, laupiaan Armahtajan, nimeen.</h2>
      <p>
      <span>1</span>Alif. Laam. Raa. Nämä ovat selvän Kirjan säkeistöjä.</p>
      <p>
      <span>2</span>Olemme totisesti lähettänyt ylhäältä tämän arabialaisen Koraanin, jotta te voisitte ymmärtää.</p>
      <p>
      <span>3</span>Me aiomme kertoa sinulle erään kertomuksista parhaimpia ilmaisten sen sinulle tällä Koraanilla, sillä tätä ennen sinä kuuluit niiden joukkoon, jotka olivat tietämättömiä.</p>
      <p>
      <span>4</span>Kun Joosef lausui isälleen: »Oi isäni, olen totisesti nähnyt yksitoista kiertotähteä sekä auringon ja kuun; olen nähnyt niiden kumartuvan edessäni», niin</p>
      <p>
      <span>5</span>tämä sanoi: »Oi poikani! Älä kerro näkyäsi veljillesi, muuten he ryhtyvät salahankkeisiin sinua vastaan. Saatana on totisesti ihmissuvun ilmeinen vihollinen.</p>
      <p>
      <span>6</span>Tällä tavoin on Herrasi valitseva sinut ja opettava sinulle näiden tapahtumien selityksen, ja Hän on täysin käsin siunaava sinut ja Jaakobin lapset, niinkuin Hän tätä ennen siunasi esi-isäsi Aabrahamin ja Iisakin. Totisesti, sinun Herrasi on tietävä, viisas.»</p>
      <p>
      <span>7</span>Joosefin ja hänen veljiensä kertomuksessa on todella selvät merkit niille, jotka tutkistelevat.</p>
      <p>
      <span>8</span>Niinpä he lausuivat: »Todellakin Joosef veljensä kera on isällemme rakkaampi kuin me, vaikka me kuulumme samaan veljien joukkoon. Totisesti, isämme on ilmeisessä harhassa.</p>
      <p>
      <span>9</span>Surmatkaa Joosef tai karkoittakaa hänet jonnekin vieraaseen maahan, jotta isänne kasvot kokonaan kääntyisivät teidän puoleenne ja teistä saattaisi senjälkeen tulla onnellisia.»</p>
      <p>
      <span>10</span>Muuan heidän joukostaan sanoi: »Alkää surmatko Joosefia, vaan laskekaa hänet jonkun kaivon pohjalle, jolloin jotkut matkamiehet kenties ottavat hänet mukaansa, jos tahdotte hankkeenne toteuttaa.»</p>
      <p>
      <span>11</span>He sanoivat: »Oi isämme, mikä on syynä siihen, ettet usko meidän huostaamme Joosefia? Suommehan totisesti hänelle vain hyvää.</p>
      <p>
      <span>12</span>Lähetä hänet huomenna kanssamme, niin hän voi huvitella ja leikkiä; kyllä me vartioimme häntä visusti.»</p>
      <p>
      <span>13</span>Hän vastasi: »Minua todellakin huolestuttaa lähettää hänet teidän kanssanne, ja pelkään suden syövän hänet, jos ette pidä huolta hänestä.»</p>
      <p>
      <span>14</span>He lausuivat: »Jos susi hänet söisi, vaikka meitä on näin monta, niin me silloin hukassa ensiksi olisimme.»</p>
      <p>
      <span>15</span>Kun he sitten ottivat hänet mukaansa ja sopivat siitä, että laskevat hänet kaivon pohjalle, niin Me ilmoitimme hänelle silloin: »Totisesti, Sinä olet vielä kerran kertova heille tästä heidän teostaan, kun he eivät sinua tunne.»</p>
      <p>
      <span>16</span>Ja illansuussa he palasivat isänsä luo itkien.</p>
      <p>
      <span>17</span>He sanoivat: »Oi isämme! Me juoksimme kilpaa keskenämme ja jätimme Joosefin matkatavaroittemme luokse, ja silloin susi söi hänet; mutta sinä et ota uskoaksesi meitä, vaikka puhumme totta.»</p>
      <p>
      <span>18</span>Ja he toivat hänen paitansa, jonka olivat tahrineet muulla verellä. Jaakob sanoi: »Te olette keskenänne suunnitelleet tämän. Minun on nyt totisesti hillittävä mieleni, ja minä rukoilen Jumalalta apua kestääkseni asian, josta kerrotte.»</p>
      <p>
      <span>19</span>Ja matkue saapui niille tienoin ja lähetti kaivolle vedenkantajan, joka laski sankonsa siihen. Hän huudahti: »Mikä onni! Täällähän on poika.» He ottivat hänet talteen kuin kauppatavaran, mutta Jumala tiesi, mitä he tekivät.</p>
      <p>
      <span>20</span>Ja he möivät hänet halvalla hinnalla, muutamista hopearahoista; sillä hän oli heille rasitukseksi.</p>
      <p>
      <span>21</span>Ja egyptiläinen, joka hänet osti, sanoi vaimolleen: »Pidä hänet vieraan arvossa! Hänestä saattaa olla meille hyötyä, tai ehkäpä otamme hänet omaksi pojaksemme.» Tällä tavoin Me annoimme Joosefille tuossa maassa olinpaikan opettaaksemme hänelle näiden tapahtumien selityksen. Jumala ilmaisee itsensä käskyssään, mutta useimmat ihmiset eivät sitä ymmärrä.</p>
      <p>
      <span>22</span>Ja kun Joosef pääsi miehuutensa täyteen voimaan, Me annoimme hänelle viisauden ja ymmärryksen. Juuri tällä tavoin me palkitsemme ne, jotka hyvää tekevät.</p>
      <p>
      <span>23</span>Ja nainen, jonka talossa Joosef asui, halusi tämän antautuvan hänelle, ja hän sulki ovet ja sanoi: »Tule luokseni, joudu.» Hän vastasi: »Jumala on minun turvani. Totisesti, Herrani on suonut minulle asumuksista parhaan, ja väärämieliset eivät milloinkaan menesty.»</p>
      <p>
      <span>24</span>Ja nainen oli lujasti päättänyt saada Joosefin, ja tämä olisi suostunut häneen, ellei olisi nähnyt Herransa voimaa. Tämä tapahtui siinä tarkoituksessa, että Me olisimme voinut torjua synnin ja riettauden hänen luotaan. Totisesti, hän oli Meidän uskollisia palvelijoitamme.</p>
      <p>
      <span>25</span>Ja he juoksivat kilpaa ovelle. Silloin nainen repi hänen paitansa rikki takaa, ja he tapasivat molemmat hänen aviomiehensä lähellä ovea. Nainen huudahti: »Mikä muu on sellaisen palkka, joka toivoo pahaa vaimollesi, kuin vankila tai tuskallinen rangaistus?»</p>
      <p>
      <span>26</span>Joosef sanoi: »Hän se halusi vietellä minut.» Eräs vaimon huonekuntaan kuuluva todisti: »Jos hänen paitansa on revitty edestä, niin nainen puhuu totta ja mies valehtelee.</p>
      <p>
      <span>27</span>Mutta jos hänen paitansa on revitty takaa, niin nainen valehtelee ja mies puhuu totta.»</p>
      <p>
      <span>28</span>Kun aviomies siis huomasi, että paita oli revitty takaa, hän lausui: »Totisesti, tämä on sinun naisellisia juoniasi. Teidän viekkautenne on suuri.</p>
      <p>
      <span>29</span>Oi Joosef! Älä välitä tästä. Ja sinä, vaimo, pyydä anteeksi syntiäsi! Totisesti, sinä kuulut syntisten joukkoon.»</p>
      <p>
      <span>30</span>Ja kaupungin naiset sanoivat: »Päällikön vaimo haluaa nuoren palvelijansa antautuvan hänelle, hän on mielettömästi rakastunut mieheen. Totisesti, huomaamme hänen selvästi hairahtuneen.»</p>
      <p>
      <span>31</span>Mutta kun vaimo kuuli heidän puheistaan, hän kutsutti heidät luokseen ja valmisti heille aterian, ja hän antoi kullekin veitsen ja sanoi: »Joosef, tule heidän eteensä.» Kun he näkivät hänet, he ylistivät häntä suuresti, haavoittivat käsiään ja huudahtivat: »Pyhä Jumala! Tämä ei ole ihmisolento. Hänhän ei voi olla muu kuin ylevä enkeli.»</p>
      <p>
      <span>32</span>Vaimo lausui: »Juuri hänen tähtensä te soimasitte minua, ja totta on, että minä halusin hänen antautuvan itselleni, mutta hän varjeli itsensä. Mutta jos hän ei tee sitä, mitä minä vaadin, niin totisesti hänet pannaan vankilaan ja hän on kuuluva kunniattomien joukkoon.»</p>
      <p>
      <span>33</span>Joosef sanoi: »Herra, vankila on minulle mieluisampi kuin se, mihin he minua viettelevät, ja ellet Sinä käännä minusta heidän aikeitaan, niin he houkuttelevat minut puoleensa, ja joudun pimitettyjen joukkoon.»</p>
      <p>
      <span>34</span>Senvuoksi Jumala kuuli hänen rukouksensa ja torjui hänestä heidän aikeensa. Totisesti, Hän on kaikkikuuleva, kaikkitietävä.</p>
      <p>
      <span>35</span>Silloin he kaikista merkeistä huolimatta harkitsivat parhaaksi panna hänet joksikin aikaa vankilaan.</p>
      <p>
      <span>36</span>Ja kaksi nuorta miestä joutui vankilaan hänen kanssaan. Toinen heistä sanoi: »Uneksin pusertavani viiniä.» Ja toinen lausui: »Minä uneksin kantavani leipää pääni päällä ja lintujen syövän sitä. Selitä tämä meille; me näemme totisesti, että olet niitä, jotka tekevät hyvää.»</p>
      <p>
      <span>37</span>Joosef vastasi: »Teille kahdelle ei ennätetä tuoda sitä ruokaa, jota ravinnoksenne annetaan, sillä minä olen lopettanut unienne selityksen ennenkuin teille tuodaan ruokaa. Sillä tämän Herrani on minulle opettanut. Minä olen luopunut sellaisten ihmisten opista, jotka eivät usko Jumalaan ja ovat niitä, jotka kieltävät tulevan elämän.</p>
      <p>
      <span>38</span>Minä seuraan isieni Aabrahamin, Iisakin ja Jaakobin uskoa. Meidän ei ole sallittua asettaa ketään Jumalan rinnalle. Tämä on Jumalan armo meille ja koko ihmissuvulle, mutta useimmat eivät ole kiitollisia.</p>
      <p>
      <span>39</span>Vankitoverini! Onko parempi, että on useita eri jumalia vai yksi ainoa Jumala, kaikkivaltias!</p>
      <p>
      <span>40</span>Ne, joita Jumalan ohella palvelette, ovat pelkkiä nimiä, jotka te ja teidän esi-isänne ovat keksineet; Jumala ei ole siihen ylhäältä valtuutta antanut. Tuomio kuuluu Jumalalle yksin. Hän on määrännyt, ettette ketään muuta palvele kuin yksin Häntä. Tämä on oikea usko, mutta useimmat ihmiset eivät sitä käsitä.</p>
      <p>
      <span>41</span>Vankitoverini! Toinen teistä on vielä tarjoava viiniä herransa juotavaksi, mutta toinen hirtetään, ja linnut tulevat syömään hänen päätään. Näin on päätetty asia, jota kyselitte.»</p>
      <p>
      <span>42</span>Ja hän sanoi sille näistä kahdesta, jonka luuli pelastuvan: »Muistuta minusta herrallesi!» Mutta saatana sai hänet unohtamaan herrallensa muistuttamisen; niin Joosef sai jäädä vankilaan useiksi vuosiksi.</p>
      <p>
      <span>43</span>Ja kuningas sanoi: »Näin unta seitsemästä lihavasta lehmästä, ja seitsemästä laihasta, jotka söivät edelliset; ja näin seitsemän vihantaa tähkää ja yhtä monta kuivaa. Oi johtomieheni, selittäkää minulle näkyni, jos pystytte unia tulkitsemaan.»</p>
      <p>
      <span>44</span>He vastasivat: »Nämä ovat sekavia unia, emmekä me pysty selittämään sellaisia.»</p>
      <p>
      <span>45</span>Silloin se, joka oli pelastunut (vankilasta), muisti nyt pitkän ajan kuluttua asian ja sanoi: »Olen ilmoittava teille selityksen, lähettäkää minut matkaan (Joosefin luo).»</p>
      <p>
      <span>46</span>»Joosef! Sinä, joka puhut totuutta! Selitä meille uni seitsemästä lihavasta lehmästä, jotka seitsemän laihaa söi, sekä seitsemästä vihannasta tähkästä ja seitsemästä kuivasta, voidakseni palata heidän luokseen ja he saisivat tietää selityksenä</p>
      <p>
      <span>47</span>Hän vastasi: »Teidän tulee hoitaa viljelyksenne seitsemänä vuonna kuten tavallisesti, mutta minkä korjaatte, jättäkää tähkiin, paitsi pientä osaa, jonka syötte.</p>
      <p>
      <span>48</span>Senjälkeen on tuleva seitsemän hyvin ankaraa vuotta; ne nielevät sen, minkä olitte panneet niiden varalle säästöön, paitsi pientä osaa, joka teidän tulee varata siemeneksi.</p>
      <p>
      <span>49</span>Näiden jälkeen on tuleva vuosi, jolloin ihmiset saavat sadetta ja voivat pusertaa rypäleitä.»</p>
      <p>
      <span>50</span>Ja kuningas lausui: »Tuokaa hänet luokseni!» Mutta kun lähetti tuli hänen tykönsä, hän sanoi: »Palaa takaisin herrasi luo ja kysy häneltä, kuinka on niiden naisten laita, jotka haavoittivat käsiään. Totisesti, Herrani tuntee hyvin heidän aikeensa.»</p>
      <p>
      <span>51</span>Ja kuningas sanoi: »Mitä ajattelitte, kun halusitte Joosefin vietellä?» He vastasivat: »Pyhä Jumala, me emme tiedä hänestä mitään pahaa!» Päämiehen vaimo lausui: »Nyt on totuus tullut ilmi. Minä halusin hänet vietellä, hän kuuluu rehellisiin.</p>
      <p>
      <span>52</span>Sanon tämän siksi, että hän tietäisi, etten minä valehtele hänen poissaollessaan, ja koska Jumala ei anna johdatustaan niille, jotka ovat petollisia.</p>
      <p>
      <span>53</span>Enkä voi sanoa, että sieluni olisi vapaa (synnistä),sillä totisesti sielu on altis pahaan, paitsi milloin Herrani osoittaa armoaan. Totisesti, Herrani on anteeksiantavainen, armollinen.»</p>
      <p>
      <span>54</span>Silloin kuningas sanoi: »Tuokaa Joosef luokseni. Aion ottaa hänet omaan palvelukseeni.» Ja puhuttuaan hänen kanssaan kuningas sanoi: »Sinulla on tästä päivästä valtaa ja luottamusta luonamme.»</p>
      <p>
      <span>55</span>Joosef vastasi: »Määrää valtakunnan aarteet minun hoitooni, minä olen totisesti valpas, viisas.»</p>
      <p>
      <span>56</span>Näin Me annoimme Joosefille maassa aseman, niin että hän saattoi asettua minne halusi. Me osoitamme armoamme kenelle tahdomme, emmekä haaskaa niiden palkkaa, jotka hyvää tekevät.</p>
      <p>
      <span>57</span>Ja totisesti, niiden palkka tulevana päivänä on oleva suurempi, jotka uskovat ja harjoittavat hartautta.</p>
      <p>
      <span>58</span>Ja Joosefin veljet saapuivat hänen luokseen; he astuivat hänen eteensä, jolloin hän tunsi heidät, mutta he eivät tunteneet häntä.</p>
      <p>
      <span>59</span>Ja kun hän oli saanut valmiiksi heidän kuormansa, hän lausui: »Tuokaa luokseni veljenne, joka on isänne luona; ettekö näe, että minä annan täyden mitan ja olen vieraanvarainen isäntä?</p>
      <p>
      <span>60</span>Mutta ellette tuo häntä luokseni, en teille mitään mittaa, älkääkä silloin lähestykö minua.»</p>
      <p>
      <span>61</span>He vastasivat: »Tahdomme kernaasti pyytää hänen isältään häntä mukaamme, teemme totisesti niin.»</p>
      <p>
      <span>62</span>Ja Joosef sanoi palvelijoilleen: »Pankaa heidän rahansa heidän matkatavaroittensa joukkoon, niin että he huomaavat sen, kun he palaavat kotiinsa, jotta he palaisivat takaisin.»</p>
      <p>
      <span>63</span>Kun he sitten tulivat isänsä luokse, he sanoivat: »Oi isämme, meiltä on evätty (enempi) viljanosto; lähetä siksi veljemme meidän mukanamme, jotta meille viljaa mitattaisiin; me vartioimme häntä huolellisesti.»</p>
      <p>
      <span>64</span>Hän vastasi: »Voinko uskoa hänet huostaanne paremmin kuin aikaisemmin teille uskoin hänen veljensä. Mutta Jumala on paras vartija; Hän on laupiaista armollisin.»</p>
      <p>
      <span>65</span>Ja kun he avasivat tavaransa, he huomasivat rahansa heille palautetuiksi. He sanoivat: »Oi isämme, saatammeko toivoa enempää? Tässä ovat palautetut rahamme, nyt hankimme viljaa perheellemme, huolehdimme veljestämme ja saamme yhden kamelin kuorman enemmän. Tämä määrä ei riitä.»</p>
      <p>
      <span>66</span>Isä lausui: »En aio lähettää häntä kanssanne, ennenkuin Jumalan edessä lupaatte tuoda hänet varmasti takaisin minulle, elleivät olosuhteet teitä siitä estä.» Kun he olivat antaneet hänelle vakuutuksensa, hän sanoi: »Jumala pitäköön voimassa sen, mitä sanoimme.»</p>
      <p>
      <span>67</span>Ja hän sanoi vielä: »Oi poikani, älkää menkö kaupunkiin samasta portista, vaan menkää eri porteista; ja minä en voi auttaa teitä vähääkään Jumalaa vastaan. Ratkaisu on yksin Jumalan käsissä. Häneen minä asetan luottamukseni, ja Häneen luottakoot kaikki, jotka toivoen luottavat.»</p>
      <p>
      <span>68</span>Ja kun he menivät sisälle kaupunkiin siten kuin heidän isänsä oli määrännyt, se ei voinut heitä vähääkään auttaa Jumalaa vastaan; mutta täyttyi Jaakobin sydämessä asunut toivomus. Totisesti, hänellä oli tieto, koska Me olimme häntä opettanut, mutta useimmat ihmiset eivät sitä käsitä.</p>
      <p>
      <span>69</span>Ja kun he saapuivat Joosefin eteen, hän otti (nuorimman) veljensä luokseen ja sanoi: »Minä olen todella sinun veljesi, siksi älä murehdi sitä, mitä he ovat tehneet.»</p>
      <p>
      <span>70</span>Ja kun hän antoi valmistaa heidän kuormiaan, eräs (palvelijoista) kätki pikarin hänen veljensä matkatavaroihin. Senjälkeen eräs huutaja huusi: »Hoi, matkamiehet! Te olette varmasti varkaita!»</p>
      <p>
      <span>71</span>He kääntyivät taakseen ja sanoivat: »Mitä teiltä on kadonnut?»</p>
      <p>
      <span>72</span>He sanoivat: »Meiltä on kadonnut kuninkaan hopeapikari, ja ken hankkii sen takaisin, saa palkinnokseen kamelin kuorman; sen minä takaan.»</p>
      <p>
      <span>73</span>He sanoivat: »Jumalan nimessä, te tiedätte varsin hyvin. että me emme ole tulleet tänne pahaa tekemään ja ettemme ole varkaita.»</p>
      <p>
      <span>74</span>Miehet kysyivät: »Minkä korvauksen sitten annatte, jos valehtelette?»</p>
      <p>
      <span>75</span>Veljekset vastasivat: »Kenen kuormasta pikari löydetään, saa itse olla korvauksena. Täten me palkitsemme kelvottomia.»</p>
      <p>
      <span>76</span>Silloin mies alkoi etsiä ensin heidän säkeistään ja sitten nuorimman veljen, ja hän veti sen esiin tämän säkistä. Tällä tavoin Me annoimme Joosefin turvautua juoneen; Hän ei olisi voinut pidättää veljeään kuninkaan lain nojalla, ellei Jumala olisi niin tahtonut. Me kohotamme arvossa kenet tahdomme. Ja kaikkien tietävien yläpuolella on Kaikkitietävä.</p>
      <p>
      <span>77</span>He sanoivat: »Jos hän varastaa, niin totisesti on hänen veljensä varastanut jo ennen häntä.» Silloin Joosef kätki oikean asianlaidan sydämeensä, eikä ilmaissut sitä heille. Hän sanoi itsekseen: »Te olette itse sitäkin pahempia, mutta Jumala tuntee parhaiten teidän syytöksenne.»</p>
      <p>
      <span>78</span>Veljet sanoivat: »Oi herra, hänellä on vanha isä, hyvin iäkäs. Ota siis joku meistä tämän asemesta, sillä totisesti me havaitsemme, että olet hyvä ihminen.»</p>
      <p>
      <span>79</span>Hän vastasi: »Jumala varjelkoon meitä pidättämästä ketään muuta kuin sen, jonka hallusta löysimme tavaramme. Jos tekisimme niin, olisimme totisesti väärämielisiä.»</p>
      <p>
      <span>80</span>Menetettyään toivon veljensä pelastamisesta he vetäytyivät syrjään neuvottelemaan keskenänsä. Vanhin heistä lausui: »Ettekö muista, että isänne otti teiltä Jumalan edessä lupauksen ja että jo aikaisemmin rikoitte Joosefin suhteen? En ikinä aio lähteä täältä ennen kuin isäni niin käskee tai Jumala tuomitsee asian hyväkseni, sillä Hän on paras tuomari.</p>
      <p>
      <span>81</span>Palatkaa te isänne luo ja sanokaa: »Isä, totisesti poikasi on tehnyt varkauden, ja me emme todistaneet muuta kuin minkä tiesimme emmekä voineet vartioida näkymättömiä asioita.</p>
      <p>
      <span>82</span>Kysy kaupungista, jossa olimme, tai matkueelta, jonka mukana tulimme. Luota siihen, että me puhumme täyttä totta.»</p>
      <p>
      <span>83</span>Hän (isä) vastasi: »Ei, te olette itse keksineet tämän jutun. Minun on kestettävä tämä kärsivällisesti, Ehkä Jumala palauttaa heidät kaikki yhdessä. Totisesti, Hän on kaikkitietävä, kaikista viisain.»</p>
      <p>
      <span>84</span>Ja hän kääntyi heistä pois ja sanoi: »Voi, miten surenkaan Joosefia!» Ja hänen silmänsä olivat tulvillaan kyyneleitä sen murheen vuoksi, jonka hän tukahdutti.</p>
      <p>
      <span>85</span>He sanoivat: »Jumalan nimessä! Sinä et herkeä muistelemasta Joosefia, ennen kuin kokonaan menehdyt tai kuolet.»</p>
      <p>
      <span>86</span>Hän vastasi: »Minä ilmaisen vain Jumalalle suuren suruni ja tuskani, ja Häneltä saan tietää sellaista, mitä te ette tiedä.</p>
      <p>
      <span>87</span>Poikani, lähtekää etsimään Joosefia ja hänen veljeään, älkääkä epäilkö Jumalan armoa. Totisesti, eivät ketkään muut kuin uskottomat menetä luottamustaan Jumalan armoon.»</p>
      <p>
      <span>88</span>Palattuaan tämän jälkeen Joosefin luokse he sanoivat: »Armollinen herra, onnettomuus on kohdannut meitä ja kansaamme, ja meillä on mukanamme vain hieman varoja. Mutta anna meille kuitenkin täysi mitta, ole meille armelias, sillä totisesti Jumala on palkitseva armeliaita.»</p>
      <p>
      <span>89</span>Hän vastasi: »Tiedättekö, mitä teitte Joosefille ja hänen veljelleen, kun olitte ymmärtämättömiä?»</p>
      <p>
      <span>90</span>He sanoivat: »Oletko sinä todella Joosef?» Hän vastasi. »Minä olen Joosef, ja tämä on veljeni. Jumala on ollut meitä kohtaan hyvä. Totisesti, Jumala ei tee tyhjäksi niiden palkintoa, jotka hyvää tekevät, kuten ei niidenkään, jotka hartautta harjoittavat ja ovat kärsivällisiä</p>
      <p>
      <span>91</span>He sanoivat: »Jumalan nimessä, Hän on nostanut sinut meidän yläpuolellemme, ja me olemme olleet totisesti syntisiä.»</p>
      <p>
      <span>92</span>Hän vastasi: »Älköön teitä soimattako tänä päivänä. Jumala on antava teille anteeksi, sillä Hän on laupiaista armollisin.</p>
      <p>
      <span>93</span>Ottakaa tämä paitani ja asettakaa se isäni kasvoille, niin hän on saava näkönsä takaisin. Ja tuokaa koko perheenne minun luokseni.»</p>
      <p>
      <span>94</span>Kun matkue (vasta) lähti, heidän isänsä (kotona) lausui: »Totisesti, minä olen tuntevinani Joosefin tuoksun, mutta te ehkä sanotte, että minä olen järjiltäni.»</p>
      <p>
      <span>95</span>He (kotiväki) vastasivat: »Jumalan nimessä, sinä olet totisesti yhä vanhan luulosi vallassa.»</p>
      <p>
      <span>96</span>Kun sitten ilosanoman tuoja saapui ja asetti paidan Jaakobin kasvoille, hän sai näkönsä takaisin. Hän lausui: »Enkö teille sanonut, että sain Jumalalta tietää sellaista, mitä te ette tienneet?»</p>
      <p>
      <span>97</span>He sanoivat: »Oi isämme, ano anteeksi syntejämme, sillä me olemme totisesti syntisiä.»</p>
      <p>
      <span>98</span>Hän vastasi: »Minä olen aikanani anova teille anteeksiantoa Herraltani. Totisesti, Hän on kaikille anteeksiantavainen, armollinen.»</p>
      <p>
      <span>99</span>Kun he sitten saapuivat Joosefin eteen, tämä otti vanhempansa luokseen ja sanoi: »Asettukaa Egyptiin täydessä turvassa, Jumalan tahdon mukaan.»</p>
      <p>
      <span>100</span>Ja hän asetti vanhempansa valtaistuimelle, mutta he kumartuivat maahan hänen edessään. Hän lausui: »Oi isäni! Tämä on selitys vanhaan uneeni, Jumala on antanut sen käydä toteen. Hän teki hyvin minua kohtaan, kun Hän vapautti minut vankilasta ja toi teidät erämaasta tänne, senjälkeen kuin saatana oli nostanut riidan minun ja veljieni välille. Totisesti, Herrani tietää tarkoin, mitä hän tahtoo. Hän on totisesti kaikkitietävä, viisain kaikista.</p>
      <p>
      <span>101</span>Herra! Sinä olet jo antanut minulle valtaa ja opettanut minua selittämään tapaukset. Taivaitten ja maan Luoja! Sinä olet auttajana tässä maailmassa ja tulevassa. Salli minun kuolla oikeauskoisena (muslimina) ja liitä minut hyvien joukkoon!»</p>
      <p>
      <span>102</span>Tämä on muuan sinulle tuntemattomista kertomuksista, joita olemme sinulle esittänyt, sillä sinä et ollut heidän lähellään, kun he suunnittelivat tekojaan ja punoivat juoniaan.</p>
      <p>
      <span>103</span>Mutta useimmat ihmiset eivät usko sinun tahdostasi huolimatta.</p>
      <p>
      <span>104</span>Et sinä liioin pyydä heiltä palkkaa sentähden. Tämä on vain kehoitus kaikille maailman ihmisille.</p>
      <p>
      <span>105</span>Kuinka monta merkkiä onkaan taivaassa ja maan päällä, joiden ohi he kulkevat niistä piittaamatta!</p>
      <p>
      <span>106</span>Ja useimmat heistä eivät usko yhteen Jumalaan, vaan asettavat muita jumalia Hänen vertaisikseen.</p>
      <p>
      <span>107</span>Ovatko he turvassa Jumalan kaikkia kohtaavalta tuomiolta tahi viimeisen hetken äkilliseltä saapumiselta silloin, kun he eivät sitä aavista?</p>
      <p>
      <span>108</span>Sano (oi Muhammed): »Tämä on minun tieni, minä kutsun teitä Jumalan luo, sillä minulla on johdatus, kuten niilläkin, jotka minua seuraavat. Kunnia olkoon Jumalalle. Minä en ole kuuluva pakanoitten joukkoon.»</p>
      <p>
      <span>109</span>Ennen sinua Me lähetimme ainoastaan kaupunkien asukkaitten keskuudesta miehiä, joille ilmoitimme käskymme. Eivätkö he ole kiertäneet maailmaa ja nähneet, millaisen lopun saivat ne, jotka ennen heitä elivät? Niiden tuleva koti on parempi, jotka hartautta harjoittavat. Ettekö jo ymmärrä?</p>
      <p>
      <span>110</span>Kun lähettiläämme joutuivat epätoivoon ja kansa alkoi luulla, että heille oli puhuttu valheita, silloin Me tulimme heidän avukseen. Niin Me pelastimme kenet halusimme, eikä Meidän rangaistustamme voida torjua saavuttamasta syntisiä ihmisiä.</p>
      <p>
      <span>111</span>Totisesti, näissä kertomuksissa on opetus ymmärtäväisille ihmisille. Tämä ei ole sepitetty satu, vaan vahvistus ennen tapahtuneelle, selitys kaikkeen sekä johdatus ja armonosoitus niille, jotka uskovat.</p>
    </div>
  </body>
</html>
