<?xml version="1.0"?>
<html>
  <head>
    <meta http-equiv="Content-Type" content="text/html; charset=utf-8" />
    <title>Ukonilman Suura</title>
  </head>
  <body>
    <h1>
    <span>13</span>Ukonilman suura</h1>
    <div class="johdanto">
      <h2>JOHDANTO:</h2>
      <p>KOLMASTOISTA SUURA: Ukonilma (Ar-Raad) Ilmoitettu Medinassa (43 jaetta)</p>
      <p>Nimi Ar-Raad, »Ukonilma» , johtuu jakeessa 13 olevasta sanasta. Suura puhuu Jumalallisesta johdatuksesta ja sen suhteesta syyn ja seurauksen lakiin. Tässä, kuten muuallakin Koraanissa, selitetään, että Jumalalle eivät ihmiset sinänsä ole lempilapsia tai inhottavia, vaan että palkinto ja rangaistus riippuvat Jumalallisten luonnonlakien noudattamisesta tai rikkomisesta. Eräiden vanhojen selittäjien mukaan tämä suura on ilmoitettu Mekassa, kahta Medinassa ilmoitettua jaetta lukuunottamatta; toisten mukaan on vain kaksi jaetta ilmoitettu Mekassa, muu kaikki Medinassa. Tällainen mielipiteiden vastakkaisuus puhuu Mekan puolesta, sillä suurasta, joka olisi Medinassa ilmoitettu, ei voisi olla mitään epäilystä, siksi paljon olisi siellä ollut todistajia. Olettamuksen, että suura on Medinasta lähtöisin, saattoi aiheuttaa se, että kuulijoista ovat tuntuneet tutuilta eräät jakeet, jotka on ilmoitettu jossakin tietyssä tilaisuudessa Medinassa.</p>
      <p>Suura on siis mekkalainen valtavalta osaltaan.</p>
    </div>
    <div class="sura">
      <h2>Aloitan JUMALAN, laupiaan Armahtajan, nimeen.</h2>
      <p>
      <span>1</span>Alif. Laam. Miim. Raa. Nämä ovat (Pyhän) Kirjan säkeistöjä. Ja minkä Herra on sinulle lähettänyt, se on totta. Mutta useimmat eivät usko.</p>
      <p>
      <span>2</span>Jumala on taivaat korkealle rakentanut ilman näkyviä pylväitä. Sitten Hän nousi valtaistuimelleen. Hän alisti auringon ja kuun noudattamaan lakejansa, niin että kumpikin kulkee määrättyä rataansa. Hän suunnittelee käskynsä ja Hän selittää merkit, jotta tulisitte vakuutetuiksi Herranne tulemisesta.</p>
      <p>
      <span>3</span>Ja juuri Hän on levittänyt maan avaraksi ja sijoittanut siihen vuoria ja jokia. Ja kaikkia hedelmiä Hän on maan päälle luonut, parittain kumpaakin sukupuolta. Hän antaa yön peittää päivän. Totisesti, nämä ovat merkkejä niille, jotka ajattelevat.</p>
      <p>
      <span>4</span>Ja maan päällä on laajoja alueita, jotka liittyvät toinen toiseensa, viinitarhoja, viljapeltoja ja paimupuita sekä yhteen että erilleen kasvanein juurin, ja kaikkia niitä kastelee sama vesi. Ja me erotamme niistä toisia hyvän makunsa vuoksi syötäviksi. Totisesti, nämä ovat merkkejä niille, joilla on ymmärrystä.</p>
      <p>
      <span>5</span>Jos mikään saa sinut ihmetyksen valtaan, niin ihmeellistä on se, että he lausuvat: »Tosiaankin! Luodaanko meidät uudelleen tultuamme tomuksi?» Nämä ovat niitä ihmisiä, jotka eivät usko Jumalaan ja joilla on kahleet kaulassa. He ovat tulen omia, siihen he saavat jäädä.</p>
      <p>
      <span>6</span>Ja he pyytävät sinua edistämään pahaa hyvän kustannuksella, vaikka heillä on silmäinsä edessä esimerkkejä menneiltä ajoilta. Totisesti, Herrasi on armon Herra ihmisiä kohtaan huolimatta heidän rikkomuksistaan, ja totisesti Herrasi on ankara rangaistuksessaan.</p>
      <p>
      <span>7</span>Ja uskottomat kysyvät: »Miksi hänen Herransa ei ole lähettänyt hänelle merkkiä?» Totisesti, sinä olet vain varoittaja, ja jokaisella kansalla on johtajansa.</p>
      <p>
      <span>8</span>Jumala tietää, mitä jokainen nainen kantaa ja kuinka kohdut kutistuvat ja laajenevat. Ja kaikki asiat saavat Hänessä oikean mittansa.</p>
      <p>
      <span>9</span>Hän on niin hyvin näkymättömän kuin näkyväisenkin tuntija, kaikkein suurin, kaikkein korkein.</p>
      <p>
      <span>10</span>Yhdenarvoisia ovat hänen edessään ne, jotka salassa puhuvat, ja ne, jotka suorittavat sen julkisesti, ne, jotka kätkeytyvät öisin, ja ne, jotka kulkevat ulkosalla päivisin.</p>
      <p>
      <span>11</span>Jokaisen edellä ja jäljessä käy suojelijoita, jotka vartioivat häntä Jumalan käskystä. Totisesti, Jumala ei muuta ihmisten kohtaloa, elleivät he itse muuta sitä, mitä heidän sydämissään on; ja kun Jumala haluaa pahaa jollekin kansalle, niin ei sitä voida pois torjua, eikä kukaan muu kuin Hän voi heitä auttaa.</p>
      <p>
      <span>12</span>Juuri Hän synnyttää salaman: pelon ja toivon lähteeksi teitä varten, ja Hän muodostaa raskaat pilvet.</p>
      <p>
      <span>13</span>Ukkonen julistaa Hänen ylistystänsä, niin myös enkelit, Häntä kunnioittaen. Ja hän singahduttaa salamat keneen tahtoo; ja kuitenkin he kiistelevät Jumalasta, mutta Hän on väkevä voimassaan.</p>
      <p>
      <span>14</span>Hänelle osoitettakoon totinen rukous; ja ne, joita he huutavat avukseen Jumalan sijasta, eivät kykene heille vastaamaan millään tavoin, vaan heidän laitansa on kuten sen, joka ojentaa molemmat kätensä vettä kohti, jotta se tulisi hänen suuhunsa, mutta se ei tule. Uskottomien avunhuuto on pelkkää harhaa.</p>
      <p>
      <span>15</span>Jumalan edessä kumartuu maahan kaikki, mitä ikinä on taivaassa ja maan päällä, tahtoen tai tahtomattaan, samoin kuin tekevät varjotkin sekä aamulla että illalla.</p>
      <p>
      <span>16</span>Sano: »Kuka on taivaitten ja maan Herra?» Sano: »Se on Jumala.» Sano: »Oletteko sitten Hänen rinnalleen ottaneet itsellenne auttajia, jotka eivät edes itseään hallitse eivätkä voi aikaansaada hyvää eivätkä pahaa?» Sano: »Ovatko sokea ja näkevä toistensa vertaisia? Tai ovatko pimeyden varjot ja valo toistensa kaltaisia? Tahi ovatko he asettaneet Jumalan rinnalle kilpailijoita, jotka ovat luoneet samoin kuin Jumalakin, niin että Jumalan luomistyö on heidän silmissään käynyt epävarmaksi?» Sano: »Jumala on kaiken Luoja, ja Hän on ainoa, kaikkivaltias.»</p>
      <p>
      <span>17</span>Hän lähettää sateen taivaasta maahan, niin että veden paljous virtaa laaksoissa, kussakin sen laajuuden mukaan, ja tulva kuljettaa mukanaan kuohuvaa vaahtoa. Samanlaista kuonavaahtoa syntyy myös siitä, mitä he sulattavat tulessa valmistaakseen koristeita ja muita esineitä. Täten Jumala vertailee totuutta ja valhetta: senvuoksi vaahto heitetään pois roskajätteenä, mutta jäljelle jää se, mitä ihmiset voivat hyödykseen käyttää. Näin Jumala vertailee asioiden kelvollisuutta.</p>
      <p>
      <span>18</span>Niille, jotka vastaavat Herransa kutsuun, on varattuna hyvä osa. Ja jos niillä, jotka eivät vastanneet Hänelle, olisi kaikki, mitä maan päällä on, sekä saman verran lisää, niin he totisesti uhraisivat sen lunastaakseen sillä itsensä. Näitä ihmisiä varten on ankara tilinteko, ja heidän asuinsijansa on oleva helvetti, tuskallinen paikka, jonne he jäävät.</p>
      <p>
      <span>19</span>Onko se sokean kaltainen, joka tietää todeksi, mitä sinulle maan päälle Herrasi on lähettänyt. Ainoastaan ne, joilla on ymmärrystä, ottavat vaarin;</p>
      <p>
      <span>20</span>ne, jotka täyttävät Jumalan kanssa tehdyn sopimuksen eivätkä riko sitoumuksiaan;</p>
      <p>
      <span>21</span>ja ne, jotka yhdistävät, minkä Jumala on yhdistämään käskenyt, ja pelkäävät Herraansa ja välttävät ankaraa tilintekoa;</p>
      <p>
      <span>22</span>ja ne, jotka kestävät lujina tavoitellessaan Herransa läheisyyttä, hartaasti rukoilevat ja antavat almuja Meidän heille suomistamme varoista sekä salassa että julkisesti ja torjuvat pahan hyvällä. Nämä ovat niitä, joita varten on lopullinen koti:</p>
      <p>
      <span>23</span>He saavat astua autuuden puutarhoihin, ja samoin ne heidän vanhemmistaan, puolisoistaan ja jälkeläisistään, jotka ovat hurskaita. Ja enkelit käyvät sisään heidän luokseen kaikista ovista.</p>
      <p>
      <span>24</span>»Rauha olkoon teille, koska kestitte lujina. Miten ihana onkaan lopullinen koti!»</p>
      <p>
      <span>25</span>Mutta niitä, jotka rikkovat sopimuksensa Jumalan kanssa, ensin siihen sitouduttuaan, ja erottavat, minkä Jumala on määrännyt yhdistettäväksi, ja tekevät pahaa maan päällä, heitä kohtaa kirous ja heille on varattu tuskien koti.</p>
      <p>
      <span>26</span>Jumala antaa runsaan palkan kenelle tahtoo ja mittaa sen yli reunain. He iloitsevat tämän maailman elämästä; mutta tämän maailman elämä on ainoastaan hetken nautintoa verrattuna tulevaan.</p>
      <p>
      <span>27</span>Ja uskottomat sanovat: »Miksi hänelle ei ole hänen Herransa lähettänyt tunnusmerkkiä?» Vastaa: »Jumala antaa joutua kadotukseen kenen haluaa, ja Hän ohjaa luoksensa sen, joka on siihen taipuvainen.»</p>
      <p>
      <span>28</span>On niitä, jotka uskovat ja joiden sydämet löytävät rauhan heidän muistaessaan Jumalaa. Eikö ole totta, että sydämet löytävät rauhan Jumalassa?</p>
      <p>
      <span>29</span>Onnellinen on niiden olotila, jotka uskovat ja tekevät hyvää, ja he saavat palata ihanille asuinsijoille.</p>
      <p>
      <span>30</span>Täten Me olemme lähettänyt sinut kansan luokse, jota ennen jo moni kansa on elänyt aikansa, esittämään sille sen, mitä Me olemme sinulle ilmoittanut, mutta he eivät usko Armahtajaan. Sano: »Hän on Herrani! Ei ole muuta Jumalaa kuin Hän. Häneen minä asetan luottamukseni, ja Hänen luokseen minä palaan.»</p>
      <p>
      <span>31</span>Ja jos olisi ollut Koraani, jonka voimalla vuoria olisi siirretty tai maa olisi leikattu kappaleiksi tai kuollut saatu puhumaan, niin olisimme kyllä lähettänyt sen maan päälle. Totuus on se, että kaikki käskyvalta kuuluu täydellisesti Jumalalle. Eivätkö uskovaiset tiedä, että jos Jumala olisi niin tahtonut, Hän olisi totisesti johdattanut koko ihmissuvun? Ja ne, jotka ovat valinneet epäuskon, saavat jatkuvasti salamaniskuja päähänsä tekojensa vuoksi, tai salama on iskevä heidän kotiensa läheisyyteen, kunnes Jumalan lupaus käy toteen. Totisesti, Jumala ei ole rikkova lupaustaan.</p>
      <p>
      <span>32</span>Toden totta, sinun edelläsi käyneitä lähettiläitä pilkattiin, Minä annoin uskottomille armonaikaa, jonka jälkeen tartuin heihin. Mikä oli silloin tuloksena?</p>
      <p>
      <span>33</span>Hän valvoo jokaista sielua, joka saa palkan tekojensa mukaan. Ja kuitenkin he asettavat kilpailijoita Jumalan rinnalle. Sano: »Mainitkaa niiden ominaisuudet! Vai osaatteko kertoa Hänelle sellaista, mitä Hän ei tiedä tämän maan päällä olevankaan? Vai onko se pelkkiä sanoja uskottelun vuoksi?» »Ei, uskottomista näyttävät heidän kuvittelunsa kauniilta, ja heidät on suljettu pois oikealta tieltä. Ja sillä, kenen Jumala antaa eksyä kadotukseen, ei ole ketään opasta.</p>
      <p>
      <span>34</span>Heillä on tuska jo tässä maailmassa, ja tuleva tuomio on totisesti vielä tuskallisempi; eikä heillä Jumalaa vastaan ole ketään pelastajaa.</p>
      <p>
      <span>35</span>Tämänkaltainen on puutarha, joka on luvattu niille, jotka hartautta harjoittavat: sitä huuhtelevat purot, sen hedelmät ovat ikuisia, kuten sen viihtyisä varjokin. Tämä on niiden määränpää, jotka hartautta harjoittavat, mutta uskottomien loppuna on oleva tuli.</p>
      <p>
      <span>36</span>Ja ne, joille on annettu Kirja, ovat iloisia siitä, mitä sinulle on lähetetty, mutta jotkut heimot kieltävät osan siitä. Sano: »Minut on vain määrätty palvelemaan Jumalaa eikä asettamaan ketään Hänen rinnalleen. Häntä minä huudan avukseni, ja Hänen luoksensa minä olen palaava.»</p>
      <p>
      <span>37</span>Näin Me olemme lähettänyt sen maan päälle ohjeeksi arabiankielellä. Mutta jos aiot seurata heidän himojaan kaikesta siitä tiedosta huolimatta, mikä osaksesi on tullut, niin Jumalaa vastaan sinulla ei ole oleva ainoatakaan ystävää eikä pelastajaa.</p>
      <p>
      <span>38</span>Totisesti, me olemme lähettänyt lähettiläitä jo ennen sinua, ja Me annoimme heille vaimoja ja lapsia. Mutta lähettilään asia ei ole näytellä tunnusmerkkejä, paitsi Jumalan luvalla. Jokaista tehtävää varten on määräys.</p>
      <p>
      <span>39</span>Jumala pyyhkii pois tahi vahvistaa minkä haluaa, ja Hänellä on alkuperäinen (Jumalan tiedon) Kirja.</p>
      <p>
      <span>40</span>Ja joko me näytämme sinulle jotakin siitä, minkä olemme heille varannut, tai annamme sinulle täyden palkkasi, joka tapauksessa sinun tehtäväsi on julistaa sanomaa, ja Meidän asiamme on vaatia tilinteko.</p>
      <p>
      <span>41</span>Eivätkö he ajattele, että Me lähestymme tätä maata ja teemme sen rajoja ahtaammiksi. Kun Jumala tuomitsee, niin Hänen tuomiotaan ei voida torjua. Hän on nopea tilinteossaan.</p>
      <p>
      <span>42</span>Totisesti, heidän edeltäjänsä tekivät suunnitelmiaan, mutta suunnitelmat kokonaisuudessaan kuuluvat Jumalalle. Hän tietää, mitä kukin sielu tekee, ja uskottomat saavat pian huomata, kenelle kuuluu lopullinen koti.</p>
      <p>
      <span>43</span>Ja jos uskottomat sanovat: »Sinua ei ole lähetetty», niin vastaa: »Jumala olkoon todistajana minun ja teidän välillänne, ja olkoon jokainen, joka tuntee Kirjan.»</p>
    </div>
  </body>
</html>
