<?xml version="1.0"?>
<html>
  <head>
    <meta http-equiv="Content-Type" content="text/html; charset=utf-8" />
    <title>Aabrahamin Suura</title>
  </head>
  <body>
    <h1>
    <span>14</span>Aabrahamin suura</h1>
    <div class="johdanto">
      <h2>JOHDANTO:</h2>
      <p>NELJÄSTOISTA SUURA: Aabraham (Ibrahim) Ilmoitettu Mekassa (52 jaetta</p>
      <p>Ibrahim, saa nimensä Aabrahamista ja hänen rukouksestaan (jakeet 35-41), kun hän oli auttamassa poikaansa Ismaelia, arabialaisten esi-isää, asettumaan Mekan »viljelemättömään laaksoon». Muuten tämän suuran sisältö on sama kuin muidenkin Mekassa Hedzraa edeltäneinä kolmena viimeisenä vuonna ilmoitettujen suurain. Viittaus epäjumalainpalvojain juoneen jakeessa 46 panee uskomaan, että tämä suura kuuluu aivan viimeisiin Mekassa ilmoitettuihin.</p>
      <p>Suura on Mekan kauden lopulta, paitsi Medinassa ilmoitetut jakeet 28-30.</p>
    </div>
    <div class="sura">
      <h2>Aloitan JUMALAN, laupiaan Armahtajan, nimeen.</h2>
      <p>
      <span>1</span>Aliif, Laam, Raa. Tämä on Kirja, jonka Me olemme sinulle lähettänyt, jotta voisit johtaa ihmissuvun Herran luvalla pimeydestä vaikeuteen, kaikkivaltiaan, ylistetyn tielle.</p>
      <p>
      <span>2</span>Yksin Jumalalle kuuluu kaikki, mikä on taivaassa, ja kaikki, mikä on maan päällä. Voi uskottomia, sillä heitä kohtaa ankara tuska.</p>
      <p>
      <span>3</span>He pitävät parempana tämän maailman elämää kuin tulevaa, estävät toisia kulkemasta Jumalan tietä ja koettavat tehdä sen mutkaiseksi. He ovat kauaksi harhaantuneet.</p>
      <p>
      <span>4</span>Me emme lähetä ainoatakaan lähettilästä, joka ei puhuisi kansansa kieltä voidakseen asiat selvittää. Jumala antaa kenen haluaa joutua kadotukseen, ja Hän antaa johdatuksensa kenelle tahtoo. Hän on kaikkivaltias, kaikkiviisas.</p>
      <p>
      <span>5</span>Ja totisesti Me lähetimme Mooseksen mukanaan Meidän merkkimme ja sanoimme hänelle: »Johdata kansasi pimeydestä vaikeuteen ja muistuta heitä Jumalan päivistä.» Totisesti, tässä on merkit jokaiselle, jolla on runsaasti kestävyyttä ja kiitollisuutta.</p>
      <p>
      <span>6</span>Ja Mooses lausuikin kansalleen: »Muistakaa, miten Jumala siunasi teitä, kun Hän pelasti teidät Faraon kansan keskuudesta, joka oli saattanut teidät mitä suurimpiin kärsimyksiin; he surmasivat poikanne ja antoivat naistenne elää!» Tällä tavoin Herranne kuritti teitä ankarasti.</p>
      <p>
      <span>7</span>Ja Herranne julisti teille: »Totisesti, jos olette kiitollisia, niin annan teille lisää, mutta jos olette uskottomia, niin Minun tuomioni on oleva mitä ankarin.»</p>
      <p>
      <span>8</span>Ja Mooses lausui: »Jos te olisittekin uskottomia - te ja kaikki, jotka maan päällä asuvat - niin Jumala on totisesti riippumaton, ylistetty.»</p>
      <p>
      <span>9</span>Eikö teille ole kerrottu ennen teitä eläneistä - Nooan ja Aadin ja Tamuudin kansoista, ja heidän jälkeensä eläneistä? Vain Jumala yksin heidät tuntee. Heidän lähettiläänsä tulivat heidän luokseen selvin tunnusmerkein, mutta he sulkivat käsillään heidän suunsa ja sanoivat: »Totisesti, me emme usko siihen, mitä tuomaan teidät on lähetetty, ja epäilemme sitä, mihin meitä kutsutte hämmentääksenne meitä.»</p>
      <p>
      <span>10</span>Heidän sananjulistajansa lausuivat: »Epäilettekö Jumalaa, taivaitten ja maan Luojaa. Hän kutsuu teitä antaakseen teille syntinne anteeksi, ja Hän odottaa teitä määrättyyn hetkeen saakka.» He vastasivat: »Te olette vain ihmisolentoja kuten mekin. Te haluatte kääntää meidät siitä, mitä isämme palvelivat; tuokaa siksi meille selvä todistus.»</p>
      <p>
      <span>11</span>Heidän lähettiläänsä vastasivat heille: »Me olemme vain samanlaisia ihmisolentoja kuin tekin, mutta Jumala on hyvä niille palvelijoillensa, joille tahtoo olla. Me emme saata hankkia itsellemme arvovaltaa muutoin kuin Jumalan luvalla; ja Jumalaan uskovaiset luottakoot.</p>
      <p>
      <span>12</span>Ja mitä syytä meillä olisi olla luottamatta Jumalaan, joka on johtanut meitä teillämme; ja totisesti me pysymme lujina siitä pahasta huolimatta, mitä te meille tuotatte. Jumalaan luottakoot ne, jotka keneenkään luottavat.</p>
      <p>
      <span>13</span>Ja uskottomat sanoivat sananjulistajilleen: »Totisesti, me ajamme teidät pois maastamme, tai teidän on palattava meidän uskoomme.» Silloin heidän Herransa ilmoitti heille: »Totisesti, Me hävitämme ne, jotka ovat väärämielisiä,</p>
      <p>
      <span>14</span>ja heidän jälkeensä Me annamme teille heidän asuinsijansa maan päällä. Näin teemme niille, joilla on Jumalanpelko seistessään Minun edessäni ja jotka kavahtavat Minun uhkaustani.»</p>
      <p>
      <span>15</span>Ja lähettiläät anoivat ratkaisua, ja jokainen hirmuvaltias, totuuden vastustaja joutui kadotukseen.</p>
      <p>
      <span>16</span>Hän on joutuva helvettiin, ja hänet pannaan juomaan saastaista vettä.</p>
      <p>
      <span>17</span>Hän ottaa sitä siemauksen toisensa jälkeen, mutta tuskin hän kykenee sitä nielemään, ja kuolema uhkaa häntä joka taholta, mutta hän ei kuole. Tätä seuraa vielä ankarampi tuomio.</p>
      <p>
      <span>18</span>Näin on niiden laita, jotka käyvät uskottomiksi Herrallensa: heidän tekonsa ovat kuin tuhka, johon tuuli on puhaltanut myrskyisenä päivänä. He eivät kykene hallitsemaan tekojaan. Tämä on suurta harhaantumista.</p>
      <p>
      <span>19</span>Etkö ole ajatellut, että Jumala on luonut taivaat ja maan totuuden voimalla? Hän voi jos tahtoo tuhota teidät ja aikaansaada uuden luomisen.</p>
      <p>
      <span>20</span>Se ei tuota mitään vaikeutta Jumalalle.</p>
      <p>
      <span>21</span>Ja he saapuvat kaikki Jumalan eteen, ja heikot sanovat niille, jotka ovat olleet ylpeitä: »Totisesti me seurasimme teitä voitteko auttaa meitä välttämään edes osan Jumalan rangaistusta?» He vastaavat: »Jos Jumala olisi antanut meille johdatuksensa, niin me olisimme voineet ohjata teitä. Meille on yhdentekevää, huudammeko vai pysymmekö kärsivällisinä; meille ei ole mitään pelastusta.»</p>
      <p>
      <span>22</span>Kun asia on ratkaistu, niin saatana on sanova: »Totisesti, Jumala antoi teille lupauksen, joka oli tosi, ja minä myöskin annoin teille lupauksen, mutta minä rikoin sen, sillä minulla ei ollut teihin muuta valtaa kuin kutsua teitä, ja te vastasitte kutsuuni. Älkää siksi soimatko minua, vaan soimatkaa itseänne. Minä en voi pelastaa teitä, ettekä te kykene pelastamaan minua. Minä kiellän ehdottomasti kaiken sen, mihin aikaisemmin teitte minut osalliseksi.» Totisesti, väärämielisiä kohtaa tuskallinen tuomio.</p>
      <p>
      <span>23</span>Mutta ne, jotka uskovat ja harjoittavat hyviä tekoja, saavat astua puutarhoihin, joissa purot solisevat, ja siellä he saavat asua Herransa luvalla. Heidän tervehdyksensä on siellä oleva: »Rauha!»</p>
      <p>
      <span>24</span>Etkö ole huomannut, miten Jumala esittää vertauksen pyhästä sanasta? Se on kuin oivallinen puu, jonka juuret ovat lujassa ja jonka oksat ojentuvat taivaaseen.</p>
      <p>
      <span>25</span>Herransa käskystä se tuottaa hedelmiä jokaisena vuodenaikana. Ja Jumala esittää edelleen vertauksia ihmisille, että he painaisivat ne mieleensä.</p>
      <p>
      <span>26</span>Ja pahuuden sana on verrattavissa kelvottomaan puuhun, joka on kiskaistu irti maasta eikä voi seisoa pystyssä.</p>
      <p>
      <span>27</span>Jumala vahvistaa uskovaisia vakevällä sanalla sekä tämän maailman elämässä että tulevassa. Ja Jumala antaa väärämielisten joutua kadotukseen, sillä Jumala tekee tahtonsa mukaan.</p>
      <p>
      <span>28</span>Etkö ole tarkannut niitä, jotka ovat palkinneet kiittämättömyydellä Jumalan siunauksen ja johtaneet kansansa turmioon.</p>
      <p>
      <span>29</span>He joutuvat helvettiin, ja se on tukala asuinpaikka.</p>
      <p>
      <span>30</span>Ja he ovat asettaneet Jumalalle vertaisia johtaakseen ihmisiä harhaan Hänen tieltään. Sano: »Nauttikaa aikanne; totisesti te olette menossa suoraan tuleen.»</p>
      <p>
      <span>31</span>Sano uskovaisille palvelijoilleni, että he edelleen suorittavat rukouksensa ja antavat sekä salassa että julkisesti almuja siitä, mitä Me olemme heille suonut, ennenkuin saapuu päivä, jolloin ei enää ole vaihtokauppaa tai salaista suosimista.</p>
      <p>
      <span>32</span>Jumala on luonut taivaat ja maan ja Hän lähettää taivaasta sateen maan päälle ja siten kasvattaa hedelmiä teidän ravinnoksenne. Hän alistaa valtaanne laivan, niin että se Hänen käskystään purjehtii merellä, ja myös virrat Hän on tehnyt teille alamaisiksi.</p>
      <p>
      <span>33</span>Auringon ja kuun Hän on pannut teitä palvelemaan, ja ne liikkuvat määrättyjä lakeja noudattaen. Ja teidän hyväksenne Hän on säätänyt yön ja päivän.</p>
      <p>
      <span>34</span>Hän antaa teille kaikkea, mitä Häneltä pyydätte; ja jos teidän pitäisi laskea Jumalan armonosoitukset, niin ette kykenisi niitä luettelemaan. Totisesti, ihminen on perin väärämielinen, kiittämätön.</p>
      <p>
      <span>35</span>Muista, mitä Aabraham lausui: »Herra! Tee tämä kaupunki turvalliseksi ja pelasta minut ja lapseni palvelemasta epäjumalia.</p>
      <p>
      <span>36</span>Herra, he ovat totisesti johtaneet suuren joukon ihmisiä kadotukseen, mutta ken ikinä seuraa minua, hän kuuluu joukkooni, ja jos joku ei minua tottele, niin Sinä totisesti olet anteeksiantavainen, armollinen.</p>
      <p>
      <span>37</span>Herra, minä olen asettanut eräitä jälkeläisiäni asumaan tähän laaksoon, jossa ei ole maanviljelystä, Sinun Pyhäkkösi läheisyyteen, Herra, jotta he saattaisivat suorittaa rukouksensa. Anna siis ihmisten sydänten taipua heidän puoleensa ja suo heille hedelmiä, jotta he olisivat kiitollisia.</p>
      <p>
      <span>38</span>Herra! Totisesti Sinä tiedät, mitä me salaamme ja mitä me tuomme julki. Jumalalta ei ole mikään salattua, ei maan päällä eikä avaruudessa.</p>
      <p>
      <span>39</span>Kaikki ylistys kuuluu Jumalalle, joka vanhuudessani antoi minulle Ismaelin ja lisakin. Totisesti, Herra kuulee rukouksen.</p>
      <p>
      <span>40</span>Herra, suo, että minä horjumatta suorittaisin rukoukseni ja samoin jälkeläiseni; Herra, kuule rukoukseni.</p>
      <p>
      <span>41</span>Herra! Anna anteeksi minulle ja vanhemmilleni sekä uskovaisille tuomion päivänä.»</p>
      <p>
      <span>42</span>Älä luule, että Jumala välinpitämättömänä katselee väärämielisten tekoja. Hän ainoastaan siirtää heidän tuomionsa siihen päivään, jolloin heidän katseensa tulee liikkumattomaksi.</p>
      <p>
      <span>43</span>Silloin he ryntäävät eteenpäin päät kohotettuina eivätkä kykene liikuttamaan silmiään, ja heidän sydämensä tulevat tyhjiksi.</p>
      <p>
      <span>44</span>Varoita ihmissukua siitä päivästä, jolloin tuomio on sitä kohtaava; väärämieliset sanovat silloin: »Oi Herra! Anna meille armo lyhyeksi ajaksi, jotta voisimme vastata kutsuusi ja seurata lähettiläitä.» »Ettekö tätä ennen vannoneet, ettei mikään vetäisi teitä turmioon?</p>
      <p>
      <span>45</span>Ja te asuitte niiden asumuksissa, jotka turmelivat sielunsa. Ja teille ilmoitettiin selvästi, miten Me sellaisia kohtelemme, ja totisesti Me esitimme siitä teille esimerkkejä.»</p>
      <p>
      <span>46</span>Ja totisesti, he laativat suunnitelmiaan, mutta Jumalan vallassa ovat heidän hankkeensa, eikä niillä olisi vuoria kyetty siirtämään.</p>
      <p>
      <span>47</span>Älkää siis luulko, että Jumala rikkoo lähettiläilleen antamansa lupaukset. Totisesti, Jumala on mahtava. Hänellä on valta saattaa asiat oikealle tolalleen.</p>
      <p>
      <span>48</span>Se tapahtuu sinä päivänä, jolloin maa uudeksi vaihtuu ja samoin taivaat, ja jolloin ihmiset seisovat Jumalan, ainoan, kaikkivaltiaan edessä.</p>
      <p>
      <span>49</span>Olet näkevä, miten syntiset sinä päivänä kytketään kahleilla yhteen.</p>
      <p>
      <span>50</span>Tulikiventuoksuiset ovat heidän vaatteensa, ja tuli peittää heidän kasvonsa,</p>
      <p>
      <span>51</span>sillä Jumala maksaa jokaiselle sielulle ansion mukaan. Totisesti, Jumala on tilinteossaan nopea.</p>
      <p>
      <span>52</span>Tämä on sanoma koko ihmissuvulle, jotta se ottaisi vaarin ja tietäisi, että Hän on ainoa Jumala, ja että ymmärtäväiset tämän muistaisivat.</p>
    </div>
  </body>
</html>
