<?xml version="1.0"?>
<html>
  <head>
    <meta http-equiv="Content-Type" content="text/html; charset=utf-8" />
    <title>Kallion Suura</title>
  </head>
  <body>
    <h1>
    <span>15</span>Kallion suura</h1>
    <div class="johdanto">
      <h2>JOHDANTO:</h2>
      <p>VIIDESTOISTA SUURA: Kallio (Al-Hidzr) Ilmoitettu Mekassa (99 jaetta )</p>
      <p>Suuraa kutsutaan nimellä AI-Hidzr, joka lienee ollut sen paikkakunnan nimi, jonka asukkaiden kohtaloa kuvataan jakeissa 80-84. Tämä suura on ilmoitettu aikaisemmin kuin mikään muu Mekan kauden suura, joka Koraanissa on sijoitettu tämän edelle. Tosin suura on aiheeltaan ja sävyltään niin lähellä toisia, että tällainen sijoitus on ymmärrettävissä. Nöldeke sijoittaa sen Mekassa ilmoitettujen suurain keskimmäiseen ryhmään, suurain, jotka on ilmoitettu ennen Hedzraa, kahdeksannen ja kolmannen vuoden välillä. Näin tehdessään hän vahvistaa muslimien parhaiden selittäjien mielipiteen, vaikka eräät selittäjät mieluummin sijoittaisivat sen varhaisimpien ilmoitusten joukkoon.</p>
      <p>Suura on Mekan kauden puolivälistä.</p>
    </div>
    <div class="sura">
      <h2>Aloitan JUMALAN, laupiaan Armahtajan, nimeen.</h2>
      <p>
      <span>1</span>Aliif, Laam, Raa. Nämä ovat kirjan ja selvän Koraanin säkeistöjä.</p>
      <p>
      <span>2</span>On tuleva aika, jolloin epäuskoon antautuneet toivoisivat olevansa muslimeja.</p>
      <p>
      <span>3</span>Anna heidän syödä ja nauttia aikansa, ja johtakoon heidän toiveensa heidät harhaan. Mutta tulevaisuudessa he kyllä sen älyävät.</p>
      <p>
      <span>4</span>Emme ole hävittänyt ainoatakaan kaupunkia ilmoittamatta sille sen määräaikaa.</p>
      <p>
      <span>5</span>Ei yksikään kansa voi kiirehtiä aikansa täyttymistä eikä sitä viivyttää.</p>
      <p>
      <span>6</span>Ja he sanovat: »Voi sinua, jolle kehoitus on ylhäältä lähetetty, sinä olet selvästi houkkio.</p>
      <p>
      <span>7</span>Miksi et tuo luoksemme enkeleitä, jos kerran puhut täyttä totta?»</p>
      <p>
      <span>8</span>Emme Me lähetä maan päälle enkeleitä muuten kuin totuutta pystyttämään, mutta kun tämä tapahtuu, he eivät saa enää armoa.</p>
      <p>
      <span>9</span>Totisesti, Me itse lähetämme maan päälle kehoituksen, ja Me myös seisomme sen tukena.</p>
      <p>
      <span>10</span>Ja totisesti, jo ennen sinua Me lähetimme sananjulistajia muinaisten heimojen luokse.</p>
      <p>
      <span>11</span>Mutta ainoatakaan lähettilästä ei saapunut heidän luoksensa, jota he eivät olisi pilkanneet.</p>
      <p>
      <span>12</span>Näin me annamme tämän (pilkkaamisen) juurtua syntisten sydämiin.</p>
      <p>
      <span>13</span>He eivät usko Koraaniin, ja kuitenkin heillä on tiedossa edeltäjiensä kohtalo.</p>
      <p>
      <span>14</span>Ja jos Me avaisimme oven taivaaseen ja he kiipeäisivät sinne,</p>
      <p>
      <span>15</span>niin he varmasti sanoisivat: »Silmämme ovat vain huienneet, tai pikemminkin me olemme lumouksen vallassa.»</p>
      <p>
      <span>16</span>Totisesti, Me olemme muodostanut tähtikuvioita taivaalle ja tehnyt sen kauniiksi katselijoille.</p>
      <p>
      <span>17</span>Ja Me sitä vartioimme jokaista karkoitettua pahaahenkeä vastaan.</p>
      <p>
      <span>18</span>Mutta joka haluaa kuunnella (sanaa) salakähmäisesti, sitä seuraa tulinen liekki.</p>
      <p>
      <span>19</span>Me olemme tehnyt maan avaraksi ja sijoittanut vuoret sen päälle, ja Me annamme kaikkea siinä kasvaa sopivan määrän.</p>
      <p>
      <span>20</span>Ja maasta Me olemme hankkinut ravinnon teille, kuten niillekin, joita te ette ruoki.</p>
      <p>
      <span>21</span>Ei ole olemassa mitään, jota ei Meidän luonamme olisi valtavissa varastoissa, mutta Me lähetämme sitä maan päälle vain tietyin mitoin.</p>
      <p>
      <span>22</span>Me annamme myös hedelmällisten tuulien puhaltaa ja lähetämme sadetta taivaasta maan päälle. Sitten annamme teidän juoda sitä, mutta sen varastot eivät ole hallussanne.</p>
      <p>
      <span>23</span>Ja totisesti, Me itse annamme elämän ja Me annamme kuoleman, ja Me itse olemme kaiken perilliset.</p>
      <p>
      <span>24</span>Me tunnemme tarkoin ne teistä, jotka kulkevat etumaisina, ja me tunnemme myös ne, jotka jäävät loppupäähän.</p>
      <p>
      <span>25</span>Totisesti, Herrasi on vielä kokoava heidät yhteen. Hän on viisas, tietävä.</p>
      <p>
      <span>26</span>Totisesti, Me olemme luonut ihmisen valajan savesta, mustasta, haisevasta liejusta.</p>
      <p>
      <span>27</span>Ja dzinnin me loimme jo aikaisemmin palavasta tulesta.</p>
      <p>
      <span>28</span>Muistakaa, mitä Jumala sanoi enkeleille: »Totisesti, aion luoda ihmisolennon valajan savesta, mustasta, haisevasta liejusta.</p>
      <p>
      <span>29</span>Ja kun olen saattanut hänen muotonsa täydelliseksi ja puhaltanut häneen Henkeni, kumartukaa maahan hänen edessään.»</p>
      <p>
      <span>30</span>Niin kaikki enkelit yhdessä kumartuivat.</p>
      <p>
      <span>31</span>Mutta saatana ei tehnyt näin. Hän ei yhtynyt kumartajiin.</p>
      <p>
      <span>32</span>Jumala lausui: »Oi saatana. Mistä syystä et yhdy niihin, jotka kumartavat?»</p>
      <p>
      <span>33</span>Hän vastasi: »Ei ole soveliasta minun kumartaa ihmisolentoa, jonka Sinä olet luonut valajan savesta, mustasta, haisevasta liejusta.»</p>
      <p>
      <span>34</span>Jumala sanoi: »Lähde siis täältä, sillä sinä olet totisesti harhaantunut.</p>
      <p>
      <span>35</span>Ole totisesti kirottu tuomion päivään saakka.»</p>
      <p>
      <span>36</span>Hän sanoi: »Herra, anna minlle aikaa siihen päivään asti, jolloin heidät herätetään kuolleista.»</p>
      <p>
      <span>37</span>Jumala vastasi: »Saat kuulua niihin, joille suodaan aikaa</p>
      <p>
      <span>38</span>määräpäivään saakka.»</p>
      <p>
      <span>39</span>Hän sanoi: »Herra, koska olet aiheuttanut lankeemukseni, aion kaunistaa tekoni ihmisille maan päällä ja saattaa heidät kaikki lankeamaan</p>
      <p>
      <span>40</span>paitsi Sinun vilpittömiä palvelijoitasi.»</p>
      <p>
      <span>41</span>Jumala vastasi: »Se on suorin tie luokseni.</p>
      <p>
      <span>42</span>Totisesti, palvelijoihini sinulla ei ole mitään valtaa, lukuunottamatta sellaisia, jotka oikealta tieltä harhaantuneina seuraavat sinua.</p>
      <p>
      <span>43</span>Helvetti on totisesti määrätty heidän kaikkien olinpaikakseen.</p>
      <p>
      <span>44</span>Sinne johtaa seitsemän ovea, ja jokaisesta ovesta käy sisään osa heistä.»</p>
      <p>
      <span>45</span>Totisesti, ne jotka hartautta harjoittavat, saavat asua puutarhoissa ja lähteiden luona.</p>
      <p>
      <span>46</span>»Käykää sisään rauhassa ja turvallisina!»</p>
      <p>
      <span>47</span>Me poistamme heidän rinnastaan kaiken vihan, ja veljellisesti, toisiinsa kääntyneinä, he istuvat valtaistuimilla.</p>
      <p>
      <span>48</span>Mitään rasituksia heidän ei siellä tarvitse kestää, eikä heitä sieltä pois ajeta.</p>
      <p>
      <span>49</span>Ilmoita palvelijoilleni, että Minä olen totisesti kaiken anteeksiantava, kaikkein armollisin.</p>
      <p>
      <span>50</span>Ja ilmoita myös, että Minun tuomioni on tuskallisin tuomio.</p>
      <p>
      <span>51</span>Ja kerro heille Aabrahamin vieraista,</p>
      <p>
      <span>52</span>jotka astuessaan hänen luokseen sanoivat: »Rauha», ja hän vastasi: »Totisesti, minä pelkään teitä.»</p>
      <p>
      <span>53</span>He lausuivat: »Alä pelkää, me tuomme sinulle iloisen ennustuksen viisaasta pojasta.»</p>
      <p>
      <span>54</span>Hän sanoi: »Tuotteko minulle ennustuksen siitä huolimatta, että vanhuus on minut jo saavuttanut? Mistä aiotte minulle ilosanoman kertoa?»</p>
      <p>
      <span>55</span>He vastasivat: »Tuomme sinulle toden sanoman; älä siis kuulu niihin, jotka joutuvat epätoivoon.»</p>
      <p>
      <span>56</span>Hän sanoi: »Kuka muu epäilisi Jumalan armoa kuin kadotetut?»</p>
      <p>
      <span>57</span>Hän lausui edelleen: »Mikä on siis asianne, lähettiläät?»</p>
      <p>
      <span>58</span>He vastasivat: »Meidät on lähetetty syntisten ihmisten luo</p>
      <p>
      <span>59</span>lukuunottamatta Lootin perhettä, josta me totisesti pelastamme kaikki toiset</p>
      <p>
      <span>60</span>paitsi hänen vaimoansa; olemme päättäneet, että hän totisesti on kuuluva niiden joukkoon, jotka jäävät tielle.»</p>
      <p>
      <span>61</span>Kun siis samat lähettiläät saapuivat Lootin perheen luo,</p>
      <p>
      <span>62</span>niin hän sanoi: »Olette varmasti vieraita ihmisiä täällä.»</p>
      <p>
      <span>63</span>He vastasivat: »Olemme tulleet luoksesi sen johdosta, mistä kansasi on kiistellyt.</p>
      <p>
      <span>64</span>Olemme tuoneet sinulle totuuden ja puhumme varmasti totta.</p>
      <p>
      <span>65</span>Sentähden lähde pois perheesi kanssa, kun on vielä osa yöstä jäljellä, ja kulje itse heidän jäljessään äläkä salli kenenkään katsoa taakseen, vaan kulje sinne, mihin teidät on määrätty.</p>
      <p>
      <span>66</span>Ja me ilmoitimme hänelle ratkaisumme tässä asiassa: »Viimeinenkin tämän kansan jäsen,on tuhottu, ennenkuin he aamulla nousevat.»</p>
      <p>
      <span>67</span>Ja kaupungin asukkaat saapuivat riemuiten hänen luokseen.</p>
      <p>
      <span>68</span>Hän lausui: »Totisesti, nämä ovat vieraitani, älkää siis häpäiskö minua.</p>
      <p>
      <span>69</span>Pelätkää Jumalaa älkääkä tuottako minulle häpeää.</p>
      <p>
      <span>70</span>He sanoivat: »Emmekö ole kieltäneet sinua vastaanottamasta vieraita ihmisiä?»</p>
      <p>
      <span>71</span>Hän sanoi: »Tässä ovat tyttäreni, mikäli aiotte jotakin tehdä.»</p>
      <p>
      <span>72</span>Elämäsi kautta, oi Muhammed, totisesti he olivat päihtyneet sokeasta himostaan.</p>
      <p>
      <span>73</span>Mutta aamun koitteessa heidät yllätti kauhistuttava pauhina.</p>
      <p>
      <span>74</span>Ja me käänsimme kaupungin ylösalaisin ja annoimme tulisten kivien sataa heidän päällensä.</p>
      <p>
      <span>75</span>Totisesti, tämä on selvä merkki niille, jotka ottavat niistä vaarin.</p>
      <p>
      <span>76</span>Ja tuo kaupunki sijaitsee tien varrella, joka yhä on olemassa.</p>
      <p>
      <span>77</span>Totisesti, tässä on merkki uskovaisille.</p>
      <p>
      <span>78</span>Myös metsän asukkaat olivat sangen väärämielisiä ihmisiä.</p>
      <p>
      <span>79</span>Senvuoksi Me annoimme heidän maistaa rangaistusta, ja totisesti, nämä molemmat kaupungit sijaitsevat yleisen tien varrella.</p>
      <p>
      <span>80</span>Totisesti, kalliolla asuvat väittivät lähettiläitä valehtelijoiksi.</p>
      <p>
      <span>81</span>Ja Me annoimme heille tunnusmerkkejämme, mutta he kääntyivät niistä pois.</p>
      <p>
      <span>82</span>Heillä oli tapana hakata talonsa vuoriin ollakseen turvassa.</p>
      <p>
      <span>83</span>Mutta kauhistuttava pauhina yllätti heidät aamulla.</p>
      <p>
      <span>84</span>Ja se, mitä he olivat tehneet, ei heitä auttanut.</p>
      <p>
      <span>85</span>Totuudessa Me olemme luonut taivaat ja maan ja mitä niiden välillä on. Totisesti, Hetki on tuleva, anna siksi heille jalosti anteeksi heidän loukkauksensa.</p>
      <p>
      <span>86</span>Totisesti, Herrasi on suuri luova mestari, kaikkitietävä.</p>
      <p>
      <span>87</span>Olemmehan antanut sinulle seitsemän säkeistöä useasti luettavaksi sekä suuren Koraanin.</p>
      <p>
      <span>88</span>Älä käännä silmiäsi siihen, josta Me olemme antanut heidän nauttia, äläkä murehdi heidän tähtensä, vaan ojenna kätesi uskovaisille.</p>
      <p>
      <span>89</span>Sano heille: »Totisesti, minä olen julkinen varoittaja.»</p>
      <p>
      <span>90</span>Kuten Me lähetimme tuomion niille, jotka riitelivät, ja niille,</p>
      <p>
      <span>91</span>jotka repivät Koraanin palasiksi.</p>
      <p>
      <span>92</span>Herrasi nimessä Me heiltä kaikilta vielä vaadimme tilin siitä,</p>
      <p>
      <span>93</span>mitä he ovat tehneet.</p>
      <p>
      <span>94</span>Sentähden julista heille selvin sanoin, mitä sinulle on määrätty, ja käänny pois pakanoista.</p>
      <p>
      <span>95</span>Totisesti, Me olemme sinulle riittävä turva pilkkaajia vastaan.</p>
      <p>
      <span>96</span>He asettavat Jumalan rinnalle toisen Jumalan, mutta aikanaan he saavat kokea.</p>
      <p>
      <span>97</span>Tiedämme hyvin, että heidän puheensa ahdistaa rintaasi.</p>
      <p>
      <span>98</span>Sentähden julista Herrasi kunniaa ylistäen Häntä ja lukeudu niiden joukkoon, jotka kumartuvat maahan.</p>
      <p>
      <span>99</span>Ja palvele Herraasi siihen asti, kunnes kuolema luoksesi saapuu.</p>
    </div>
  </body>
</html>
