<?xml version="1.0"?>
<html>
  <head>
    <meta http-equiv="Content-Type" content="text/html; charset=utf-8" />
    <title>Mehiläisten Suura</title>
  </head>
  <body>
    <h1>
    <span>16</span>Mehiläisten suura</h1>
    <div class="johdanto">
      <h2>JOHDANTO:</h2>
      <p>KUUDESTOISTA SUURA: Mehiläinen (An-Nahl) Ilmoitettu Mekassa (128 jaetta )</p>
      <p>Suuran nimi An-Nahl,»Mehiläinen», löytyy jakeesta 68, missä mehiläisen toimeliaisuus mainitaan velvollisuuden ja hyödyllisyyden perikuvana. Siinä kiinnitetään huomio Jumalan huolenpitoon luomakunnasta sekä ihmiskunnalle välttämättömään kaitselmukseen. Epäuskoisia varoitetaan, että Herran johdatuksen hylkääminen on yhtä mieletöntä kuin ruoan ja juoman hylkääminen. Tämä suura luetaan viimeisten Mekassa ilmoitettujen joukkoon, vaikkakin muutamat vanhat selittäjät ovat tätä mieltä vain jakeisiin 1-40 nähden, pitäen koko jälkimmäistä osaa Medinassa ilmoitettuna. Ainoa tämän suuran jae, joka on ilmeisesti Medinassa ilmoitettu, on jae 110, missä vainoa pakenevien sanotaan taistelleen; sillä Mekan aikana oli taisteleminen kielletty muslimeilta, vaikkakin monet heistä pakenivat vainoa hakien suojaa Abessiniasta.</p>
      <p>Tämä on siis Mekan kauden myöhempiä suuroja, lukuunottamatta Medinassa aikaisintaan Hedzran toisena vuonna ilmoitettua jaetta 110 ja mahdollisesti eräitä muita säkeitä luvun loppupuolella.</p>
    </div>
    <div class="sura">
      <h2>Aloitan JUMALAN, laupiaan Armahtajan, nimeen.</h2>
      <p>
      <span>1</span>Jumalan käsky on tulossa, älkää siis pyytäkö sen jouduttamista. Kunnia olkoon Hänelle! Hän on korkealla sen yläpuolella, mitä he asettavat Hänen rinnalleen.</p>
      <p>
      <span>2</span>Hän lähettää maan päälle enkeleitä tuomaan Hänen sanansa hengen niille palvelijoistaan, joille parhaaksi näkee, näin sanoen: »Varoittakaa ihmisiä, ettei ole muuta Jumalaa kuin Minä; sentähden palvelkaa Minua.»</p>
      <p>
      <span>3</span>Hän on luonut taivaat ja maan totuudessa. Hän on korkealla sen yläpuolella, mitä he Hänen rinnalleen asettavat.</p>
      <p>
      <span>4</span>Hän on luonut ihmisen siemenestä, ja katso, hänestä tulee kuitenkin epäilijä.</p>
      <p>
      <span>5</span>Ja hän on luonut karjan; siitä te saatte lämpimiä vaatteita ja muuta hyödyllistä, ja osan siitä te käytätte ravinnoksenne.</p>
      <p>
      <span>6</span>Teille on kunniaksi, kun ajatte sitä kotiin ja kun viette sitä laitumelle.</p>
      <p>
      <span>7</span>Ja eläimet kantavat kuormanne kaupunkiin, jonne ette pääsisi muuten kuin suurin ruumiillisin ponnistuksin. Totisesti, Herra on sangen rakastavainen, armollinen.</p>
      <p>
      <span>8</span>Ja Hän on luonut hevoset ja muulit ja aasit, jotta voisitte niillä ratsastaa sekä myöskin ylvästellä. Hän on luonut sellaistakin, mitä ette tiedä.</p>
      <p>
      <span>9</span>Oikea tie on Jumalan vallassa, mutta muutamat kulkevat harhaan. Jos Jumala olisi tahtonut, Hän olisi totisesti voinut antaa johdatuksensa teille kaikille.</p>
      <p>
      <span>10</span>Hän lähettää teille sateen taivaasta, siitä te saatte juoda ja se kasvattaa puita, joiden luona teillä on laitumenne.</p>
      <p>
      <span>11</span>Sateen Hän saattaa kasvattamaan teille peltojen viljan, oliivit, taatelipuut, viinirypäleet ja kaikenlaiset hedelmät. Totisesti, tässä on tunnusmerkkejä niille, jotka ajattelevat.</p>
      <p>
      <span>12</span>Ja Hän on teitä varten säätänyt yön ja päivän, luonut auringon ja kuun. Ja tähdet noudattavat Hänen käskyjään. Totisesti, tässä on merkkejä niille, joilla on ymmärrystä.</p>
      <p>
      <span>13</span>Ja Hän on luonut teitä varten yli maan levinneet erilaiset hyödykkeet. Totisesti, tässä on merkki niille, jotka ottavat vaarin.</p>
      <p>
      <span>14</span>Ja juuri Hän hallitsee merta, niin että saatte siitä ravinnoksenne tuoretta lihaa ja etsitte merestä koristeita, joita kannatte. Ja sinä näet laivojen halkovan merta. Näin voitte turvautua Hänen armoonsa ja tuoda Hänelle kiitoksenne.</p>
      <p>
      <span>15</span>Ja Hän on luonut maahan vuoret, ettei se horjuisi allanne, ja virrat sekä tiet teitä opastamaan.</p>
      <p>
      <span>16</span>Samaten viitat. Ja myöskin tähtien mukaan ihmiset löytävät suuntansa.</p>
      <p>
      <span>17</span>Voiko siis Luoja olla samankaltainen kuin se, joka ei kykene luomaan? Eikö tämäkään mieleenne painu?</p>
      <p>
      <span>18</span>Ja jos käytte laskemaan Jumalan armonosoituksia, niin ette kykene niitä luettelemaan. Toden totta - Jumala on anteeksiantavainen, armollinen.</p>
      <p>
      <span>19</span>Jumala tietää, mitä te salaatte ja mitä te ilmaisette.</p>
      <p>
      <span>20</span>Ja ne, joita ihmiset huutavat avukseen Jumalan sijaan, eivät voi mitään luoda, sillä he itse ovat luotuja.</p>
      <p>
      <span>21</span>Kuolleita he ovat, eivät eläviä; eivätkä he tiedä, milloin heidän ylösnousemuksensa tapahtuu.</p>
      <p>
      <span>22</span>Teidän Jumalanne on ainoa Jumala. Niiden sydämet, jotka eivät usko tulevaan elämään, vierovat totuutta, ja he paisuvat ylpeydestään.</p>
      <p>
      <span>23</span>Epäilemättä Jumala tietää, mitä te salaatte ja mitä te ilmaisette. Totisesti, Hän ei rakasta ylpeitä.</p>
      <p>
      <span>24</span>Ja kun heille sanotaan: »Mitä Herranne on lähettänyt maan päälle?» he vastaavat: »Menneiden polvien tarinoita.»</p>
      <p>
      <span>25</span>Tämän tähden he saavat ylösnousemuksen päivänä kantaa oman kuormansa kokonaan, ja osan niidenkin kuormasta, jotka tietämättömyydessään heidän johtaminaan joutuivat kadotukseen. Eikö heidän kuormansa ole raskas?</p>
      <p>
      <span>26</span>Totisesti, heidän edeltäjänsäkin punoivat juoniaan, mutta Jumala kukisti maahan heidän rakennuksensa perustuksiltaan, jolloin katot sortuivat heidän päällensä, ja Hän lähetti heille turmion sieltä, mistä he eivät osanneet sitä odottaakaan.</p>
      <p>
      <span>27</span>Senjälkeen Hän on ylösnousemuksen päivänä saattava heidät häpeään, ja Hän on lausuva: »Missä ovat Minun vertaiseni, joiden kumartamisessa te olitte niin innokkaita?» Ne, joille on suotu ymmärrystä, vastaavat: »Totisesti, tänä päivänä tulkoon häpeä ja paha uskottomien osaksi.»</p>
      <p>
      <span>28</span>Enkelit antavat ansaitun palkan näille, jotka ovat itse tehneet vääryyttä itselleen. Silloin he tarjoutuvat alistumaan sanoen: »Emmehän ole tehneet mitään pahaa.» »Kyllä Jumala tietää tarkoin, mitä te teitte.</p>
      <p>
      <span>29</span>Sentähden astukaa sisään helvetin porteista ja pysykää siellä ikuisesti. Totisesti, tukala on niiden tyyssija, jotka ovat ylpeitä.»</p>
      <p>
      <span>30</span>Mutta niiltä, jotka harjoittavat hartautta, kysytään: »Mitä on Herranne lähettänyt maan päälle?» He vastaavat: »Hyvää.» Niiden, jotka tekevät hyvää, on hyvä olla tässä maailmassa, mutta tulevan maailman koti on vielä parempi. Kuinka ihana onkaan niiden koti, jotka hartautta harjoittavat.</p>
      <p>
      <span>31</span>He saavat astua autuaitten puutarhoihin, joissa purot solisevat, ja siellä on heillä kaikki, mitä voivat toivoa. Tällä tavoin Jumala palkitsee niitä, jotka hartautta harjoittavat.</p>
      <p>
      <span>32</span>Enkelit maksavat heille täyden palkan, heidän hyvyytensä tähden, ja lausuvat: »Rauha olkoon teille; astukaa puutarhaan palkinnoksi siitä, mitä olette tehneet!»</p>
      <p>
      <span>33</span>He eivät odota muuta kuin enkelien tuloa heidän luokseen tai että Herrasi käsky saapuisi. Näin odottivat nekin, jotka ennen heitä elivät. Jumala ei tehnyt heille vääryyttä, vaan itse he tekivät vääryyttä itselleen.</p>
      <p>
      <span>34</span>Sillä paha, jota he harjoittivat, lankesi heidän päälleen, ja se, mitä he olivat pilkanneet, kohdistui heihin itseensä.</p>
      <p>
      <span>35</span>Ja ne, jotka ovat asettaneet muitakin Jumalan rinnalle, sanovat: »Jos Jumala olisi tahtonut, me emme olisi palvelleet ketään muuta kuin Häntä, emme me eivätkä esi-isämme, emmekä myöskään olisi pitäneet pyhänä ketään muuta kuin Häntä.» Näin tekivät myös ne, jotka ennen heitä elivät. Mutta ovatko lähettiläät vastuussa muusta kuin sanomansa julistamisesta?</p>
      <p>
      <span>36</span>Totisesti olemme kutsunut jokaisen kansan keskuudesta lähettilään näin lausumaan: »Palvelkaa Jumalaa ja välttäkää syntisiä.» Jotkut ovat Jumalan johdattamia ja toiset ovat kulkeneet harhaan. Jatkakaa siis vaellustanne maan päällä ja katsokaa, millaisen lopun saavat ne, jotka sepittävät valheita.</p>
      <p>
      <span>37</span>Vaikka sinä, oi Muhammed, kuinka innokkaasti tahdot heille johdatusta, niin Jumala ei ole ohjaava niitä, jotka kulkevat kadotukseen, eikä heillä ole ketään auttajaa.</p>
      <p>
      <span>38</span>Ja Jumalan nimeen he vannovat pyhimmät valansa: »Jumala ei ole herättävä kuolleita.» Kuitenkin tämä on Jumalan totinen, sitova lupaus, vaikka useimmat eivät sitä käsitä.</p>
      <p>
      <span>39</span>Hän on sen tekevä, jotta Hän saattaisi selittää heille sen, mistä he kiistelivät, ja myös sentähden, että uskottomiksi käyneet havaitsisivat olleensa valehtelijoita.</p>
      <p>
      <span>40</span>Kun jotakin haluamme, Meidän tarvitsee vain lausua: »Tapahtukoon», ja niin tapahtuu.</p>
      <p>
      <span>41</span>Ja jotka Jumalan asian vuoksi ovat jättäneet kotinsa vääryyttä kärsittyään, heille Me totisesti varaamme (jo) tässä maailmassa ihanan asunnon. Mutta tulevan elämän palkka on oleva vielä suurempi; jospa he vain sen käsittäisivät!</p>
      <p>
      <span>42</span>Heihin kuuluvat ne, jotka kestävät lujina ja luottavat Herraansa.</p>
      <p>
      <span>43</span>Ennen sinua Me lähetimme sananjulistajiksi vain sellaisia, joille annoimme käskymme; kysykää siis niiltä, jotka ovat saaneet muistutuksen, jos ette itse tiedä;</p>
      <p>
      <span>44</span>ja heillä oli mukanaan selvät tunnusmerkit ja kirjoitukset. Ja Me olemme lähettänyt sinulle ylhäältä tämän muistomerkin, jotta selittäisit ihmisille, mitä heille on lähetetty, ja että he sen vuoksi ajattelisivat.</p>
      <p>
      <span>45</span>Ovatko pahojen juonien punojat varmoja, ettei Jumala avaa maata heidän altaan tai ettei turmio tule heille sieltä, mistä he eivät aavistakaan?</p>
      <p>
      <span>46</span>Tahi ettei Hän voi tavoittaa heitä heidän retkillään, niin että he eivät saata paeta?</p>
      <p>
      <span>47</span>Tai ettei Hän voi tarttua heihin ensin heitä varoitettuaan? Mutta totisesti, Herrasi on sangen rakastava, armahtavainen.</p>
      <p>
      <span>48</span>Eivätkö he edes tarkastele Jumalan luomia olentoja, miten niiden varjot oikealta ja vasemmalta kumartuvat Jumalan edessä ja lankeavat maahan.</p>
      <p>
      <span>49</span>Jumalan edessä kumartuvat kaikki olennot taivaassa ja maan päällä, samoin myös enkelit ylpeyttä tuntematta.</p>
      <p>
      <span>50</span>He pelkäävät Herraansa, joka on heidän yläpuolellaan, ja he tekevät sen, mihin heidät on määrätty.</p>
      <p>
      <span>51</span>Ja Jumala sanoo: »Alkää ottako itsellenne kahdenlaisia jumalia. Hän Itse on ainoa Jumala, siksi pelätkää vain Minua.»</p>
      <p>
      <span>52</span>Hänelle kuuluu kaikki, mikä on taivaassa ja maan päällä, ja Häntä on alati toteltava. Palveletteko jotakuta toista kuin Jumalaa?</p>
      <p>
      <span>53</span>Kaikki siunaus, minkä saatte, tulee Jumalalta, ja kun teitä kohtaa isku, niin juuri Häntä te avuksenne huudatte.</p>
      <p>
      <span>54</span>Kun Hän sitten poistaa vaivanne, niin katso, osa teistä asettaa kuitenkin epäjumalia Herransa rinnalle.</p>
      <p>
      <span>55</span>Niin he kieltävät sen, minkä olemme heille antanut. Nauttikaa siitä! Aikananne saatte kokea.</p>
      <p>
      <span>56</span>Ja osan antimista, jotka olemme heille suonut, he määräävät sellaisille, joita eivät tunne. Kautta Jumalan, te saatte totisesti vielä vastata keksimästänne.</p>
      <p>
      <span>57</span>Ja he keksivät Jumalalle tyttäriä. Tulkoon Hänelle kunnia, ja heille se, mitä toivovat.</p>
      <p>
      <span>58</span>Kun jollekin heistä ilmoitetaan tyttölapsen syntymästä, niin hänen kasvonsa synkkenevät ja hän on aivan murheen vallassa.</p>
      <p>
      <span>59</span>Hän kätkeytyy heimolaisiltaan sen pahan sanoman vuoksi, joka hänelle on ilmoitettu. Omistaisiko hän lapsen välittämättä häpeästä vai kantaisiko sen elävänä hiekkaan? Eikö heidän tuomionsa ole julma?</p>
      <p>
      <span>60</span>Tukala on niiden olo, jotka eivät usko tulevaan elämään, mutta yleviä ovat Jumalan ominaisuudet, hän on kaikkivaltias, kaikkein viisain.</p>
      <p>
      <span>61</span>Jos Jumala kävisi käsiksi ihmissukuun sen väärintekojen tähden, Häneltä ei jäisi ainoatakaan elävää olentoa maan päälle, mutta Hän antaa heille aikaa määrähetkeen saakka, niin että kun heidän hetkensä lyö, he eivät kykene sitä tuntiakaan viivyttämään eivätkä jouduttamaan.</p>
      <p>
      <span>62</span>Ja he keksivät Jumalan osaksi sellaista, mitä he hylkivät, ja heidän kielensä valehtelevat, että heille on varattu hyvä osa. Heille on eittämättä varattu tuli, ja sinne heidät totisesti ajetaan.</p>
      <p>
      <span>63</span>Kautta Jumalan, Me jo ennen sinua lähetimme sananjulistajia kansojen keskuuteen, mutta saatana kaunisteli heille heidän tekojaan, niin että hän vielä tänä päivänä on heidän liittolaisensa, ja heitä odottaa tuskallinen tuomio.</p>
      <p>
      <span>64</span>Ja Me olemme ylhäältä lähettänyt sinulle tämän Kirjan ainoastaan siksi, että sinä selvittäisit heille sen, mistä he kiistelevät, sekä johdatukseksi ja armonosoitukseksi niille, jotka uskovat.</p>
      <p>
      <span>65</span>Ja Jumala lähettää taivaasta sateen maan päälle ja virvoittaa sillä kuolleen maan jälleen eloon. Totisesti, tässä on vertauskuva niille, jotka kuulevat.</p>
      <p>
      <span>66</span>Totisesti teille on karjastannekin opetus. Me annamme juomaa Teille sen sisälmyksistä, siitä, mitä niiden suolisto ja veri sisältää, puhdasta maitoa, joka tuntuu juodessa suloiselta.</p>
      <p>
      <span>67</span>Samoin on laita palmupuiden ja viiniköynnösten hedelmien, joista te valmistatte päihdyttäviä juomia ja oivallista ravintoa. Totisesti, tässä on merkki sellaisille, jotka oivaltavat.</p>
      <p>
      <span>68</span>Ja Herrasi antaa käskynsä myös mehiläiselle, sanoen: »Valmista itsellesi pesiä vuoriin ja puihin ja siihen, minkä ihmiset rakentavat.</p>
      <p>
      <span>69</span>Syö sitten kaikkia hedelmiä ja liiku Herrasi osoittamilla teillä.» Mehiläinen erittää väriltään vaihtelevaa juomaa, joka on lääkettä ihmisille. Totisesti, tässä on merkki niille, jotka ajattelevat.</p>
      <p>
      <span>70</span>Jumala on luonut teidät, ja sitten Hän antaa teille täyden palkkanne. Jotkut teistä saavat elää viheliäisimpään vanhuuteen saakka, niin että he eivät tiedä mitään, vaikka heillä aikaisemmin oli tietoa. Totisesti, Jumala on tietävä, mahtava.</p>
      <p>
      <span>71</span>Ja Jumala on korottanut jotkut teistä yli toisten varallisuudessa, mutta nämä varakkaat eivät luovuta rikkauksistaan heidän vallassaan oleville orjille, jotta nämä voisivat tässä olla tasavertaisia. Kieltävätkö he näin Jumalan siunauksen?</p>
      <p>
      <span>72</span>Ja Jumala antaa teille vaimoja omasta keskuudestanne, ja vaimojenne kautta Hän antaa teille poikia ja pojanpoikia. Myöskin Hän varustaa teidät hyvällä ravinnolla. Uskovatko he siis valheeseen ja kieltävät Jumalan siunauksen?</p>
      <p>
      <span>73</span>Paitsi Jumalaa he palvelevat sellaisia, jotka ovat voimattomia hankkimaan heille antimia taivaista tai maan päältä eivätkä kykene auttamaan itseäänkään.</p>
      <p>
      <span>74</span>Siksi älkää asettako ketään muuta Jumalan rinnalle, sillä totisesti, Jumala tietää, mutta te ette tiedä.</p>
      <p>
      <span>75</span>Jumala asettaa vertauskuvaksi toisen omistaman orjan, jolla ei ole valtaa mihinkään, ja toisaalta ihmisen, jolle Me olemme suonut runsaat antimet, joita hän voi käyttää sekä salassa että julkisesti. Voivatko nämä olla tasavertaisia? Jumalalle kuuluu kaikki ylistys, mutta useimmat heistä eivät älyä mitään.</p>
      <p>
      <span>76</span>Ja Jumala asettaa vertailtaviksi kaksi henkilöä: toinen heistä on mykkä, joka ei pysty mihinkään ja on taakkana herralleen; minne tahansa tämä hänet lähettää, hän ei saa aikaan mitään hyvää. Voiko hän olla tasavertainen sen kanssa, joka antaa oikeamielisiä määräyksiä ja itse vaeltaa oikeata tietä?</p>
      <p>
      <span>77</span>Jumalalle kuuluu taivaitten ja maan salaisuus; ja tuomion hetki on kuin silmänräpäys tai on sitäkin lyhempi. Totisesti, Jumala kykenee tekemään kaiken, mitä haluaa.</p>
      <p>
      <span>78</span>Ja Jumala saattaa teidät ulos äitienne kohduista, teidän siitä mitään tietämättä, ja Hän on antanut teille korvat ja silmät ja sydämen, jotta voisitte Häntä kiittää.</p>
      <p>
      <span>79</span>Eivätkö he havaitse, miten linnut noudattavat Jumalan lakeja tyhjässä avaruudessa. Kuka niitä kannattaa paitsi Jumala? Totisesti, tässä on merkkejä niille, jotka uskovat.</p>
      <p>
      <span>80</span>Jumala suo teille lepopaikkoja taloissanne ja valmistaa teille eläinten nahoista telttoja, jotka ovat mukavia sekä vaelluksenne päivinä että viipyessänne paikoillanne; ja eläinten villasta ja turkista ja karvasta te saatte aikanaan taloustarpeita ja hyödyllisiä esineitä.</p>
      <p>
      <span>81</span>Ja Jumala antaa teille suojaa luomisensa tuotteista; Hän on luonut teille turvapaikkoja vuorille ja Hän antaa teille vaatteet suojaksi kuumuutta vastaan ja varusteet, jotka suojelevat teitä taisteluissa. Tällä tavoin Hän täydellistää siunauksensa teitä kohtaan, jotta olisitte Hänelle alamaisia (muslimeja).</p>
      <p>
      <span>82</span>Mutta jos he kääntävät sinulle selkänsä, niin et sinä (Muhammed) ole vastuussa muusta kuin sanoman julistamisesta.</p>
      <p>
      <span>83</span>He tunnustavat Jumalan siunauksen, mutta sitten he kieltävät sen, ja enin osa heistä on kiittämättömiä.</p>
      <p>
      <span>84</span>Tulee päivä, jolloin Me kutsumme esiin todistajan jokaisesta kansasta, ja silloin uskottomien ei sallita puhua, eikä heidän sallita etsiä armahdusta.</p>
      <p>
      <span>85</span>Ja kun väärintekijät kohtaavat rangaistuksensa, he eivät saa siihen mitään lievitystä eikä heille myönnetä armon aikaa.</p>
      <p>
      <span>86</span>Ja kun ne, jotka asettivat Jumalalle tasavertaisia, näkevät nämä epäjumalat, he sanovat: »Oi Herra. Nämä ovat epäjumaliamme, joita me Sinun sijaasi huusimme avuksemme.» Mutta nämä vastaavat heille: »Te olette totisesti valehtelijoita.»</p>
      <p>
      <span>87</span>Ja tuona päivänä he tarjoutuvat alistumaan Jumalalle, ja mitä he taannoin kuvittelivat, häipyy nyt heidän silmistään.</p>
      <p>
      <span>88</span>Niille, jotka valitsevat epäuskon ja estävät ihmisiä Jumalan tietä vaeltamasta, niille Me lisäämme tuskaa tuskan päälle, koska he ovat pahaa tehneet.</p>
      <p>
      <span>89</span>Tulee päivä, jolloin Me kutsumme jokaisesta kansasta, niiden omasta keskuudesta, todistajan heitä vastaan, ja senvuoksi Me asetamme sinutkin todistajaksi näitä ihmisiä vastaan. Olemmehan lähettänyt sinulle Kirjan selitykseksi kaikkinaisiin asioihin sekä johdatukseksi ja armoksi ja ilosanomaksi alamaisille (muslimeille).</p>
      <p>
      <span>90</span>Totisesti, Jumala käskee jakamaan oikeutta, tekemään hyvää ja harjoittamaan armeliaisuutta sukulaisianne kohtaan; ja Hän kieltää riettaudet, pahuuden ja kapinoimisen; Hän kehoittaa teitä ottamaan vaarin.</p>
      <p>
      <span>91</span>Pitäkää liittonne Jumalan kanssa, kun olette liiton tehneet, älkääkä rikkoko valojanne, kun olette ne vahvistaneet; olettehan ottaneet Jumalan valvojaksenne. Totisesti, Jumala tietää teidän tekonne.</p>
      <p>
      <span>92</span>Älkääkä olko naisen kaltaisia, joka purki lankansa säikeiksi kehrättyään sen ensin lujaksi. Te vannotte valojanne ikäänkuin puhdistuaksenne petollisuudesta omassa keskuudessanne puolueen pyrkiessä alistamaan toisen valtaansa. Jumala vain koettelee teitä tällä tavoin, ja ylösnousemuksen päivänä Hän on selvittävä teille sen, mistä kiistelitte.</p>
      <p>
      <span>93</span>Ja jos Jumala olisi niin halunnut, Hän olisi totisesti luonut teidät yhdeksi ainoaksi kansaksi, mutta Hän sallii sen joutua kadotukseen, joka sitä mielii, ja Hän antaa johdatuksensa sille, ken sitä toivoo. Totisesti, te olette kerran vastuussa siitä, mitä olette tehneet.</p>
      <p>
      <span>94</span>Älkää vannoko valoja pettääksenne toisianne, ettei jalkanne liukastuisi seistyään vankasti. Te saatte maistaa pahaa, koska olette estäneet toisia kulkemasta Jumalan tietä, ja teitä on kohtaava suuri rangaistus.</p>
      <p>
      <span>95</span>Älkää myykö liittoanne Jumalan kanssa pilkkahintaan. Totisesti, se mikä teitä odottaa Jumalan luona, on parasta teille; jospa sen vain tietäisitte.</p>
      <p>
      <span>96</span>Se on katoavaista, mitä teillä on, mutta mitä Jumalalla on, se pysyy. Ja totisesti, lujina kestäneille Me maksamme palkan, parhaasta, mitä ovat tehneet.</p>
      <p>
      <span>97</span>Ken tahansa tekee hyvää, olkoon hän mies tai nainen, kun hän samalla on uskovainen, hänen Me totisesti annamme viettää onnellista elämää, ja sellaisille Me maksamme palkan parhaasta, mitä ovat tehneet.</p>
      <p>
      <span>98</span>Kun siis luet Koraania, niin etsi Jumalan luota turvaa saatanaa, tuota karkoitettua, vastaan.</p>
      <p>
      <span>99</span>Totisesti, hänellä ei ole mitään valtaa uskovaisiin, sillä he luottavat Herraansa.</p>
      <p>
      <span>100</span>Saatanan valta ulottuu vain niihin, jotka tekevät liiton hänen kanssaan, ja niihin, jotka asettavat toisia jumalia Jumalan rinnalle.</p>
      <p>
      <span>101</span>Kun Me vaihdamme jonkun säkeistön toiseen - Jumala tietää parhaiten, mitä Hän ylhäältä lähettää - niin he sanovat: »Sinä olet pelkkä väärentäjä.» Useimmat heistä ovat tietämättömiä.</p>
      <p>
      <span>102</span>Sano: totisesti Pyhä Henki on tuonut sen ylhäältä Herraltasi vahvistaakseen uskovaisia sekä johdatukseksi ja ilosanomaksi kuuliaisille (muslimeille).</p>
      <p>
      <span>103</span>Tiedämme perin hyvin, että he vastaavat: »Hänen opettajansa on vain ihminen.» Heidän tarkoittamansa miehen äidinkieli on muukalainen, mutta Koraani on selvää arabiankieltä.</p>
      <p>
      <span>104</span>Totisesti, niille, jotka eivät usko Jumalan merkkeihin, Hän ei anna johdatustansa, vaan heille on varattu tuskallinen tuomio.</p>
      <p>
      <span>105</span>Vain valheita sepittävät ne, jotka eivät usko Jumalan merkkeihin; he ovat valehtelijoita.</p>
      <p>
      <span>106</span>Niitä, jotka kieltävät Jumalan ensin Häneen uskottuaan - emme tarkoita niitä, jotka siihen pakotetaan, vaikkakin heidän sydämensä pysyvät uskossa, vaan niitä, jotka avaavat sydämensä epäuskolle - niitä kohtaa Jumalan viha ja niitä kohtaa suuri rangaistus.</p>
      <p>
      <span>107</span>Tämä tapahtuu sentähden, että he rakastavat enemmän tämän maailman elämää kuin tulevaa, ja koska Jumala ei anna johdatustansa uskottomille.</p>
      <p>
      <span>108</span>Nämä ovat niitä, joiden sydämet ja korvat ja silmät Jumala on sinetöinyt, ja he ovat välinpitämättömiä ihmisiä.</p>
      <p>
      <span>109</span>On epäilemättä totta, että he tulevassa elämässä joutuvat kadotukseen.</p>
      <p>
      <span>110</span>Mutta totisesti, Herrasi on silloin oleva anteeksiantavainen, armollinen niitä kohtaan, jotka pakenivat kotoaan vainottuina ja jotka sitten taistelivat ja pysyivät lujina.</p>
      <p>
      <span>111</span>Tulee päivä, jolloin jokainen sielu saa puhua omasta puolestaan, jolloin jokaiselle sielulle maksetaan täysin ansionsa mukaan, vääryyttä tekemättä.</p>
      <p>
      <span>112</span>Ja Jumala asettaa tarkasteltavaksi sellaisen kaupungin kohtalon, joka eli rauhassa ja tyytyväisyydessä ja nautti runsaita tuloja joka taholta, mutta oli kiittämätön Jumalan siunauksesta, niin että Jumala rankaisi sitä nälällä ja kauhistuksella sen asujainten tekojen vuoksi.</p>
      <p>
      <span>113</span>Heille oli noussut lähettiläs heidän omasta keskuudestaan, mutta he pitivät häntä valehtelijana, ja siksi heitä kohtasi tuomio, koska he olivat väärämielisiä.</p>
      <p>
      <span>114</span>Syökää sitä, mitä Jumala on teille suonut, mikäli se on sallittua ja puhdasta, ja kiittäkää Jumalan siunauksesta, jos Häntä ainoata palvelette.</p>
      <p>
      <span>115</span>Jumala on ainoastaan kieltänyt teitä syömästä itsestään kuollutta, verta, sianlihaa sekä sellaista, mikä on teurastettu jonkun muun kuin Jumalan nimeen. Kuitenkin Jumala on anteeksiantavainen, armollinen sellaista kohtaan, joka on tehnyt väärin hädän pakottamana himoitsematta ja ylittämättä säädettyjä rajoja.</p>
      <p>
      <span>116</span>Ja kun kielenne ovat taipuvaiset valheeseen, älkää sanoko: »Tämä on sallittua ja tuo on kiellettyä», sepittääksenne valhetta Jumalaa vastaan. Totisesti, niillä ei ole menestystä, jotka Jumalasta valheita sepittelevät.</p>
      <p>
      <span>117</span>Lyhyen tuokion he saavat nauttia, ja sitten heitä kohtaa tuskallinen tuomio.</p>
      <p>
      <span>118</span>Ja juutalaisilta olemme kieltänyt sen, mistä jo aikaisemmin sinulle mainitsimme; emmekä Me tehnyt heille vääryyttä, vaan he itse tekivät itselleen vääryyttä.</p>
      <p>
      <span>119</span>Totisesti, Herrasi on anteeksiantavainen, armollinen niitä kohtaan, jotka tekevät tietämättömyydessään pahaa, mutta sitten kääntyvät ja tekevät hyvää.</p>
      <p>
      <span>120</span>Totisesti, Aabraham oli esikuvana ihmissuvulle, kuuliainen Jumalalle, eheä uskossaan eikä lukeutunut pakanoitten joukkoon.</p>
      <p>
      <span>121</span>Hän oli kiitollinen Jumalan siunauksesta, ja Jumala valitsi hänet ja johdatti hänet oikealle tielle.</p>
      <p>
      <span>122</span>Me soimme hänelle hyvää jo tässä maailmassa. Ja totisesti, tulevassa elämässä hän on kuuluva vanhurskaiden joukkoon.</p>
      <p>
      <span>123</span>Sitten Me annoimme sinulle näin kuuluvan käskyn: »Seuraa sinäkin Aabrahamin uskoa, sillä hän ei kuulunut pakanoihin.»</p>
      <p>
      <span>124</span>Sabatti määrättiin vain niille, jotka siitä kiistelevät. Ja totisesti, ylösnousemuksen päivänä Herrasi on ratkaiseva heidän keskinäiset kiistansa.</p>
      <p>
      <span>125</span>Kutsu heitä Herrasi tielle viisaudella ja sopivilla kehoituksilla ja kumoa heidän puheensa parhain keinoin. Totisesti Hän, sinun Herrasi, parhaiten tuntee ne, jotka harhaantuvat Hänen tieltään, ja Hän tuntee myös parhaiten ne, jotka johdatuksessa vaeltavat.</p>
      <p>
      <span>126</span>Ja jos haluatte korvausta, niin perikää se tappiotanne vastaavasti. Mutta jos kestätte kärsivällisinä, niin se on parasta kärsivällisille.</p>
      <p>
      <span>127</span>Pysy siis kärsivällisenä, vaikkakin se on mahdollista vain Jumalan avulla. Älä murehdi heidän tähtensä, äläkä kanna huolta heidän juoniensa takia.</p>
      <p>
      <span>128</span>Totisesti, Jumala on niiden kanssa, jotka hartautta harjoittavat, ja niiden kanssa, jotka tekevät hyvää.</p>
    </div>
  </body>
</html>
