<?xml version="1.0"?>
<html>
  <head>
    <meta http-equiv="Content-Type" content="text/html; charset=utf-8" />
    <title>Israelin Lasten Suura</title>
  </head>
  <body>
    <h1>
    <span>17</span>Israelin Lasten suura</h1>
    <div class="johdanto">
      <h2>JOHDANTO:</h2>
      <p>SEITSEMÄSTOISTA SUURA: Israelin Lapset (Banii Israail) Ilmoitettu Mekassa (111 jaetta )</p>
      <p>Banii Israail, »Israelin lapset», alkaa ja päättyy viittauksena israelilaisiin. Ensimmäinen jae koskee profeetan näkyä, kun hänet yöllä kuljetettiin taivaallisella ratsulla Jerusalemin temppeliin, mistä hänet temmattiin seitsemän taivaan läpi itse Jumalan eteen.</p>
      <p>Tämä suura voitaneen sijoittaa Mekan kauden keskiryhmään, paitsi jae 81, tai - kuten toiset väittävät - jakeet 76-82, jotka on ilmoitettu Medinassa.</p>
    </div>
    <div class="sura">
      <h2>Aloitan JUMALAN, laupiaan Armahtajan, nimeen.</h2>
      <p>
      <span>1</span>Kunnia olkoon Hänelle, joka yön aikana kuljetti palvelijansa pyhitetystä moskeijasta toiseen, kaukaiseen - jonka ympäristön olemme siunanneet - jotta hän saisi nähdä joitakin tunnusmerkeistämme. Totisesti, Hän on kaikkikuuleva, kaikkinäkevä.</p>
      <p>
      <span>2</span>Ja Me annoimme Moosekselle Kirjan johdatukseksi Israelin lapsille ja lausuimme: »Minun sijaani älkää ottako ketään muuta suojelijaa.</p>
      <p>
      <span>3</span>Te olette niiden jälkeläisiä, jotka pelastimme Nooan kanssa. Hän oli totisesti sangen kiitollinen palvelija.»</p>
      <p>
      <span>4</span>Kirjassa Me ilmoitimme tämän Israelin lapsille näin sanoen: »Totisesti, te teette maan päällä pahaa toistamiseen ja tulette peräti pöyhkeiksi.»</p>
      <p>
      <span>5</span>Kun täyttyi ensimmäinen kahdesta määräajasta, Me lähetimme teitä vastaan urhoolliset palvelijamme, ja he samosivat voitollisesti halki asutustenne. Ja tämä oli varoitus, jonka oli pakko toteutua.</p>
      <p>
      <span>6</span>Senjälkeen Me annoimme teille voiton heistä ja siunasimme teitä rakkaudella ja lapsilla sekä lisäsimme teidän lukumääräänne.</p>
      <p>
      <span>7</span>Jos teette hyvää, niin teette sen itsellenne, ja jos teette pahaa, niin senkin teette itsellenne. Kun toisen varoituksen aika meni umpeen, niin tapahtui, että palvelijamme peittivät kasvonne murheella, ja he tunkeutuivat moskeijaan kuten ensimmäiselläkin kerralla ja tuhosivat täydellisesti kaiken, minkä löysivät.</p>
      <p>
      <span>8</span>Voi tapahtua, että Herranne armahtaa teitä, mutta jos käännytte pois, niin Me teemme samoin ja valmistamme helvetin uskottomien vankeuspaikaksi.</p>
      <p>
      <span>9</span>Totisesti, tämä Koraani johtaa kaikkeen oikeaan, ja uskoville, jotka suorittavat hyviä tekoja, se sisältää ilosanoman, että heitä odottaa suuri palkinto.</p>
      <p>
      <span>10</span>Ja että Me niille, jotka eivät usko tulevaan elämään, olemme valmistanut tuskallisen rangaistuksen.</p>
      <p>
      <span>11</span>Ihminen huutaa ylleen pahaa niin kuin hän rukoilee hyvääkin; niin, ihminen pyrkii hätiköimään.</p>
      <p>
      <span>12</span>Me olemme säätänyt yön ja päivän kahdeksi tunnusmerkiksi; yön merkin me pyyhimme näkymättömäksi ja saatamme päivän merkin täyteen valoon, jotta voisitte etsiä Herranne luota ja tietäisitte vuosien kulun ja ajanlaskun. Kaikista asioista Me olemme antanut täydellisen selityksen.</p>
      <p>
      <span>13</span>Jokaisen ihmisen kohtalon Me olemme sitonut hänen kaulansa ympäri, ja ylösnousemuksen päivänä Me tuomme hänen eteensä kirjan, jonka hän huomaa avatuksi.</p>
      <p>
      <span>14</span>Hänelle lausutaan: »Lue omaa kirjaasi! Tänä päivänä olet itse itsellesi riittävä tilintekijä.»</p>
      <p>
      <span>15</span>Jos joku nauttii johdatusta, se tapahtuu vain hänen omaa sieluansa varten, ja jos ken joutuu kadotukseen, sekin tapahtuu yksin hänen sielunsa vahingoksi. Kukaan ei joudu kantamaan toisen kuormaa, emmekä Me rankaise ketään, ennenkuin olemme lähettänyt sananjulistajan.</p>
      <p>
      <span>16</span>Ja kun haluamme tuhota jonkun kaupungin, annamme käskyn sen hyvinvoiville asujamille. Mutta he eivät tottele, jolloin tuomion sana käy oikeutetuksi sitä kohtaan, ja Me tuhoamme sen perinpohjaisesti.</p>
      <p>
      <span>17</span>Miten monta sukupolvea Me olemmekaan hävittänyt Nooan jälkeen! Herrasi tietää kaikki palvelijainsa synnit, Hän on kaikkinäkevä.</p>
      <p>
      <span>18</span>Kun joku havittelee katoavaista, Me joudutamme niitä hänelle niinkuin tahdomme ja kenelle tahdomme. Senjälkeen Me määräämme hänet helvettiin, jonne hän on joutuva häpeän peittämänä ja karkoitettuna.</p>
      <p>
      <span>19</span>Mutta ken toivoo tulevaa elämää ja ponnistelee sen saavuttamiseksi, kuten tuleekin, ollen samalla oikeauskoinen, hän kuuluu niihin, joiden ponnistelut saavat palkkansa.</p>
      <p>
      <span>20</span>Kaikille - niin hyvin jälkimmäisille kuin edellisille - Me ojennamme Herrasi lahjat, ja Herrasi lahjat ovat rajattomat.</p>
      <p>
      <span>21</span>Katso, miten Me korotamme muutamia toisten yläpuolelle, ja tulevassa elämässä eroavaisuudet ja etuoikeudet ovat vielä suuremmat.</p>
      <p>
      <span>22</span>Älä ota toista jumalaa Jumalan rinnalle, muuten saatetaan sinut häpeään ja onnettomuuteen.</p>
      <p>
      <span>23</span>Ja Herrasi on määrännyt, että palvelette yksin Häntä, ja teidän tulee tehdä hyvää vanhemmillenne. Jos toinen heistä tahi molemmat saavuttavat korkean iän sinun luonasi, älä halveksi äläkä soimaa heitä, vaan puhuttele heitä kunnioittavasti.</p>
      <p>
      <span>24</span>Ja myötätunnolla ojenna kätesi heitä kohti ja lausu sävyisästi: »Oi Herra, ole laupias heille, sillä he kasvattivat minua, kun olin pieni.»</p>
      <p>
      <span>25</span>Herranne tietää parhaiten, mitä sydämiinne on kätketty. Jos olette hyviä, niin totisesti Hän silloin on anteeksiantavainen niitä kohtaan, jotka kääntyvät (Hänen puoleensa).</p>
      <p>
      <span>26</span>Tee sukulaisillesi oikeutta, samoin tarvitseville ja vaeltajille, mutta älä antaudu tuhlailuun.</p>
      <p>
      <span>27</span>Totisesti, tuhlarit ovat saatanan veljiä, ja saatana on kiittämätön Herraansa kohtaan.</p>
      <p>
      <span>28</span>Mutta jos käännyt pois heistä etsien Herrasi suosiota, jota itsellesi toivot, puhu heille kuitenkin lempeästi.</p>
      <p>
      <span>29</span>Älä pidä kättäsi sidottuna selkäsi taakse, mutta älä myöskään ojenna sitä täyteen pituuteensa, muuten saat olla häväistynä (itaruudestasi) tai köyhtyneenä (ylenpalttisuudestasi).</p>
      <p>
      <span>30</span>Totisesti, Herrasi suo palkan kenelle haluaa, ja Hän myös mittaa sen määrän. Totisesti, Hän pitää hyvää lukua palvelijoistaan ja on kaikkinäkevä.</p>
      <p>
      <span>31</span>Älkää surmatko lapsianne köyhyyden pelosta. Me hankimme heille elatuksen kuten teillekin. Totisesti, heidän surmaamisensa on inhottava synti.</p>
      <p>
      <span>32</span>Älkää harjoittako haureutta, sillä sellainen on rivoa ja huonoa elämää.</p>
      <p>
      <span>33</span>Älkää syyttä tappako ainoatakaan sielua, sillä Jumala on sen kieltänyt, paitsi oikeuden nimessä. Ja jos joku on surmattu syyttömästi, niin Me annamme vallan hänen sukulaiselleen, mutta älkää salliko tämän mennä liian pitkälle verikostossaan; hän on totisesti saava avun.</p>
      <p>
      <span>34</span>Älkää ryhtykö orpojen perintöön paitsi enentääksenne sitä, ennenkuin he tulevat täysi~ikäisiksi. Täyttäkää sopimuksenne, sillä totisesti, te joudutte niistä tilille.</p>
      <p>
      <span>35</span>Ja mitatkaa täydellä mitalla, kun mittaatte, ja punnitkaa oikeilla punnuksilla. Tämä on parasta ja ajan pitkään edullisinta.</p>
      <p>
      <span>36</span>Älkää noudattako sellaista, mistä teillä ei ole tietoa. Totisesti, korva, silmä ja sydän, kaikki ne joutuvat kerran tilinteolle.</p>
      <p>
      <span>37</span>Älä kulje maan päällä kerskaillen. Totisesti, sinä et kykene leikkaamaan maata kahtia etkä kurkottautumaan vuorten huipuille.</p>
      <p>
      <span>38</span>Kaikki paha, mikä tässä on kielletty, on vihattavaa Herrasi silmissä.</p>
      <p>
      <span>39</span>Nämä kuuluvat niihin viisaisiin sanoihin, joita Herrasi on sinulle ilmoittanut. Älä aseta Jumalan rinnalle ketään muuta jumalaa, muuten sinut häväistynä ja hylättynä heitetään helvettiin.</p>
      <p>
      <span>40</span>Olisiko Herranne valikoinut teille poikia ja ottanut Itse tyttäriä enkeleitten joukosta? Totisesti, te puhutte törkeitä sanoja.</p>
      <p>
      <span>41</span>Totisesti, Me olemme selittänyt (asioita) monin tavoin tässä Koraanissa, jotta ihmiset ne mieleensä painaisivat. Mutta se lisää vain heidän penseyttään.</p>
      <p>
      <span>42</span>Sano; »Jos olisi ollut muitakin jumalia Hänen ohellaan kuten he väittävät - niin he olisivat löytäneet tiensä Kaikkivaltiaan luokse.»</p>
      <p>
      <span>43</span>Kunnia olkoon Hänelle yksin; suuressa korkeudessaan Hän on kokonaan sen yläpuolella, mitä he puhuvat.</p>
      <p>
      <span>44</span>Seitsemän taivasta ja maa sekä kaikki, mitä niissä on, julistavat Hänen kunniaansa. Eikä ole mitään, mikä ei julistaisi Hänen kunniaansa, mutta te ette käsitä heidän kunnioitustaan. Totisesti, Hän on ylevämielinen, anteeksiantava.</p>
      <p>
      <span>45</span>Ja kun esität julkisesti Koraania, me asetamme näkymättömän verhon sinun ja niiden välille, jotka eivät usko tulevaan elämään.</p>
      <p>
      <span>46</span>Ja Me panemme peitteen heidän sydäntensä päälle, niin että he eivät tajua sitä, ja teemme heidät korviltansa kuuroiksi. Ja kun sinä muistutat Koraanin kautta, että Hän on ainoa, he kääntävät selkänsä ja rientävät pois.</p>
      <p>
      <span>47</span>Me tiedämme parhaiten, miksi he kuuntelevat (Koraania), kun he kääntävät korvansa sinun puoleesi, ja kun he pitävät salaisia neuvottelujaan, ja kun väärämieliset sanovat: »Te seuraatte noituuden lumoissa olevaa miestä.»</p>
      <p>
      <span>48</span>Katso, kuinka he keksivät sinusta vertauksia, ja siksi he joutuvat kadotukseen eivätkä kykene löytämään tietä.</p>
      <p>
      <span>49</span>Ja he sanovat: »Mitä, herätetäänkö meidät uuteen elämään senjälkeen kuin olemme muuttuneet luiksi ja tomuksi?»</p>
      <p>
      <span>50</span>Vastaa: »Vaikkapa muuttuisitte kiviksi tahi raudaksi</p>
      <p>
      <span>51</span>taikka joksikin muuksi, mikä mielestänne on kaikkein pahinta.» He sanovat jälleen: »Kuka sitten herättää meidät uudelleen eloon?» Vastaa: »Hän, joka teidät alussa loi.» Silloin he pudistelevat sinulle päätään ja sanovat: »Milloin tämä tapahtuu?» Vastaa: »Se tapahtuu ehkä hyvinkin pian.»</p>
      <p>
      <span>52</span>Sinä päivänä Hän on kutsuva teitä, ja te vastaatte ylistäen Häntä ja luulette, että teidän elämänne oli pysähtynyt vain lyhyeksi ajaksi.</p>
      <p>
      <span>53</span>Ja sanokaa palvelijoilleni, että he puhuisivat niinkuin on parasta. Totisesti, saatana herättää riitaisuuksia heidän keskuuteensa. Saatana on ihmissuvun ilmeinen vihollinen.</p>
      <p>
      <span>54</span>Herranne tuntee teidät parhaiten. Hän osoittaa teille armoansa, jos haluaa, ja Hän voi panna teidät kuritukseen, jos hyväksi näkee. Emme me ole lähettänyt sinua heidän vartijakseen.</p>
      <p>
      <span>55</span>Herrasi tuntee myös parhaiten ne, jotka ovat taivaassa ja maan päällä. Ja totisesti, Me olemme korottanut muutamia profeettoja toisten yläpuolelle ja annoimme Daavidille psalmit (kirjoituksen).</p>
      <p>
      <span>56</span>Sano: »Kutsukaa avuksenne niitä, joita kuvittelette Jumalan vertaisiksi: heillä ei ole valtaa poistaa teidän vaivojanne eikä muuttaa niiden paikkaa.»</p>
      <p>
      <span>57</span>Ne, joita he kutsuvat avukseen, koettavat itse lähestyä Herraansa, nähdäkseen, kuka heistä olisi Häntä lähinnä. He halajavat Hänen armoansa ja pelkäävät Hänen tuomiotansa. Totisesti, Herrasi tuomio on kammottava.</p>
      <p>
      <span>58</span>Ei ole ainoatakaan kaupunkia, jota emme tuhoaisi ennen ylösnousemuksen päivää tahi jolle emme langettaisi ankaraa tuomiota. Tämä on kirjoitettu Kirjassa.</p>
      <p>
      <span>59</span>Mikään ei estä Meitä lähettämästä merkkejä, mutta on totta, että muinoin eläneet kielsivät ne. Ja Me annoimme Tamuudille naaraskameelin näkyväksi merkiksi, mutta he rääkkäsivät sitä. Siksi Me lähetämme merkkejä vain varoitukseksi.</p>
      <p>
      <span>60</span>Muista, mitä Me sinulle lausuimme: »Totisesti, Herrallasi on ihmissuku vallassaan.» Ja ilmestyksen, jonka sinulle näytimme, Me annoimme vain koetukseksi ihmisille, samoin kuin Koraanin kirotun puun. Ja Me varoitimme heitä, mutta se lisää vain heidän suurta kapinallisuuttaan.</p>
      <p>
      <span>61</span>Ja kun lausuimme enkeleille: »Kumartakaa ihmistä», niin he kumarsivat kaikki paitsi saatana. Hän sanoi: »Tulisiko minun kumartua sellaisen edessä, jonka Sinä olet savesta luonut?»</p>
      <p>
      <span>62</span>Ja edelleen hän lausui: »Sano minulle, häntäkö Sinä enemmän kunnioitat kuin minua? Totisesti, jos Sinä suot minulle aikaa ylösnousemuksen päivään saakka, niin saatan turmioon hänen jälkeläisensä muutamia harvoja lukuunottamatta.»</p>
      <p>
      <span>63</span>Hän vastasi: »Mene! Jos joku heistä sinua seuraa, on helvetti oleva palkkanne, ja se on riittävä palkka.</p>
      <p>
      <span>64</span>Ja viettele äänelläsi kenet heistä kykenet, ja käy heidän kimppuunsa sekä ratsu- että jalkaväkinesi, ole osallisena heidän omaisuuteensa sekä heidän lapsiinsa ja anna heille lupauksia.» Mutta saatana ei anna lupauksia muuten kuin pettääkseen.</p>
      <p>
      <span>65</span>»Mutta minun palvelijoihini sinulla totisesti ei ole mitään käskynvaltaa, ja Herrasi on riittävä vartija.»</p>
      <p>
      <span>66</span>Kuka muu kuin Herra työntää laivanne vesille etsiäksenne Hänen armonantimiaan. Totisesti, Hän on armollinen teitä kohtaan.</p>
      <p>
      <span>67</span>Ja kun onnettomuus kohtaa teitä merellä, niin silloin muut, joita avuksenne kutsutte, häipyvät silmistänne paitsi Jumala. Mutta kun Hän pelastaa teidät maihin, niin te käännytte Hänestä pois. Ihminen on perin kiittämätön.</p>
      <p>
      <span>68</span>Oletteko varmoja, ettei Hän anna maan haudata teitä alleen tai lähetä teille hirmumyrskyä? Silloin ette löydä itsellenne ketään suojelijaa.</p>
      <p>
      <span>69</span>Tahi oletteko varmoja, ettei Hän vie teitä joskus uudelleen merelle ja lähetä vastaanne myrskytuulta ja hukuta teitä epäuskonne vuoksi? Silloin ette löydä ketään, joka puolestanne kostaisi Meille.</p>
      <p>
      <span>70</span>Totisesti, Me olemme saattanut ihmisen lapsia kunniaan ja antanut heille kulkuneuvoja sekä maalla että merellä. Ja olemme varustanut heidät puhtaalla ravinnolla sekä asettanut heidät useimpien muitten luotujen yläpuolelle.</p>
      <p>
      <span>71</span>Tulee päivä, jona kutsumme kaikki kansat johtajineen eteemme tilille. Ja silloin kukin, jolle on annettu oma kirjansa oikeaan käteen, lukee kirjastaan, eikä heille tehdä vääryyttä hivenen vertaa.</p>
      <p>
      <span>72</span>Mutta ken on sokea tässä elämässä, on sentakia sokea myös tulevassa elämässä ja aivan harhaantunut oikealta tieltä.</p>
      <p>
      <span>73</span>Ja he olisivat halunneet houkutella sinua luopumaan siitä, mitä sinulle olimme ilmaissut, tarkoittaen että olisit keksinyt panetteluja Meitä vastaan, ja katso, siinä tapauksessa he olisivat ottaneet sinut läheiseksi ystäväkseen.</p>
      <p>
      <span>74</span>Totisesti, jos emme olisi sinua vahvistanut, olisit heidän puoleensa vähän taipunutkin.</p>
      <p>
      <span>75</span>Silloin olisimme antanut sinun maistaa kaksinkertaisesti elämässä ja kaksinkertaisesti kuolemassa, etkä olisi silloin saanut ainoatakaan auttajaa Meitä vastaan.</p>
      <p>
      <span>76</span>He olisivat totisesti toivoneet sinun lankeavan, jotta olisivat sitten voineet karkoittaa sinut maasta, mutta siinä tapauksessa he itse eivät olisi viipyneet kauankaan sinun jälkeesi.</p>
      <p>
      <span>77</span>Tällainen oli käskymme, kun lähetimme ennen sinua sanamme julistajia, ja sinun suhteesi eivät käskymme muutu.</p>
      <p>
      <span>78</span>Suorita rukouksesi, oi Muhammed, päivän noususta yön pimeyteen saakka ja lue Koraania aamun koitteessa. Totisesti, ei aamuhartaus jää kuulematta.</p>
      <p>
      <span>79</span>Ole valveilla osa yöstä; tämä olkoon lisätehtäväsi. Ehkä Herrasi nostaa sinut kunniakkaaseen asemaan.</p>
      <p>
      <span>80</span>Ja sano: »Herra, salli minun käydä sisälle ja ulos aina totuuden tietä, ja suo minulle voimakasta apuasi.»</p>
      <p>
      <span>81</span>Ja sano vielä: »Totuus on tullut ja valhe on häipynyt. Totisesti, valhe on tuomittu katoamaan.»</p>
      <p>
      <span>82</span>Ja Me lähetämme ylhäältä sellaista Koraanin sisältöä, mikä on parannukseksi ja armoksi uskovaisille, mutta vain edistää väärämielisten, häviötä.</p>
      <p>
      <span>83</span>Ja kun Me lähetämme siunauksemme jollekin ihmiselle, hän kääntyy pois ja vetäytyy syrjään, mutta kun häntä kohtaa onnettomuus, hän joutuu epätoivoon.</p>
      <p>
      <span>84</span>Sano: »Jokainen toimii omalla tavallaan, mutta Herranne tietää parhaiten, kuka on helpoimmin johdateltavissa oikealle tielle.»</p>
      <p>
      <span>85</span>He tekevät sinulle myöskin kysymyksiä Hengen suhteen. Vastaa: »Henki lähtee Herrani sanoista, mutta teille on annettu sangen vähän oikeata tietoa.»</p>
      <p>
      <span>86</span>Ja jos olisimme halunnut, olisimme totisesti voinut peruuttaa sen, minkä olimme sinulle ilmoittanut, etkä olisi silloin löytänyt ketään, joka olisi sinua auttanut Meitä vastaan.</p>
      <p>
      <span>87</span>Mutta sait armon Herraltasi. Totisesti, suuri on Hänen laupeutensa sinua kohtaan.</p>
      <p>
      <span>88</span>Sano: »Totisesti, vaikka kaikki ihmiset ja dzinnit yhdessä yrittäisivät saada aikaan tämänkaltaisen Koraanin, niin he eivät kykenisi siihen, vaikkapa auttaisivatkin toisiaan.»</p>
      <p>
      <span>89</span>Totisesti, Me olemme tässä Koraanissa esittänyt erilaisia vertauksia ihmisille, mutta useimmat kieltäytyvät omaksumasta muuta kuin epäuskon.</p>
      <p>
      <span>90</span>Ja he sanovat: »Emme todellakaan usko sinuun, ellet saa lähdettä suihkuamaan maasta;</p>
      <p>
      <span>91</span>tai ellet voi aikaansaada itsellesi puutarhaa palmupuineen ja viiniköynnöksineen ja anna jokien virrata sen halki;</p>
      <p>
      <span>92</span>tai ellet saa taivasta hajoamaan päällemme, kuten uskot; tai ellet voi tuoda Jumalaa ja enkeleitä eteemme todistajiksi,</p>
      <p>
      <span>93</span>tai ellet hanki itsellesi kultaista taloa; tai ellet astu taivaaseen. Mutta emme usko taivaaseenastumiseesi, ellet ylhäältä lähetä meille Kirjaa, jota saatamme lukea.» Vastaa heille: »Kunnia olkoon Herralle, olen vain ihmisolento, pelkkä lähettiläs.»</p>
      <p>
      <span>94</span>Mikään muu ei estä ihmisiä uskomasta - johdatuksen saatuaan - kuin se, että he sanovat: »Asettaako Jumala ihmisolennon lähettilääksi?»</p>
      <p>
      <span>95</span>Vastaa: »Jos olisi sopivaa, että maan päällä vaeltaisi enkeleitä, olisimme kyllä lähettänyt heille enkelin sanansaattajaksi.»</p>
      <p>
      <span>96</span>Sano edelleen: »Jumala on riittävä todistaja minun puolestani teitä vastaan; totisesti, Hän tietää palvelijainsa asiat ja pitää heitä silmällä.»</p>
      <p>
      <span>97</span>Ja ken Jumalan johtoon alistuu, nauttii oikeata johdatusta, mutta ken on kadotuksen oma, hänelle et löydä muuta suojelijaa Jumalan asemesta. Ja ylösnousemuksen päivänä Me kokoamme heidät yhteen, ja he makaavat kasvoillaan, sokeina, mykkinä ja kuuroina. Heidän asuntonsa on helvetti; joka kerran, kun sen tuli pienenee, Me lisäämme sen liekkiä.</p>
      <p>
      <span>98</span>Tämä on heidän palkkansa, koska he kielsivät Meidän merkkimme ja sanoivat: »Kuinka meidät herätettäisiin uuteen elämään senjälkeen kuin olemme muuttuneet luiksi ja tomuksi?»</p>
      <p>
      <span>99</span>Eivätkö he ole vieläkään älynneet, että Jumala, joka on luonut taivaat ja maan, kykenee myös luomaan heidän kaltaisiaan? Olemme myös asettanut heille määräajan, josta ei ole epäilystä, mutta väärämieliset kieltäytyvät omaksumasta muuta kuin epäuskonsa.</p>
      <p>
      <span>100</span>Sano: »Jos teillä olisi hallussanne Herrani armoaarteet, niin totisesti pitäisitte ne lukon takana pelosta, että ne ehtyisivät. Ihminen on taipuvainen itaruuteen.»</p>
      <p>
      <span>101</span>Totisesti, Me annoimme Moosekselle yhdeksän selvää merkkiä. Kysykää siis Israelin lapsilta, kun hän saapui heidän luokseen ja Farao sanoi hänelle: »Mooses, minusta tuntuu totisesti siltä, että olet noiduttu.»</p>
      <p>
      <span>102</span>Hän vastasi: »Totisesti, sinä tiedät, ettei muu kuin taivaitten ja maan Herra ole lähettänyt näitä merkkejä opastukseksi,ja minä uskon, Farao, että sinä kuulut kadotettujen joukkoon.»</p>
      <p>
      <span>103</span>Silloin Farao tahtoi ajaa heidät maasta, mutta Me hukutimme hänet ja kaikki hänen mukanaan olleet.</p>
      <p>
      <span>104</span>Tämän jälkeen Me sanoimme Israelin lapsille: »Asettukaa asumaan pyhään maahan, ja kun tulevaisuuden lupaus täytetään, Me saatamme teidät kaikki yhteen.»</p>
      <p>
      <span>105</span>Me olemme Koraanin lähettänyt ylhäältä totuuden sanomana, ja totuuden sanomana se on saapunut maan päälle, ja Me olemme lähettänyt sinut vain ilosanoman tuojaksi ja varoittajaksi.</p>
      <p>
      <span>106</span>Ja tämän Koraanin Me olemme jakanut osiin, jotta vähitellen lukisit sen ihmisille. Ja Me olemme järjestänyt sen julistamisen siten, että se on osa osalta tullut ylhäältä.</p>
      <p>
      <span>107</span>Sano: »Voitte uskoa siihen tai olla uskomatta. Totisesti, ne, joille jo sitä ennen on annettu tieto, lankeavat kunnioituksesta kasvoilleen, kun kuulevat sitä luettavana</p>
      <p>
      <span>108</span>Ja he lausuvat: »Kunnia olkoon Herrallemme! Hänen lupauksensa on totisesti täyttyvä.»</p>
      <p>
      <span>109</span>Ja kyynelsilmin he lankeavat kasvoilleen, sillä se on lisännyt heidän nöyryyttään.</p>
      <p>
      <span>110</span>Sano: »Rukoilkaa Häntä Jumalana tai rukoilkaa Häntä armahtajana; millä nimellä Häntä rukoillettekin, niin totta on, että kaikki hyvät nimet kuuluvat Hänelle. Äläkä rukoillessasi korota liiaksi ääntäsi äläkä myöskään laske sitä liian matalaksi, vaan koeta löytää keskitie näiden väliltä.»</p>
      <p>
      <span>111</span>Sano myöskin: »Kunnia ja ylistys Jumalalle, joka ei ole hankkinut itselleen lasta ja jolla ei valtasuuruudessaan ole ketään tasavertaista. Ei Hänellä myöskään ole liittolaista alamaisten keskuudessa.» Julistakaa Hänen suuruuttaan ylistäen.</p>
    </div>
  </body>
</html>
