<?xml version="1.0"?>
<html>
  <head>
    <meta http-equiv="Content-Type" content="text/html; charset=utf-8" />
    <title>Marian Suura</title>
  </head>
  <body>
    <h1>
    <span>19</span>Marian suura</h1>
    <div class="johdanto">
      <h2>JOHDANTO:</h2>
      <p>YHDEKSÄSTOISTA SUURA: Maria (Mariam) Ilmoitettu Mekassa ( 98 jaetta )</p>
      <p>Mariam, saa nimensä jakeesta 16. Seuraava perimätieto todistaa, että suura kuuluu Mekassa ilmoitettujen suurain varhaisimpaan ryhmään:</p>
      <p>Viidentenä lähetysvuonnansa (yhdeksäntenä ennen Hedzraa) profeetta salli joukon köyhimpiä käännytettyjään muuttaa Abessiniaan, kristittyyn maahan, jossa heitä ei vainottaisi, vaikka he palvelivat yhtä Jumalaa. Tätä nimitetään ensimmäiseksi Hedzraksi. Mekan hallitusmiehet pyysivät lähettiläiden välityksellä negusta luovuttamaan heidät ja syyttivät heitä siitä, että he olivat luopuneet oman kansansa uskonnosta liittymättä kuitenkaan kristinuskoon. Myöskin syytettiin heitä kotimaassa tekemistään vääryyksistä. Negus (vastoin lähettiläiden tahtoa) lähetti hakemaan pakolaisten edustajia ja valtakuntansa piispojen läsnäollessa pyysi tietoja heidän uskonnostaan. Jaafar ibn Abu Tälib, profeetan serkku, vastasi (käännös on Ibn Ishak'in selostuksesta):</p>
      <p>»Me olimme tietämättömyyteen vajonnut kansa, palvelimme epäjumalia, söimme eläinten raatoja, elimme riettaudessa rikkoen sukulaisuussiteitä ja naapurisopua, sillä mahtavat meillä ryöstivät heikoilta. Sellaisia me olimme, kunnes Jumala meille lähetti sananjulistajan omasta keskuudestamme, ja me tunsimme hänen sukuperänsä, rehellisyytensä, luotettavuutensa ja siveytensä. Hän kutsui meitä Jumalan tykö, että me tunnustaisimme Hänen yksinvaltiutensa, palvelisimme Häntä ja luopuisimme kaikista kivistä ja epäjumalista, joita me isiemme tapaan palvelimme Jumalan rinnalla. Hän kehoitti meitä totuuteen, lupauksemme täyttämiseen, sukulaisuus~ ja naapurisuhteiden kunnioittamiseen sekä veren karttamiseen ja kielsi meitä irstaudesta ja valheesta, ryöstämästä orpojen omaisuutta ja syyttämästä kelpo aviovaimoja. Edelleen hän käski meidän palvella ainoastaan Jumalaa asettamatta ketään Hänen rinnalleen; hän velvoitti meitä rukoukseen, säädettyjen almujen antamiseen ja paastoamiseen.» (ja hän luetteli negukselle islaamin opetukset.)</p>
      <p>»Niin me luotimmekin häneen ja uskoimme häneen, noudatimme sitä, minkä hän oli saanut Jumalalta, ja palvelimme yksinomaan Jumalaa, jonka vertaisena emme mitään muuta pitäneet. Me kartoimme kaikkea meiltä kiellettyä ja nautimme kaikesta meille sallitusta. Ja kansamme tuli vihamieliseksi meitä kohtaan, ahdisti meitä ja koetti käännyttää meitä uskostamme palauttaakseen meidät Jumalan, Ylhäisen, alamaisuudesta epäjumalien palvontaan ja paheisiin, joita olimme ennen pitäneet luvallisina.»</p>
      <p>»Ja kun he vainosivat ja sortivat meitä, estäen meitä harjoittamasta uskontoamme, tulimme me Sinun maahasi, valitsimme Sinut ennen muita ja etsimme Sinun suojelustasi, toivoen, ettei meitä vainottaisi Sinun maassasi, kuningas!»</p>
      <p>Silloin negus kysyi häneltä: »Onko sinulla mukanasi mitään siitä, mitä Jumala hänelle ilmoitti?» Jaafar vastasi: »On.» Silloin negus sanoi: »Lue se minulle», ja Jaafar luki hänelle tekstin alkulyhennykset: »Kaaf, Haa, Jaa, Ain, Saad» - arabialaiset kirjaimet, joilla tämä suura alkaa. Ensimmäiset muslimit tavallisesti käyttivät kirjaimia otsikoiden asemesta. Näin ollen tämän suuran täytyy olla ilmoitettu ja hyvin tunnettu ennen siirtolaisten lähtöä Abessiniaan.</p>
      <p>Tämä suura kuuluu Mekassa ilmoitettujen suurain varhaiseen ryhmään, paitsi kenties jakeet 59 ja 60, jotka muutamien selittäjien mukaan on Medinassa ilmoitettu.</p>
    </div>
    <div class="sura">
      <h2>Aloitan JUMALAN, laupiaan Armahtajan, nimeen.</h2>
      <p>
      <span>1</span>Kaaf, Haa, Jaa, Ain, Saad.</p>
      <p>
      <span>2</span>Tämä on muistutus Herrasi laupeudesta palvelijaansa Sakariaa kohtaan,</p>
      <p>
      <span>3</span>kun hän salassa huokasi Herrallensa.</p>
      <p>
      <span>4</span>Hän lausui: »Herrani, totisesti minun ruumiini luut ovat heikentyneet ja ikäni vuoksi minun päässäni välkkyvät harmaat hiukset, mutta milloinkaan ei onni ole minua pettänyt rukoillessani Sinua, oi Herrani.</p>
      <p>
      <span>5</span>Minä pelkään sukulaisiani, jotka tulevat perijöikseni; onhan vaimoni hedelmätön; sentähden låhjoita minulle jälkeläinen,</p>
      <p>
      <span>6</span>joka perisi minut ja myöskin Jaakobin lapset, ja oi Herrani, tee hänestä Sinulle mieluisa.»</p>
      <p>
      <span>7</span>Oi Sakarias, totisesti, Me ilmoitamme sinulle ilosanoman pojasta, jonka nimi olkoon Johannes. Emme ole vielä luonut ketään sen nimistä.</p>
      <p>
      <span>8</span>Hän sanoi: »Herra, kuinka minä voin saada pojan, kun vaimoni on hedelmätön ja itseni on korkea ikä jo heikentänyt?»</p>
      <p>
      <span>9</span>Jumala vastasi: »Niin tapahtuu, sanoo Herrasi, se on helppo asia Minulle. Olenhan jo aikaisemmin luonut sinut tyhjästä.»</p>
      <p>
      <span>10</span>Hän sanoi: »Herra, anna minulle jokin tunnusmerkki!» Jumala lausui: »Se olkoon sinulle merkiksi, ettet voi kolmeen vuorokauteen puhua ihmisille mitään, vaikka olet aivan terve.»</p>
      <p>
      <span>11</span>Senjälkeen hän astui ulos rukouskammiosta kansansa eteen ja puhui kansalleen merkkien avulla: »Julistakaa Hänen kunniaansa aamuin ja illoin.»</p>
      <p>
      <span>12</span>Ja hänen pojalleen sanottiin: »Oi Johannes, ota Kirja vastaan halukkaasti!» ja Me annoimme Hänelle viisautta, kun hän oli vielä lapsi.</p>
      <p>
      <span>13</span>Annoimme hänelle myös innoitusta ja viattomuutta omastamme, ja hän kunnioitti vanhempiaan</p>
      <p>
      <span>14</span>ja oli hyvä heitä kohtaan. Hän ei ollut kapinallinen eikä tottelematon.</p>
      <p>
      <span>15</span>Rauha olkoon hänelle sinä päivänä, jolloin hän syntyi, ja sinä päivänä, jolloin hän kuolee, sekä sinä päivänä, jolloin hänet herätetään kuolleista.</p>
      <p>
      <span>16</span>Mainitse Kirjassa myös Mariasta: Hän lähti perheensä luota yksinäiseen paikkaan idässä.</p>
      <p>
      <span>17</span>Ja hän otti hunnun, joka verhosi hänet heidän katseiltaan. Senjälkeen Me lähetimme henkemme hänen luokseen, ja se ilmestyi hänelle aivan kuin ihmisolento.</p>
      <p>
      <span>18</span>Maria lausui: »Totisesti, minä etsin sinua vastaan turvaa laupeimpaan (Jumalaan) luottaen, jos olet hurskas.»</p>
      <p>
      <span>19</span>Hän vastasi: »Minä olen vain Herrasi lähettiläs ja tuon sinulle viattoman pojan.»</p>
      <p>
      <span>20</span>Maria sanoi: »Kuinka minä voisin saada pojan, kun kukaan ihminen ei ole minuun koskenut enkä ole siveetön?»</p>
      <p>
      <span>21</span>Hän vastasi: »Näin sanoo Herrasi: 'Se on helppo asia Minulle, ja se on oleva merkkinä ihmissuvulle ja armonosoituksena Meiltä; onhan asia jo ratkaistu.'»</p>
      <p>
      <span>22</span>Silloin Maria vastaanotti hänen lupauksensa ja siirtyi kauas syrjäiseen paikkaan.</p>
      <p>
      <span>23</span>Sitten synnytystuskat pakottivat hänet nojautumaan taatelipalmun runkoon. Hän lausui: »Voi, kun olisin kuollut ennen tätä ja minut olisi kokonaan unohdettu.»</p>
      <p>
      <span>24</span>Silloin ääni hänen altaan kutsui häntä ja sanoi: »Älä murehdi, totisesti Herrasi on asettanut lähteen jalkojesi juureen.</p>
      <p>
      <span>25</span>Ravista palmun runkoa, niin sinulle putoilee kypsiä taateleita.</p>
      <p>
      <span>26</span>Sentähden syö ja juo ja kirkastukoon silmäsi. Ja jos näet jonkun ihmisen, niin sano hänelle: »Totisesti, minä olen Laupeimmalle luvannut paastota enkä siis voi puhua tänään kenenkään ihmisolennon kanssa.»</p>
      <p>
      <span>27</span>Sitten hän palasi kansansa luokse kantaen lastaan. He huudahtivat: »Oi Maria, totisesti sinä olet tehnyt sangen pahasti.</p>
      <p>
      <span>28</span>Oi Aaronin sisar, sinun isäsi ei ollut kelvoton mies eikä äitisi huono nainen.»</p>
      <p>
      <span>29</span>Mutta hän vain osoitti lastaan. He sanoivat: »Kuinka voisimme puhua sellaiselle, joka on vielä kehdossa oleva lapsi?»</p>
      <p>
      <span>30</span>Poika vastasi: »Totisesti, minä olen Jumalan palvelija. Hän on antanut minulle Kirjan ja Hän on tehnyt minut profeetaksi.</p>
      <p>
      <span>31</span>Hän antaa minulle siunauksensa missä tahansa olenkin, ja Hän on määrännyt minun tehtäväkseni rukoilemisen ja almut niin kauan kuin elän.</p>
      <p>
      <span>32</span>(Hän on luonut minut) hyväksi äitiäni kohtaan, eikä Hän ole tehnyt minua kapinalliseksi, onnettomaksi.</p>
      <p>
      <span>33</span>Rauha ylläni sinä päivänä, jolloin synnyin, sinä päivänä, jolloin kuolen sekä sinä päivänä, jolloin minut herätetään kuolleista.»</p>
      <p>
      <span>34</span>Tällainen on Jeesus, Marian poika. Tämä on tosi sanoma, josta he kuitenkin kiistelevät.</p>
      <p>
      <span>35</span>Jumalan ei ole soveliasta hankkia itselleen poikaa; kunnia olkoon Hänelle! Kun Hän päättää jonkin asian, Hänen tarvitsee vain sanoa: »Tapahtukoon!» ja se tapahtuu.</p>
      <p>
      <span>36</span>Totisesti, Jumala on minun Herrani ja myöskin teidän Herranne; palvelkaa siis Häntä; tämä on oikea tie.»</p>
      <p>
      <span>37</span>Mutta lahkolaiset olivat keskenään erimielisiä; voi uskottomia, kun viimeinen päivä heidät kohtaa!</p>
      <p>
      <span>38</span>Kuinka hyvin he kuulevatkaan ja näkevät sinä päivänä, jolloin he astuvat eteemme! Mutta tänä päivänä väärämieliset ovat vielä suuren harhan vallassa.</p>
      <p>
      <span>39</span>Varoita heitä murheen päivästä, jolloin asia on jo ratkaistu, koska he ovat välinpitämättömiä ja epäuskoisia.</p>
      <p>
      <span>40</span>Totisesti, Me perimme maan ja kaikki, jotka siinä ovat. Ja Meidän luoksemme on heidän palattava.</p>
      <p>
      <span>41</span>Mainitse Kirjassa myös Aabrahamista. Hän oli vanhurskas mies sekä profeetta.</p>
      <p>
      <span>42</span>Hän lausui isälleen: »Oi isäni, miksi palvelet sellaista, joka ei kuule eikä näe eikä kykene vähääkään sinua auttamaan?</p>
      <p>
      <span>43</span>Oi isäni, totisesti minulle on suotu tietoa, jota sinä et ole saanut, sentähden seuraa minua, minä olen johdattava sinut oikealle tielle.</p>
      <p>
      <span>44</span>Oi isäni, älä palvele saatanaa. Totisesti, saatana on tottelematon Laupeimmalle.</p>
      <p>
      <span>45</span>Oi isäni, minä pelkään, että Laupeimman kuritus on sinua kohtaava ja että sinusta tulee saatanan liittolainen.»</p>
      <p>
      <span>46</span>Hän vastasi: »Oletko luopunut minun jumalistani, oi Aabraham? Totisesti, ellet muuta mieltäsi, niin minä olen kivittävä sinut kuoliaaksi. Poistu luotani pitkäksi aikaa.»</p>
      <p>
      <span>47</span>Aabraham sanoi: »Rauha olkoon sinulle. Olen rukoileva sinulle Herraltani anteeksiantoa. Totisesti, Hän on lempeä minua kohtaan.</p>
      <p>
      <span>48</span>Mutta minä luovun sinusta ja siitä, mitä sinä rukoilet Jumalan asemesta. Minä olen rukoileva Herraani ja ehkäpä en ole suotta vetoava Herraan.»</p>
      <p>
      <span>49</span>Kun hän oli vaeltanut pois heidän luotaan ja hylännyt sen, mitä he palvelivat, Me annoimme hänelle lisakin ja Jaakobin ja teimme kummastakin profeetan.</p>
      <p>
      <span>50</span>Ja Me soimme heille armoamme ja teimme heistä kuuluisia miehiä, totuuden julistajia.</p>
      <p>
      <span>51</span>Mainitse Kirjassa myös Mooseksesta. Totisesti, hän kuului valittujen joukkoon ja hän oli myös lähettiläs ja profeetta.</p>
      <p>
      <span>52</span>Me kutsuimme hänet vuoren oikealta puolelta ja sallimme hänen läheltä puhutella Itseämme.</p>
      <p>
      <span>53</span>Ja armossamme Me teimme hänen veljestään Aaronista profeetan.</p>
      <p>
      <span>54</span>Muista Kirjassa myös Ismaelia. Totisesti, hän oli lupaukselle uskollinen, ja hän oli myös lähettiläs ja profeetta.</p>
      <p>
      <span>55</span>Hän määräsi perheensä rukoilemaan ja antamaan almuja ja hän oli Herrallensa mieluinen.</p>
      <p>
      <span>56</span>Muista Kirjassa myös Idrisiä. Totisesti, hän oli uskollinen ja hänkin oli profeetta.</p>
      <p>
      <span>57</span>Ja Me ylensimme hänet korkeaan asemaan.</p>
      <p>
      <span>58</span>Nämä kaikki olivat niitä, joille Me annoimme siunauksemme. He olivat profeettoja Aadamin jälkeläisten joukossa ja niiden, jotka pelastimme Nooan mukana. Samoin Aabrahamin ja Ismaelin jälkeläisten joukossa sekä niiden, joille olemme antanut johdatuksen ja jotka olemme valinnut. Kun heille lueteltiin laupeimman Jumalan tunnusmerkkejä, he lankesivat maahan palvoen ja kyyneliä vuodattaen.</p>
      <p>
      <span>59</span>Mutta heidän jälkeensä tuli sellaisia, jotka laiminlöivät rukouksensa ja seurasivat himojaan. Siksi he saavatkin palkan luopumuksestaan.</p>
      <p>
      <span>60</span>Mutta ne, jotka kääntyvät Jumalan puoleen ja uskovat ja jotka suorittavat hyviä tekoja, saavat astua puutarhaan, eikä heille tehdä pienintäkään vääryyttä:</p>
      <p>
      <span>61</span>he astuvat heille näkymättömiin autuaisiin puutarhoihin, jotka Armahtaja on palvelijoillensa luvannut. Totisesti, Hänen lupauksensa on täyttyvä.</p>
      <p>
      <span>62</span>He eivät kuule siellä mitään turhaa puhetta, vaan ainoastaan sanan »Rauha!» Ja ravintonsa he saavat sekä aamuin että illoin.</p>
      <p>
      <span>63</span>Tällainen on puutarha, jonka Me annamme perinnöksi niille palvelijoillemme, jotka ovat hurskaita.</p>
      <p>
      <span>64</span>Ja enkelit sanovat: »Me laskeudumme maan päälle vain Herrasi käskystä. Hänelle kuuluu kaikki, mikä on edessämme ja mikä on takanamme, ja kaikki, mikä on näiden välissä.» Eikä Herrasi ole huonomuistinen.</p>
      <p>
      <span>65</span>Hän on taivaitten ja maan ja kaiken niiden välisen Herra. Sentähden palvelkaa Häntä ja pysykää kestävinä palvelemisessanne. Tunnetko ketään, joka olisi Hänen nimensä kaltainen?</p>
      <p>
      <span>66</span>Ja kuitenkin ihminen sanoo: »Kuinka, herätetäänkö minut todellakin kuoltuani jälleen eloon?»</p>
      <p>
      <span>67</span>Eikö ihminen lainkaan muista, että Me loimme hänet jo kerran ennen aivan tyhjästä?</p>
      <p>
      <span>68</span>Herrasi kautta! Me kokoamme varmasti heidät ja saatanat ja saatamme heidät polvistumaan helvetin ympärille.</p>
      <p>
      <span>69</span>Senjälkeen Me erotamme jokaisesta lahkosta ne, jotka kiivaimmin uhmailivat Laupeinta vastaan.</p>
      <p>
      <span>70</span>Totisesti, Me tunnemme parhaiten ne, jotka suurimmalla syyllä on syöstävä helvettiin.</p>
      <p>
      <span>71</span>Teidän joukossanne ei ole ainoatakaan, joka ei sinne joutuisi. Tämä on Herrasi sitova määräys.</p>
      <p>
      <span>72</span>Sitten Me pelastamme ne, jotka harjoittavat hartautta, mutta väärintekijät Me hylkäämme sinne polvillensa.</p>
      <p>
      <span>73</span>Ja kun selvät merkkimme on heille ilmoitettu, sanovat epäuskon valtaamat niille, jotka uskovat: »Kumpi puoli on edullisemmassa asemassa ja näyttää lukuisemmalta?»</p>
      <p>
      <span>74</span>Kuinka monta ennen heitä elänyttä sukupolvea olemmekaan hävittänyt, vaikka ne olivat heitä rikkaampia ja uhkeampia!</p>
      <p>
      <span>75</span>Sano: »Jotka kulkevat harhaannuksissa, niiden päiviä Laupein pidentää, kunnes he näkevät, mitä heille on luvattu, rangaistus taikka tuomion hetki, ja tulevat tietämään, kenen asema on huonoin ja kenen voimat heikoimmat.»</p>
      <p>
      <span>76</span>Mutta niille, jotka vaeltavat oikeata tietä, Jumala enentää johdatustansa. Ja pysyväiset hyvät työt saavat Jumalan luona paremman palkan ja paremman turvapaikan.</p>
      <p>
      <span>77</span>Oletko nähnyt sellaisen, joka ei usko merkkeihimme ja sanoo: »Totisesti, minulle annetaan rikkautta ja lapsia.»</p>
      <p>
      <span>78</span>Onko hän siis saanut tietoa näkymättömistä asioista, tai onko hän hankkinut sitoumuksen kaikkein Laupeimmalta?</p>
      <p>
      <span>79</span>Totisesti ei. Me kirjoitamme muistiin hänen sanansa ja pidennämme hänen tuskansa aikaa.</p>
      <p>
      <span>80</span>Me perimme häneltä pois sen, mistä hän on kerskaillut, ja yksin hän on astuva eteemme.</p>
      <p>
      <span>81</span>He ottavat myös Jumalan rinnalle muita jumalia, jotka muka heitä auttavat.</p>
      <p>
      <span>82</span>Mutta nämä kieltävät heille osoitetun jumaloimisen ja kääntyvät heidän vastustajikseen.</p>
      <p>
      <span>83</span>Etkö ole huomannut, että Me lähetämme pahat henget uskottomien luokse viettelemään näitä kiusaukseen.</p>
      <p>
      <span>84</span>Mutta älä hätäile heidän tähtensä. Me määräämme heille luetut päivänsä.</p>
      <p>
      <span>85</span>Tulee päivä, jolloin Me kokoamme hurskaat Laupeimman luokse hänen vieraakseen.</p>
      <p>
      <span>86</span>Mutta syntiset me ajamme helvettiin janoisena laumana.</p>
      <p>
      <span>87</span>Heillä ei ole ketään puoltajaa, paitsi niillä, jotka ovat sopineet Laupeimman kanssa.</p>
      <p>
      <span>88</span>He väittävät, että Armahtaja on hankkinut itselleen lapsen.</p>
      <p>
      <span>89</span>Totisesti, te olette puhuneet sangen pahasti.</p>
      <p>
      <span>90</span>Taivaat saattavat puhjeta ja maa voi repeytyä kappaleiksi ja vuoret luhistua tomuksi,</p>
      <p>
      <span>91</span>koska he väittävät Laupeimman hankkineen lapsen.</p>
      <p>
      <span>92</span>Onhan sopimatonta, että Laupeimmalla olisi lapsi.</p>
      <p>
      <span>93</span>Taivaissa ja maan päällä ei ole ainoatakaan, joka tulisi Laupeimman luo muuten kuin palvelijana.</p>
      <p>
      <span>94</span>Totisesti, Hän tietää heidän lukunsa ja Hän on sen tarkoin laskenut.</p>
      <p>
      <span>95</span>Ja ylösnousemuksen päivänä jokainen heistä astuu Hänen eteensä omakohtaisesti.</p>
      <p>
      <span>96</span>Totisesti, ne, jotka uskovat ja tekevät hyviä töitä, Jumala on palkitseva rakkaudella.</p>
      <p>
      <span>97</span>Senvuoksi Me olemme tehnyt Koraanin helposti ymmärrettäväksi sinun kielelläsi, jotta voisit julistaa ilosanomaa hurskaille ja varoittaa riitaisia.</p>
      <p>
      <span>98</span>Kuinka monia ennen heitä eläneitä sukupolvia olemmekaan hävittänyt! Saatatko löytää enää ainoatakaan heidän joukostaan tahi kuulla heistä pienintäkään äännähdystä?</p>
    </div>
  </body>
</html>
