<?xml version="1.0"?>
<html>
  <head>
    <meta http-equiv="Content-Type" content="text/html; charset=utf-8" />
    <title>Ta Ha:n suura</title>
  </head>
  <body>
    <h1>
    <span>20</span>Ta Ha:n suura</h1>
    <div class="johdanto">
      <h2>JOHDANTO:</h2>
      <p>KAHDESKYMMENES SUURA: Al Taa Haa Ilmoitettu Mekassa (135 jaetta</p>
      <p>Ta Ha saa nimensä arabialaisista kirjaimista, jotka muodostavat ensimmäisen jakeen. Kuten XIX suuran, väittää kiinteä perimätieto tämänkin suuran kuuluvan varhain ilmoitettuihin.</p>
      <p>Omar ibn ul-Hattaab, josta myöhemmin tuli kalifi, oli alkuaan katkerimpia islaamin vastustajia. Hän lähti eräänä päivänä liikkeelle miekka kädessä aikoen surmata profeetan - »tämän saabalaisen, joka on hajoittanut kureishien yksimielisyyden, joka sanoo heidän ihanteitaan typeriksi ja heidän uskontoaan häpeälliseksi ja pilkkaa heidän jumaliaan.» Tällöin hän kohtasi erään ystävän, joka kehoitti häntä luopumaan aikeestaan muistuttaen hänelle, että jos hän surmaisi profeetan, olisi edessä mahtavan heimon kosto: »Luuletko, että Bäni Abd ul Mutallib sallisi sinun elää maan päällä, jos surmaisit Muhammedin?» Sillä sukuylpeys voittaisi uskonnollisen erimielisyyden. »Eikö sinun olisi parasta palata omien sukulaistesi luo ja pitää heidät kurissa?» Omar kysyi: »Keitä sukulaisiani tarkoitat?» »Lankoasi ja serkkuasi Sa'id ibn Zeidiä ja sisartasi Faatimaa, A~Hattaabin sisarta, sillä kautta Allahin heistä on tullut islaamilaisia ja Muhammedin uskonnon seuraajia, niin että pidä heistä huolta.»</p>
      <p>Silloin Omar kääntyi takaisin raivoissaan sisarelleen ja langolleen. Näiden talossa oli Habaab ibn Arit ja hänellä käsikirjoitus, joka sisälsi tämän suuran. Sitä hän parhaillaan luki heille ääneen. Kun he kuulivat Omarin tulon, Habaab piiloutui talossa olevaan vaatesäiliöön ja Faatima otti kirjoituksen ja istuutui sen päälle. Mutta Omar, joka taloa lähestyessään oli kuullut Habaabin lukevan, sanoi astuessaan sisään: »Mitä oli se mumina, jonka kuulin?» He sanoivat:»Et kuullut mitään.» Omar sanoi: »Kuulin, kautta Jumalan. Ja minulle on jo ilmoitettu, että teistä on tullut Muhammedin ja hänen uskontonsa kannattajia.» Sitten hän hyökkäsi lankonsa Sa'id ibn Zeidin kimppuun, mutta Faatima riensi väliin suojellakseen miestään, ja Omar iski ja haavoitti Faatimaa. Ja kun hän oli sen tehnyt, hänen siskonsa ja lankonsa sanoivat hänelle:»Kyllä me olemme muslimeja ja uskomme Jumalaan sekä hänen sananjulistajaansa, joten tee mitä tahdot!» Mutta kun Omar näki sisarensa verissään, hän katui tekoaan ja sanoi hänelle: »Anna minulle kirjoitus, jota äsken kuulin teidän lukevan, jotta saisin nähdä, mitä Muhammed on tuonut.» Ja Omar oli kirjanoppinut. Hänen sisarensa sanoi: »Emme rohkene luovuttaa kirjoitusta sinulle.» Hän sanoi: »Alkää pelätkö!» ja hän vannoi jumaliensa nimeen, että hän luettuaan palauttaisi kirjoituksen. Vaikka nämä sanat herättivät sisaressa toivoa hänen kääntymisestään islaamiin, sisar sanoi: »Oi veljeni, sinä olet saastainen epäjumalainpalveluksesi tähden, eikä kukaan saa koskettaa pyhää kirjoitusta paitsi puhdistetut.»</p>
      <p>Silloin Omar meni ulos ja peseytyi, ja nyt hänen sisarensa antoi hänelle lehden, johon Taa Haa oli kirjoitettu. Ja kun hän oli lukenut kirjoituksen, hän sanoi: »Miten oivallisia nämä sanat ovat!» ja ylisti sitä suuresti. Ja kun Habaab kuuli sen, hän tuli hänen luokseen ja sanoi: »Oi Omar, toivon, että Jumala on lähettänyt sinut vastaukseksi profeetan rukoukseen, sillä juuri eilen kuulin hänen sanovan: »Oi Jumala! Vahvista islaamia Abu'lHakim ibn Hishaamin tai Omar ibn AI-Hattaabin avulla. Onhan Jumala totisesti Jumala, oi Omar!» Silloin Omar sanoi: »Neuvo minut Muhammedin luo, Habaab, että tapaan hänet ja voin antautua Jumalalle.»</p>
      <p>Omarin kääntymys tapahtui profeetan lähetystyön viidentenä vuonna (yhdeksäntenä ennen Hedzraa) pian senjälkeen, kun siirtolaiset olivat lähteneet Abessiniaan. Jo siihen aikaan tämä suura oli kirjoitettu muistiin ja pantu kiertämään.</p>
      <p>Tämä suura on Mekan kauden varhaisia.</p>
    </div>
    <div class="sura">
      <h2>Aloitan JUMALAN, laupiaan Armahtajan, nimeen.</h2>
      <p>
      <span>1</span>Taa Haa.</p>
      <p>
      <span>2</span>Emme ole lähettänyt sinulle Koraania tehdäksemme sinua onnettomaksi,</p>
      <p>
      <span>3</span>vaan jotta se olisi kehoitus Jumalaa pelkääville,</p>
      <p>
      <span>4</span>Hänen lähettämänsä, joka on luonut taivaan korkeudet ja maan.</p>
      <p>
      <span>5</span>Hänelle, Armahtajalle, joka on noussut valtaistuimelleen,</p>
      <p>
      <span>6</span>kuuluu kaikki, mitä on taivaassa ja mitä on maan päällä, mitä on niiden välillä ja maan alla.</p>
      <p>
      <span>7</span>Siksi ei sinun tarvitse rukoilla kovalla äänellä; sillä Hän tietää yhtä hyvin salaisen ja kätketyn.</p>
      <p>
      <span>8</span>Ei ole muita jumalia kuin Jumala; hänelle kuuluvat ihanimmat nimitykset.</p>
      <p>
      <span>9</span>Oletko kuullut kertomusta Mooseksesta?</p>
      <p>
      <span>10</span>Kun hän näki tulen, hän lausui perheelleen: »Malttakaa! Minä totisesti näen tulen. Ehkä hankin siitä teille virikeliekin tai kenties saan sen kautta johdatuksen.»</p>
      <p>
      <span>11</span>Kun hän sitten lähestyi tulta, kuului ääni: »Oi Mooses!</p>
      <p>
      <span>12</span>Totisesti, Minä olen sinun Herrasi. Riisu kenkäsi, sillä olet pyhässä Tuwan laaksossa.</p>
      <p>
      <span>13</span>Minä olen valinnut sinut, kuule siis, mitä sinulle ilmaistaan.</p>
      <p>
      <span>14</span>Totisesti, Minä olen Jumala, eikä ole muuta jumalaa kuin Minä. Sentähden palvele Minua ja suorita rukouksesi pitäen Minut mielessäsi.</p>
      <p>
      <span>15</span>Totisesti, hetki lähestyy, Minä vedän sen esiin salasta, ja jokainen sielu saa palkan tekojensa mukaan.</p>
      <p>
      <span>16</span>Sentähden älä anna sellaisen, joka ei siihen usko ja seuraa vain himojaan, kääntää pois siitä huomiotasi, muuten joudut turmion omaksi.</p>
      <p>
      <span>17</span>Mutta mitä sinulla on oikeassa kädessäsi, Mooses?»</p>
      <p>
      <span>18</span>Hän vastasi: »Se on sauvani. Siihen minä nojaudun ja sillä pudistelen lehtiä maahan lampaitani varten ja käytän sitä muihinkin tarkoituksiin.»</p>
      <p>
      <span>19</span>Jumala sanoi: »Heitä se maahan, Mooses!»</p>
      <p>
      <span>20</span>Niin hän heitti sen maahan, ja katso, siitä tuli mateleva käärme.</p>
      <p>
      <span>21</span>Jumala sanoi: »Ota se käteesi äläkä pelkää! Me muutamme sen jälleen entiseen tilaansa.</p>
      <p>
      <span>22</span>Ja purista kätesi kainaloosi, niin se käy kokonaan valkeaksi, ei kuitenkaan taudin tartuttamaksi - tämä on toinen merkki.</p>
      <p>
      <span>23</span>Tämä siksi, että Me voisimme näyttää sinulle joitakin suurimpia merkkejämme.</p>
      <p>
      <span>24</span>Lähde faraon luokse. Totisesti, hän on paisunut yli mittojensa.»</p>
      <p>
      <span>25</span>Mooses sanoi: »Herrani, vahvista mieltäni,</p>
      <p>
      <span>26</span>järjestä tehtäväni minulle helpoksi</p>
      <p>
      <span>27</span>ja avaa kieleni siteet,</p>
      <p>
      <span>28</span>jotta he ymmärtäisivät puheeni.</p>
      <p>
      <span>29</span>Anna minulle avukseni joku perheestäni,</p>
      <p>
      <span>30</span>Aaron veljeni;</p>
      <p>
      <span>31</span>ja tue minua hänen kauttansa,</p>
      <p>
      <span>32</span>sekä tee hänet osalliseksi tehtävääni,</p>
      <p>
      <span>33</span>jotta voisimme suuresti Sinun kunniaasi kirkastaa</p>
      <p>
      <span>34</span>ja että voisimme Sinua alati muistaa.</p>
      <p>
      <span>35</span>Totisesti, Sinä valvot meitä valppaasti.»</p>
      <p>
      <span>36</span>Jumala lausui: »Tapahtukoon sinulle, mitä pyydät, Mooses!</p>
      <p>
      <span>37</span>Totisesti, jo kerran aikaisemmin Me olemme kohdistanut sinuun suosiomme,</p>
      <p>
      <span>38</span>kun käskimme äitiäsi näin sanoen:</p>
      <p>
      <span>39</span>'Laske hänet vasuun ja aseta vasu veteen, niin että virta työntää hänet rannalle, jolloin eräs, joka on sekä Minun että hänen vihollisensa, nostaa hänet ylös.' Ja Minä olen osoittanut sinulle rakkauttani, jotta sinut, kasvatettaisiin silmieni edessä.</p>
      <p>
      <span>40</span>Kun sisareni kulki ohi ja sanoi: 'Näytänkö teille jonkun, joka hänestä huolehtii?' niin Me toimitimme sinut äitisi huostaan, jotta hänen silmänsä kirkastuisivat ja ettei hän enää murehtisi. Sinä tapoit erään miehen, mutta Me pelastimme sinut hädästä, Me karkaisimme sinua myös kurituksella. Senjälkeen sinä viivyit muutamia vuosia Midianin asukkaitten keskuudessa. Ja nyt saavuit käskystämme tänne, oi Mooses.</p>
      <p>
      <span>41</span>Minä olen valinnut sinut Itseäni varten.</p>
      <p>
      <span>42</span>Menkää, sinä ja veljesi, viemään Minun merkkejäni ja pitäkää Minut herkeämättä mielessänne.</p>
      <p>
      <span>43</span>Lähtekää kumpikin faraon luokse, sillä totisesti, hän on paisunut.</p>
      <p>
      <span>44</span>Puhukaa hänelle sitten sävyisästi, ehkä hän ottaa siitä vaarin tai kavahtaa.»</p>
      <p>
      <span>45</span>He sanoivat: »Herra, me pelkäämme, että hän kiihtyy pahasti meitä vastaan tai rikkoo Sinua vastaan.»</p>
      <p>
      <span>46</span>Jumala vastasi: »Alkää pelätkö, totisesti, Minä olen kanssanne. Minä kuulen ja minä näen.</p>
      <p>
      <span>47</span>Menkää sentähden yhdessä hänen eteensä ja sanokaa: 'Totisesti, me olemme Herrasi lähettiläitä. Lähetä siis Israelin lapset meidän mukanamme äläkä aiheuta heille kärsimyksiä. Olemme tulleet sinun luoksesi tuomaan tunnusmerkkejä Herraltasi. Rauha olkoon sille, joka seuraa johdatusta.</p>
      <p>
      <span>48</span>Totisesti, meille on ilmoitettu, että rangaistus on varmaan kohtaava sitä, joka puhuu valhetta ja kääntyy pois.'»</p>
      <p>
      <span>49</span>Hän sanoi: »Oi Mooses, kuka onkaan teidän kummankin Herra?»</p>
      <p>
      <span>50</span>Hän vastasi: »Meidän Herramme on Hän, joka loi kaiken muotoihinsa ja sitten ylläpitää sitä kaitselmuksen kautta.»</p>
      <p>
      <span>51</span>Hän sanoi:»Millainen onkaan aikaisempien sukupolvien olotila?»</p>
      <p>
      <span>52</span>Mooses vastasi: »Tiedot heistä ovat Herrani luona olevassa Kirjassa. Herrani ei erehdy eikä unohda.</p>
      <p>
      <span>53</span>Hän on luonut maan teidän kehdoksenne ja aukonut siihen polkuja teitä varten; ja Hän lähettää teille sateen pilvistä.» Niin olemme myös verhonnut maan monenlaisilla kasveilla.</p>
      <p>
      <span>54</span>Syökää niitä itse ja ruokkikaa niillä karjaanne. Totisesti, tässä on merkkejä sellaisille, joilla on ymmärrystä.</p>
      <p>
      <span>55</span>Maasta me teidät loimme, maaksi teidät jälleen muutamme ja maasta Me vielä kerran teidät eloon herätämme.</p>
      <p>
      <span>56</span>Totisesti, Me näytimme hänelle kaikki merkkimme, mutta hän selitti ne vaiheeksi ja torjui ne.</p>
      <p>
      <span>57</span>Hän sanoi: »Oi Mooses, oletko tullut luoksemme karkoittaaksesi meidät taikakeinoillasi pois maastamme?</p>
      <p>
      <span>58</span>Siinä tapauksessa aiomme käyttää sinua vastaan samanlaista taikakeinoa. Ehdota siis määrähetki, josta emme poikkea, et sinä emmekä me, ja jolloin kohtaamme toisemme jollakin keskeisellä paikalla.»</p>
      <p>
      <span>59</span>Mooses lausui: »Määrähetki olkoon teidän juhlapäivänänne, jolloin kansa kokoontukoon jo aamulla.»</p>
      <p>
      <span>60</span>Senjälkeen farao vetäytyi pois, teki suunnitelmansa ja palasi takaisin.</p>
      <p>
      <span>61</span>Mooses lausui heille: »Voi teitä! Älkää keksikö juonia Jumalaa vastaan, sillä Hän tuhoaa teidät rangaistuksellaan; totisesti ei ole toivomaansa menestystä sillä, joka juonia punoo.»</p>
      <p>
      <span>62</span>Sitten he kiistelivät asiasta keskenänsä ja pitivät salaista neuvottelua.</p>
      <p>
      <span>63</span>Jotkut heistä sanoivat: »Nämä kaksi miestä ovat totisesti taikureita, jotka noituudellaan haluavat karkoittaa teidät pois maastanne ja hävittää teidän sivistyneet tapanne.</p>
      <p>
      <span>64</span>Senvuoksi saattakaa suunnitelmanne valmiiksi ja astukaa riveihin! Totisesti, onnellinen se, joka tänään voittaa.</p>
      <p>
      <span>65</span>He sanoivat: »Oi Mooses, heitätkö sinä, vai teemmekö me sen ensiksi?</p>
      <p>
      <span>66</span>Hän vastasi: »Ei, heittäkää te!» Kun he niin tekivät, näytti hänestä, heidän taikuutensa voimasta, aivan kuin heidän köytensä ja sauvansa todella liikkuisivat.</p>
      <p>
      <span>67</span>Silloin Mooses tunsi pelkoa sydämessään.</p>
      <p>
      <span>68</span>Me sanoimme: »Älä pelkää, sinä pääset varmasti voitolle.</p>
      <p>
      <span>69</span>Heitä maahan, mitä sinulla on oikeassa kädessäsi, ja se on nielevä kaiken, mitä he ovat tehneet. He ovat suorittaneet pelkän taikurin tempun, mutta taikuri ei ole koskaan menestyvä, minne tahansa hän meneekin.»</p>
      <p>
      <span>70</span>Ja taikurit lankesivat maahan kunnioituksesta ja sanoivat: »Me uskomme Aaronin ja Mooseksen Herraan.»</p>
      <p>
      <span>71</span>Silloin lausui farao: »Uskotteko te häneen ennenkuin minä annan teille luvan? Totisesti, hän on teidän mestarinne, joka on opettanut teille noituutta. Sentähden minä olen leikkaava teiltä käden ja jalan vastakkaisilta puolilta ja naulitseva teidät palmunrunkoon. Tctisesti, silloin tiedätte, kuka meistä on kurittamisessa ankarin ja sitkein.»</p>
      <p>
      <span>72</span>He vastasivat: »Emme voi todellakaan asettaa sinua korkeammalle kuin sen, mikä meille on ilmaistu selvin tunnusmerkein, emmekä Hänen yläpuolelleen, joka meidät on luonut. Pane siis päätöksesi täytäntöön, kuten aiot. Sinun määräyksesi ulottuvat vain tämän maailman elämään.</p>
      <p>
      <span>73</span>Totisesti, me uskomme Herraamme, että Hän voi antaa anteeksi syntimme ja noituuden, mihin sinä meidät pakotit. Jumala on paras ja pysyvin.»</p>
      <p>
      <span>74</span>Totisesti, joka saapuu Herransa eteen synnin tilassa, häntä varten on helvetti. Siellä hän ei voi kuolla eikä liioin elää.</p>
      <p>
      <span>75</span>Mutta joka saapuu Hänen eteensä uskovaisena, hyviä töitä suoritettuaan, hän kuuluu niihin, joita varten on korkein kunnia,</p>
      <p>
      <span>76</span>ikuiset puutarhat, joiden kautta joet virtaavat ja joissa he saavat alati asua. Tällaisen palkinnon saa se, joka tekee parannuksen.</p>
      <p>
      <span>77</span>Totisesti, Me annoimme Moosekselle näin kuuluvan käskyn: »Lähde matkaan palvelijaini kanssa yöaikaan ja avaa heille kuiva tie meren halki. Älä pelkää, että sinut saavutetaan, vaan kulje säikkymättä eteenpäin.</p>
      <p>
      <span>78</span>Mutta farao ajoi heitä sotajoukkoineen takaa, ja silloin meri peitti heidät alleen, hukuttaen kaikki.</p>
      <p>
      <span>79</span>Sillä farao johti kansansa harhaan eikä opastanut sitä oikealle tielle.</p>
      <p>
      <span>80</span>»Oi Israelin lapset! Totisesti, Me pelastimme teidät vihollisistanne ja teimme kanssanne liiton vuoren oikealla puolella sekä lähetimme teille mannaa ja peltopyitä.</p>
      <p>
      <span>81</span>Syökää kaikkea hyvää, mitä olemme ravinnoksenne suonut, mutta älkää menkö hillittömyyksiin, ettei vihani lankea päällenne, sillä ketä minun vihani kohtaa, hän totisesti hukkuu.</p>
      <p>
      <span>82</span>Mutta Minä olen peräti anteeksiantavainen sitä kohtaan, joka kääntyy ja uskoo sekä tekee hyvää ja pysyy jatkuvasti oikealla tiellä.</p>
      <p>
      <span>83</span>»Mutta miksi olet kiirehtinyt pois kansasi luota,oi Mooses?»</p>
      <p>
      <span>84</span>Hän vastasi: »He seuraavat jälkiäni, ja minä kiiruhdan luoksesi, oi Herra, jotta olisit minuun tyytyväinen.»</p>
      <p>
      <span>85</span>Silloin Herra lausui: »Totisesti, olemme koetellut kansaasi sinun poistuttuasi, sillä Saamiri on johdattanut sen harhaan.»</p>
      <p>
      <span>86</span>Silloin Mooses palasi kansansa luokse täynnä kiivautta ja murhetta. Hän sanoi: »Oi kansani, eikö Herranne antanut teille ihanan lupauksen? Näyttikö sovittu aika teistä liian pitkältä? Vai toivoitteko Herran vihan lankeavan päällenne, koska rikoitte minulle tekemänne lupauksen?</p>
      <p>
      <span>87</span>He vastasivat: »Me emme rikkoneet lupausta omasta tahdostamme, vaan meidät pakotettiin kantamaan raskaat taakat kansan koristeita ja heittämään ne tuleen, ja Saamiri teki samoin.»</p>
      <p>
      <span>88</span>Siten Saamiri valmisti heille (kulta)vasikan, josta lähti kumea ääni. Ja he sanoivat: »Tämä on teidän jumalanne ja Mooseksen jumala, mutta hän on sen unohtanut.»</p>
      <p>
      <span>89</span>Eivätkö he huomanneet, että se ei puhunut heille ainoatakaan sanaa, ja ettei sillä ollut valtaa tehdä heille vahinkoa eikä hyvääkään?</p>
      <p>
      <span>90</span>Tosin oli Aaron jo aikaisemmin heille puhunut: »Oi kansani! Näin olette hankkineet itsellenne koettelemuksen. Mutta totisesti, Herranne on kaikkein armollisin, sentähden seuratkaa minua ja totelkaa käskyäni.»</p>
      <p>
      <span>91</span>He vastasivat: »Emme lakkaa sitä palvelemasta, ennen kuin Mooses palaa luoksemme.»</p>
      <p>
      <span>92</span>Mooses lausui: »Oi Aaron! Kun näit heidän joutuvan harhaannukseen,</p>
      <p>
      <span>93</span>mikä esti sinua seuraamasta minua? Etkö tottele käskyäni?»</p>
      <p>
      <span>94</span>Hän vastasi: »Oi äitini poika! Älä tartu partaani äläkä päähäni. Pelkäsin todella sinun sanovan: 'Olet aikaansaanut hajaannusta Israelin lasten keskuudessa odottamatta minun ratkaisuani.'»</p>
      <p>
      <span>95</span>Mooses sanoi: »Miten on sinun laitasi, oi Saamiri?»</p>
      <p>
      <span>96</span>Hän vastasi: »Minä näin, mitä he eivät nähneet; otin pölyä lähettilään jalanjäljistä, mutta sitten heitin sen pois. Tämä näytti parhaalta mielestäni.»</p>
      <p>
      <span>97</span>Mooses lausui: »Mene matkaasi, osasi on tässä elämässä sanoa: 'Älkää minuun koskeko!' Totisesti, sinua varten on määrähetki, jota et voi välttää. Katso jumalaasi, jota niin kauan palvelit, Me poltamme sen ja sitten sirotamme tuhkan mereen.»</p>
      <p>
      <span>98</span>Jumalanne on ainoa Jumala: Hänen rinnallaan ei ole muuta jumalaa. Hän sulkee tietoonsa kaikki asiat.</p>
      <p>
      <span>99</span>Näin olemme kertonut sinulle siitä, mitä aikaisemmin on tapahtunut, ja olemme antanut sinulle muistutuksen Itsestämme,</p>
      <p>
      <span>100</span>joka kääntyy pois, saa ylösnousemuksen päivänä kantaa taakkansa.</p>
      <p>
      <span>101</span>Ikuisesti he saavat sitä tehdä, ja surkea on heidän kuormansa oleva ylösnousemuksen päivänä.</p>
      <p>
      <span>102</span>Sinä päivänä puhalletaan pasuunoihin, ja Me kokoamme syntiset sokaistuina.</p>
      <p>
      <span>103</span>Hiljaa he silloin puhuvat toisillensa ja sanovat: »Olette viipyneet vain kymmenen (päivää).»6)</p>
      <p>
      <span>104</span>Me tiedämme parhaiten, mitä he sanovat, kun lujauskoisin heistä lausuu: »Ette ole viipyneet kuin päivän.»</p>
      <p>
      <span>105</span>Ja he tekevät sinulle kysymyksiä vuorista. Vastaa: »Herrani on hajoittava ne perustuksiaan myöten.»</p>
      <p>
      <span>106</span>Niiden paikalle Hän jättää aution erämaan,</p>
      <p>
      <span>107</span>jossa et ole näkevä kohokohtaa etkä kukkulaa.</p>
      <p>
      <span>108</span>Sinä päivänä he seuraavat kutsujaa, joka kulkee suoraa tietä. Silloin heidän äänensäkin vaimentuvat laupeimman Jumalan edessä, niin että voit kuulla vain hiljaista sorinaa.</p>
      <p>
      <span>109</span>Sinä päivänä ei kenenkään puoltopuheesta ole hyötyä, ellei laupein Jumala häntä hyväksy tai mielisty hänen sanoihinsa.</p>
      <p>
      <span>110</span>Hän tietää, mitä heillä on edessään ja mitä takanaan, mutta heidän tietonsa ei tätä käsitä.</p>
      <p>
      <span>111</span>Ja kaikki kasvot nöyrtyvät ikuisesti elävän, ikuisesti pysyvän edessä. Ja turmioon joutuu se, joka vääryyttä harjoittaa.</p>
      <p>
      <span>112</span>Mutta ken tekee hyvää ja on uskovainen, hänen ei tarvitse pelätä vääryyttä eikä ansionsa menetystä.</p>
      <p>
      <span>113</span>Tällä tavoin me olemme lähettänyt maan päälle arabiankielisen Koraanin ja selittänyt eri tavoin niitä seikkoja, joilla heitä on uhattu, jotta he hartautta harjoittaisivat tai tulisivat ymmärtäväisiksi.</p>
      <p>
      <span>114</span>Ylevä korkeudessaan on Jumala, Kuningas, Totuus. Mutta, Muhammed, älä pidä kiirettä Koraanin suhteen, ennen kuin se täydellisesti on sinulle ilmoitettu. Sano: »Herra, avarra minua tiedossa!»</p>
      <p>
      <span>115</span>Totisesti, jo aikaisemmin Me annoimme käskymme Aadamille, mutta hän unohti sen, emmekä havainnut hänessä lujaa kestävyyttä.</p>
      <p>
      <span>116</span>Kun sanomme enkeleille: »Kumartakaa ihmistä (Aadamia)», niin he kumarsivat muut paitsi Iblis (saatana), tämä kieltäytyi.</p>
      <p>
      <span>117</span>Senvuoksi sanoimme: »Oi ihminen (Aadam), totisesti, tämä on sinun ja vaimosi vihollinen. Älä anna hänen karkoittaa teitä puutarhasta (paratiisista), sillä silloin tulet onnettomaksi.</p>
      <p>
      <span>118</span>Totisesti, puutarhassa sinun ei tarvitse nähdä nälkää eikä olla vaatteita vailla.</p>
      <p>
      <span>119</span>Eikä sinun tarvitse olla janoissasi eikä auringonpaahteessa.»</p>
      <p>
      <span>120</span>Silloin saatana vietteli heidät sanoen: »Oi ihminen (Aadam), näytänkö sinulle kuolemattomuuden puun ja kuningaskunnan, joka ei häviä?»</p>
      <p>
      <span>121</span>Niin kumpikin söi siitä, jolloin heidän alastomuutensa ilmeni heille ja he alkoivat peitellä itseään puutarhan lehdillä. Siten ihminen (Aadam) oli tottelematon Herralleen ja lankesi syntiin.</p>
      <p>
      <span>122</span>Mutta senjälkeen hänen Herransa valitsi hänet jälleen, kääntyi hänen puoleensa ja antoi hänelle johdatuksensa.</p>
      <p>
      <span>123</span>Hän lausui: »Lähtekää kumpikin täältä maan päälle, ja teistä tulee toistenne viholliset. Kun lähetän teille johdatukseni, niin se, joka sitä seuraa, ei joudu harhaan eikä tule onnettomaksi.</p>
      <p>
      <span>124</span>Mutta joka kääntää selkänsä Minun varoitukselleni, hänen on eläminen ahdingossa, ja sokeana hän herää ylösnousemuksen päivään.»</p>
      <p>
      <span>125</span>Hän on sanova: »Herra, miksi herätit minut sokeana, vaikka aikaisemmin olin näkevä?»</p>
      <p>
      <span>126</span>Herra vastaa: »Niin on. Sinä sait merkkimme, mutta ylenkatsoit ne, ja juuri senvuoksi Me nyt hylkäämme sinut.»</p>
      <p>
      <span>127</span>Tällä tavoin me palkitsemme sitä, joka on hillitön eikä usko Herransa ilmoituksiin. Tulevan päivän kuritus on vielä raskaampi ja jatkuvampi.</p>
      <p>
      <span>128</span>Eivätkö he tiedä, että olemme tuhonnut niin monta ennen heitä elänyttä sukupolvea, joiden asuinsijoilla he kuljeskelevat? Totisesti tässä on merkkejä niille, joilla on ymmärrystä.</p>
      <p>
      <span>129</span>Ellei Herrasi sana olisi edellä käynyt, olisi heidän tuhonsa jo tullut, mutta heidän hetkensä on määrätty.</p>
      <p>
      <span>130</span>Siksi kestä kärsivällisesti mitä he puhuvat, ja ylistä Herraasi kiittämällä Häntä ennen auringonnousua ja ennen sen laskua, ja yön hetkinä ylistä Häntä samoin kuin päivän tunteina, jotta tulisit hyvälle mielelle.</p>
      <p>
      <span>131</span>Älä käännä silmiäsi tämän maailman elämän loistoa kohti, josta olemme antanut muutamien nauttia, voidaksemme heitä koetella. Sillä Herrasi antimet ovat paremmat ja pysyvämmät.</p>
      <p>
      <span>132</span>Velvoita kansaasi rukoilemaan ja ole myös itse siinä uuttera. Me emme pyydä sinulta huolenpitoa. Me pidämme huolen sinusta. Ja hurskauden loppu on hyvä.</p>
      <p>
      <span>133</span>He sanovat: »Miksi hän ei tuo meille merkkiä Herraltansa?» Eikö heille todella ole jo annettu selvä vahvistus aikaisempien kirjoituksien suhteen?</p>
      <p>
      <span>134</span>Ja jos olisimme saattanut heidät jonkin vitsauksen alaisiksi ennen profeetan tuloa, he olisivat sanoneet: »Herra, miksi et lähettänyt luoksemme sananjulistajaa, jotta olisimme voineet seurata käskyäsi, ennenkuin meidät masennettiin ja häväistiin?»</p>
      <p>
      <span>135</span>Vastaa heille: »Kaikki odottavat, sentähden odottakaa tekin, sillä pian tulette tietämään, ketkä ovat oikean tien kulkijoita ja ketkä ovat saaneet johdatuksen.»</p>
    </div>
  </body>
</html>
