<?xml version="1.0"?>
<html>
  <head>
    <meta http-equiv="Content-Type" content="text/html; charset=utf-8" />
    <title>Profeettojen suura</title>
  </head>
  <body>
    <h1>
    <span>21</span>Profeettojen suura</h1>
    <div class="johdanto">
      <h2>JOHDANTO:</h2>
      <p>KAHDESKYMMENES ENSIMMÄINEN SUURA: Profeetat (Al-anbijaa) Ilmoitettu Mekassa (112 jaetta )</p>
      <p>Nimi Al-Anbijaa, »Profeetat», vastaa suuran sisältöä, joka koskee edellisten profeettojen elämää. Jakeissa 4 ja 112 sopii puhujaksi profeetta. Ei ole mitään historiallista viittausta tai perimätietoa, joka auttaisi määrittelemään ajankohdan, jolloin suura on ilmoitettu.</p>
      <p>Se on epäilemättä ilmoitettu Mekassa, mutta vailla myöhäisempien ja varhaisempienkin suurojen ominaispiirteitä. Voidaan siis olettaa, että se on Mekan kauden puolivälistä.</p>
    </div>
    <div class="sura">
      <h2>Aloitan JUMALAN, laupiaan Armahtajan, nimeen.</h2>
      <p>
      <span>1</span>Tilinteko lähestyy ihmisiä, mutta suruttomina he kääntyvät pois.</p>
      <p>
      <span>2</span>Heidän Herraltaan ei tule yhtäkään uutta varoitusta, jota he kuuntelisivat pilkkaa tekemättä.</p>
      <p>
      <span>3</span>Heidän sydämensä ovat huolettomat, ja väärämieliset juttelevat salaa ja sanovat: »Tämä mies on vain ihmisolento kuten tekin. Sallitteko siis hänen lumouksensa vaikuttaa itseenne vaikka havaitsette sen?»</p>
      <p>
      <span>4</span>Hän vastasi: »Herrani tietää, mitä puhutaan taivaassa tai maan päällä, koska Hän on kaikkivaltias, kaikkitietävä.»</p>
      <p>
      <span>5</span>Mutta he sanovat: »Tämä on vain unennäköjen sekasotkua. Hän on tämän keksinyt. Hän on runoilija. Esittäköön sen vuoksi meille tunnusmerkin, kuten entisetkin lähettiläät tekivät.»</p>
      <p>
      <span>6</span>Eiväthän ennen heitä nekään kaupungit uskoneet, jotka me tuhosimme. Ottaisivatko siis nämä uskoakseen?</p>
      <p>
      <span>7</span>Ennen sinuakin lähetimme vain ihmisiä, joille annoimme ilmestyksemme. Kysykää siis niiltä, jotka ovat ottaneet varoitusta noudattaakseen, ellette itse tiedä.</p>
      <p>
      <span>8</span>Emme tehnyt heistä olentoja, jotka eivät kaivanneet ruokaa, eivätkä he olleet kuolemattomia.</p>
      <p>
      <span>9</span>Sen jälkeen täytimme heille antamamme lupauksen ja pelastimme heidät ja kenet tahdoimme, mutta hillittömät Me tuhosimme.</p>
      <p>
      <span>10</span>Totisesti, olemme ylhäältä ilmaissut teille kirjan, jossa teitä varoitetaan. Ettekö jo ymmärrä?</p>
      <p>
      <span>11</span>Kuinka monta väärämielistä kaupunkia Me hävitimmekään! Ja kutsuimme sitten esiin toisen kansan.</p>
      <p>
      <span>12</span>Kun he tunsivat voimamme, niin katso, he alkoivat paeta.</p>
      <p>
      <span>13</span>»Älkää paetko, vaan palatkaa sen rikkauden ääreen, joka teille on suotu, ja asuntoihinne, kun teiltä kysytään tekojanne.»</p>
      <p>
      <span>14</span>He sanoivat: »Voi meitä, me olimme todella väärämielisiä!»</p>
      <p>
      <span>15</span>Ja näin he jatkoivat huutoaan, kunnes Me heidät leikkasimme kuin viljan ja sammutimme kuin tulen.</p>
      <p>
      <span>16</span>Emme ole pilan vuoksi luonut taivasta ja maata ja kaikkea niiden välillä olevaa.</p>
      <p>
      <span>17</span>Jos olisimme halunnut itsellemme leikkikalun, olisimme voinut sen itsekin tehdä. Mutta emme aio sellaista.</p>
      <p>
      <span>18</span>Ei, Me heitämme totuuden valhetta vastaan, niin että se musertaa sen pään, ja katso, se häviää! Mutta voi teitä valheittenne tähden!</p>
      <p>
      <span>19</span>Hänelle kuuluu jokainen, joka on taivaassa ja maan päällä. Ja ne, jotka ovat Hänen puolellaan, eivät ole liian ylpeitä Häntä palvelemaan, eivätkä he siihen väsy.</p>
      <p>
      <span>20</span>Öin ja päivin he Häntä lakkaamatta ylistävät.</p>
      <p>
      <span>21</span>Tai olisivatko he hankkineet maan päältä jumalia, jotka voivat herättää kuolleita?</p>
      <p>
      <span>22</span>Jos taivaassa ja maan päällä olisi muita jumalia kuin Herra, niin taivas ja maa olisivat joutuneet sekasortoon. Siksi kunnia olkoon Jumalalle, voiman Herralle, Hän on niiden yläpuolella, joita he Hänen rinnalleen asettavat.</p>
      <p>
      <span>23</span>Hänen ei tarvitse vastata siitä, mitä on tehnyt, mutta heidän on kaikesta vastattava.</p>
      <p>
      <span>24</span>Ovatko he omaksuneet muita jumalia Hänen rinnalleen? Sano: »Esittäkää todisteenne. Tämä (Koraani) on varoituksena niille, jotka nyt ovat kanssani, sekä niille, jotka olivat ennen minua.» Mutta useimmat heistä eivät tunne totuutta, vaan kääntyvät pois.</p>
      <p>
      <span>25</span>Emme lähettänyt ennen sinua ainoatakaan lähettilästä, jolle emme olisi ilmaissut: »Totisesti, ei ole muuta jumalaa kuin Minä, siksi palvelkaa Minua.»</p>
      <p>
      <span>26</span>He väittävät Laupeimman hankkineen itselleen pojan. Kunnia yksin Hänelle! He (enkelit) ovat vain kunnioitettavia palvelijoita.</p>
      <p>
      <span>27</span>He eivät aloita puhetta ennen Häntä, vaan toimivat Hänen käskyään täyttäen.</p>
      <p>
      <span>28</span>Hän tietää, mitä heillä on edessään ja mitä on heidän jäljessään, eivätkä he voi puoltaa ketään muuta kuin sellaista, jonka Hän hyväksyy; ja he pelkäävät Hänen epäsuosiotaan.</p>
      <p>
      <span>29</span>Ja jos joku heistä sanoisi: »Totisesti, minä olen jumala kuten Hänkin», niin sellaiselle Me annamme palkaksi helvetin. Tällä tavoin Me palkitsemme vääryyden harjoittajat.</p>
      <p>
      <span>30</span>Eivätkö uskottomat huomaa, että taivaat ja maa olivat sulkeutuneet, kunnes Me erotimme ne toisistansa? Vedestä Me olemme luonut kaikki elolliset olennot. Eivätkö he sittenkään usko?</p>
      <p>
      <span>31</span>Me asetimme myös vahvoja vuoria maahan, ettei se liikkuisi heidän allansa. Ja Me aukaisimme sen kamaraan leveitä kulkuväyliä, jotta he vaeltaisivat.</p>
      <p>
      <span>32</span>Ja Me rakensimme vankan taivaanlaen; kuitenkin he kääntyvät pois sen merkeistä.</p>
      <p>
      <span>33</span>Ja juuri Hän on luonut yön ja päivän sekä auringon ja kuun; kaikki kulkevat määrättyä rataansa.</p>
      <p>
      <span>34</span>Ainoallekaan ihmiselle ennen sinua emme ole antanut kuolemattomuutta. Jos sinun on kuoltava, pystyisivätkö he siis alati elämään?</p>
      <p>
      <span>35</span>Jokaisen sielun on maistettava kuolema. Me koettelemme teitä sekä pahalla että hyvällä saattamalla teidät kiusauksiin. Ja Meidän luoksemme teidän on palattava.</p>
      <p>
      <span>36</span>Kun uskottomat sinut näkevät, he pitävät sinua pilkkanaan: »Onko tämä se, joka puhuu teidän jumalistanne?» He ovat niitä, jotka kieltävät Armahtajan varoituksen.</p>
      <p>
      <span>37</span>Ihminen on kiireessä luotu. Näytän teille pian merkkini, mutta älkää pyytäkö Minua kiirehtimään!</p>
      <p>
      <span>38</span>Ja he sanovat: »Milloin tämä uhkaus sitten täyttyy, jos olet totuudellinen?»</p>
      <p>
      <span>39</span>Jospa uskottomat tietäisivät sen hetken tulon, jolloin he eivät kykene torjumaan tulen liekkejä kasvoiltaan eivätkä selästään eivätkä saa mitään apua!</p>
      <p>
      <span>40</span>Se on saapuva yht'äkkiä yllättäen heidät. He eivät voi torjua sen tuloa eikä heille suoda vähääkään armonaikaa.</p>
      <p>
      <span>41</span>Pilkattiinhan totisesti lähettiläitä ennen sinuakin, mutta pilkkaajat joutuivat sen uhreiksi, mille olivat nauraneet.</p>
      <p>
      <span>42</span>Sano: »Kuka voi teitä öin ja päivin suojella Armahtajaa vastaan?» Mutta he kääntävät selkänsä Herraa mainittaessa.</p>
      <p>
      <span>43</span>Onko heillä omia jumalia, jotka pystyvät heitä puolustamaan meitä vastaan? He eivät voi auttaa edes itseään eivätkä pysty varjelemaan itseänsä Meiltä.</p>
      <p>
      <span>44</span>Me olemme ylläpitänyt nämä ihmiset ja heidän esi~isänsä elämänsä loppuun saakka. Mutta eivätkö he havaitse, että Me piiritämme heidän maatansa supistaen sen rajoja? Toivovatko he pääsevänsä voitolle?</p>
      <p>
      <span>45</span>Sano: »Minä varoitan teitä ilmestyksen mukaisesti, mutta kuurot eivät kuule kutsua, kun heitä varoitetaan.»</p>
      <p>
      <span>46</span>Totisesti, jos henkäyskin heidän Herransa tuomiosta heitä kohtaisi, he varmasti sanoisivat: »Voi meitä, me olimme totisesti väärämielisiä!»</p>
      <p>
      <span>47</span>Ylösnousemuksen päivänä Me käytämme oikeudenmukaista vaakaa, niin että kenellekään ei tehdä pienintäkään vääryyttä. Vaikka jokin teko painaisi sinapinsiemenen verran, niin Me otamme sen huomioon, Me olemme kyllin pätevä tilintekijä.</p>
      <p>
      <span>48</span>Totisesti, Me annoimme Moosekselle ja Aaronille arvostelukyvyn valistukseksi sekä varoitukseksi niille, jotka pahaa karttoivat,</p>
      <p>
      <span>49</span>Niille, jotka pelkäävät sydämissään Herraansa ja vavisten valmistuvat suureen hetkeen.</p>
      <p>
      <span>50</span>Tämä on siunattu kehoitus, jonka olemme lähettänyt ylhäältä. Aiotteko sen siis hylätä?</p>
      <p>
      <span>51</span>Totisesti, Me jo ennakolta ohjasimme Aabrahamin oikealle tielle, ja Me tunsimme hänet hyvin.</p>
      <p>
      <span>52</span>Jo silloin, kun hän lausui isälleen ja kansalleen: »Mitä ovat nämä epäjumalat, joita te yhä palvelette?»</p>
      <p>
      <span>53</span>He vastasivat: »Olemme nähneet jo esi-isiemme niitä palvelleen.»</p>
      <p>
      <span>54</span>Hän sanoi: »Totisesti, te ja teidän esi-isänne olette olleet ilmeisessä harhassa.»</p>
      <p>
      <span>55</span>He sanoivat: »Puhutko meille totuutta, vai oletko niitä, jotka vain laskevat leikkiä?»</p>
      <p>
      <span>56</span>Hän vastasi: »Ei, teidän Herranne on taivaitten ja maan Herra, joka ne on luonut. Minä olen tämän todistaja.</p>
      <p>
      <span>57</span>Ja Jumalan nimessä olen totisesti tekevä selvää teidän epäjumalistanne, kun käännytte pois.»</p>
      <p>
      <span>58</span>Niin hän mursi ne palasiksi paitsi suurinta niistä, jotta he kenties saattaisivat palata sen eteen.</p>
      <p>
      <span>59</span>He sanoivat: »Kuka on tehnyt näin meidän jumalillemme? Hän on totisesti pahantekijä.»</p>
      <p>
      <span>60</span>Muutamat sanoivat: »Olemme kuulleet erään Aabrahamnimisen nuorukaisen puhuvan niistä.»</p>
      <p>
      <span>61</span>He sanoivat: »Tuokaa hänet sitten kansan silmien eteen ehkä he voivat todistaa.»</p>
      <p>
      <span>62</span>He sanoivat: »Oi Aabraham. Sinäkö olet tämän tehnyt jumalillemme?»</p>
      <p>
      <span>63</span>Hän vastasi: »Varmaan sen joku teki; mutta onhan tässä heidän päämiehensä jäljellä, kysykää siltä, jos se voi puhua.»</p>
      <p>
      <span>64</span>Silloin he miettivät mielessään ja syyttelivät toisiansa: »Totisesti, te olette väärällä tiellä.»</p>
      <p>
      <span>65</span>Mutta sitten he joutuivat päästään pyörälle ja sanoivat: »Totisesti, sinähän tiedät, että nämä eivät puhu.»</p>
      <p>
      <span>66</span>Hän lausui: »Palvelisitteko siis Jumalan sijasta sellaista, joka ei voi teitä vähääkään auttaa eikä myöskään vahingoittaa?</p>
      <p>
      <span>67</span>Häpeä teille ja niille, joita palvelette Jumalan ohella. Ettekö jo ymmärrä?»</p>
      <p>
      <span>68</span>He sanoivat: »Polttakaa hänet ja auttakaa jumalianne, jos jotakin aiotte tehdä!»</p>
      <p>
      <span>69</span>Me sanoimme: »Oi tuli, pysy kylmänä ja suojele Aabrahamia.»</p>
      <p>
      <span>70</span>He vainosivat häntä, mutta Me jätimme heidät häviölle.</p>
      <p>
      <span>71</span>Ja Me pelastimme Hänet sekä Lootin maahan, jonka olimme siunannut maan kansoja varten.</p>
      <p>
      <span>72</span>Me annoimme hänelle pojan, Iisakin, sekä pojanpojan, Jaakobin, ja teimme heistä kaikista hurskaita.</p>
      <p>
      <span>73</span>Ja Me teimme heistä johtajia, jotka ohjasivat kansaa Meidän käskyjemme mukaan. Me määräsimme heidät suorittamaan hyviä tekoja ja uutterasti rukoilemaan sekä antamaan almuja. Ja he palvelivat ainoastaan Meitä.</p>
      <p>
      <span>74</span>Ja Lootille Me annoimme viisautta ja tietoa ja pelastimme hänet kaupungista, jonka asukkaat harjoittivat iljettäviä tekoja. Totisesti, he olivat paha ja hillitön kansa.</p>
      <p>
      <span>75</span>Me suljimme hänet armoomme; totisesti, hän kuului hyvien pariin.</p>
      <p>
      <span>76</span>Entä Nooa. Kun hän huusi meitä muinoin, Me kuulimme häntä ja pelastimme hänet ja hänen perheensä suuresta onnettomuudesta.</p>
      <p>
      <span>77</span>Me autoimme häntä kansaa vastaan, joka kielsi Meidän ilmoituksemme; totisesti, he olivat paha kansa, ja Me hukutimme heidät kaikki.</p>
      <p>
      <span>78</span>Entä Daavid ja Salomo. Kun he antoivat tuomionsa eräästä pellosta, jonka ihmisten vuohet olivat yön aikana tallanneet, Me olimme heidän tuomionsa todistajana.</p>
      <p>
      <span>79</span>Niin saatoimme Salomon ymmärtämään tapauksen ja kummallekin annoimme viisautta ja tietoa. Me alistimme lakeihimme vuoret ja linnut, jotka yhdessä Daavidin kanssa julistivat kunniaamme. Juuri Me saimme tämän aikaan.</p>
      <p>
      <span>80</span>Me opetimme häntä myös valmistamaan teille haarniskoja suojaksi taisteluissanne. Mutta oletteko siitä kiitollisia?</p>
      <p>
      <span>81</span>Ja Salomon Me opetimme käyttämään myrskytuulia, jotka Hänen käskystänsä puhalsivat sen maan ylitse, jonka olimme siunannut. Me tiedämme täydellisesti kaiken.</p>
      <p>
      <span>82</span>Me annoimme myös hänen valtaansa muutamia villikansoja, jotka sukelsivat hänelle helmiä ja tekivät muutakin. Ja Me olimme heidän vartijanaan.</p>
      <p>
      <span>83</span>Muistettakoon myös Jobia, joka rukoili Herraansa: »Totisesti, onnettomuus on minua kohdannut, mutta Sinä olet kaikkein armollisin armonosoittajista.»</p>
      <p>
      <span>84</span>Sentähden Me kuulimme häntä ja poistimme hänen vaivansa ja annoimme takaisin hänen perheensä sekä lisäksi paljon muuta; kaiken armonamme ja kehoituksena palvelijoillemme.</p>
      <p>
      <span>85</span>Entä Ismael ja Idris ja Dzulkifl, jotka kaikki olivat lujia.</p>
      <p>
      <span>86</span>Me suljimme heidät armoomme. Totisesti, kaikki he kuuluivat hyvien joukkoon.</p>
      <p>
      <span>87</span>Entä sitten Joona, kun hän pyrki pois, täynnä vihaa, luullen, että emme voisi häntä saavuttaa; sitten huusikin hän ahdingostaan: »Ei ole muuta jumalaa kuin Sinä, kunnia olkoon Sinulle. Totisesti, minä olen vääryyttä tehnyt.»</p>
      <p>
      <span>88</span>Silloin Me vastasimme hänelle ja vapautimme hänet murheestaan. Tällä tavoin Me pelastamme uskovaiset.</p>
      <p>
      <span>89</span>Entä Sakarias. Hän huusi Herraansa: »Älä jätä minua yksin. Sinä olet paras perillinen.»</p>
      <p>
      <span>90</span>Silloin Me vastasimme hänelle ja annoimme hänelle Johanneksen sekä teimme hänen vaimonsa hedelmälliseksi. Totisesti, he (entiset profeetat) kilpailivat keskenänsä hyvän tekemisessä ja rukoilivat Meitä toivoen ja peläten. He olivat nöyriä edessämme.</p>
      <p>
      <span>91</span>Muistettakoon sitä naista (Mariaa), joka suojeli viattomuuttaan, ja Me puhalsimme häneen henkeämme ja teimme hänet ja hänen poikansa ihmemerkiksi kansoille.</p>
      <p>
      <span>92</span>Totisesti, nämä ihmiset kuuluvat teidän uskonyhteyteenne. Ja Minä olen teidän Herranne. Palvelkaa siis Minua!»</p>
      <p>
      <span>93</span>Mutta he (toiset) ovat hajaantuneet uskonyhteydestään. Kuitenkin heidän kaikkien on palattava Meidän luoksemme.</p>
      <p>
      <span>94</span>Joka suorittaa hyviä tekoja ja on uskovainen, hänen ponnistelunsa eivät jää tunnustusta vaille, vaan Me kirjoitamme ne muistiin.</p>
      <p>
      <span>95</span>Ja sellaisen kaupungin asujaimia, jonka olemme tuhonnut, on kielletty palaamasta takaisin.</p>
      <p>
      <span>96</span>Kunnes Goog ja Maagog päästetään irti ja ryntäävät alas kaikilta kukkuloilta.</p>
      <p>
      <span>97</span>Ja kun totinen lupaus lähenee täyttymystään, silloin uskottomain silmät pysähtyvät tuijottamaan kauhistuneina, ja he sanovat: »Voi meitä, me olimme totisesti välinpitämättömiä tästä; niin, me olimme jumalattomia.»</p>
      <p>
      <span>98</span>Totisesti, te ja ne epäjumalat, joita te Jumalan sijasta palvelitte, olette helvetin polttoainetta. Sinne te olette menossa.</p>
      <p>
      <span>99</span>Jos ne olisivat olleet jumalia, eivät ne olisi sinne joutuneet, mutta kaikki ne saavat siellä iäti pysyä.</p>
      <p>
      <span>100</span>Siellä ne saavat parkua eivätkä ne siellä lohdutusta kuule.</p>
      <p>
      <span>101</span>Totisesti, ne, joille olemme jo määrännyt hyvän osan, pysyvät sieltä kaukana.</p>
      <p>
      <span>102</span>He eivät kuule sieltä hiiskahdustakaan, vaan saavat syventyä siihen, mihin sydämissään haluavat.</p>
      <p>
      <span>103</span>Suuri kauhistus ei heitä hämmennä, vaan enkelit tulevat heitä vastaan ja lausuvat: »Tämä on teidän päivänne, joka teille oli luvattu.»</p>
      <p>
      <span>104</span>Sinä päivänä Me käärimme taivaan kokoon, kuten kirjoitukset kääröksi kootaan. Samoin kuin Me alussa loimme oliot, niin saatamme ne takaisin sinne, mistä ovat tulleet. Tämä on Meitä velvoittava lupaus. Totisesti, näin tulemme tekemään.</p>
      <p>
      <span>105</span>Olemmehan kirjoittanut Kirjaan varoituksen jälkeen: »Totisesti, hurskaat palvelijani saavat periä maan.»</p>
      <p>
      <span>106</span>Tämä on totinen sanoma niille, jotka Minua palvelevat.</p>
      <p>
      <span>107</span>Olemme lähettäneet sinut, oi Muhammed, vain armoksi maailman kansoille.</p>
      <p>
      <span>108</span>Sano: »Minut on määrätty julistamaan, että teidän Jumalanne on armon Jumala. Ettekö siis olisi tottelevaisia?»</p>
      <p>
      <span>109</span>Mutta jos he kääntyvät pois, sano silloin: »Olen varoittanut teitä kaikkia ilman erotusta enkä tiedä, onko se, mitä teille on määrätty, lähellä vai kaukana.</p>
      <p>
      <span>110</span>Totisesti, Hän tietää mitä äänekkäästi puhutaan, ja Hän tietää myös, mitä te salaatte.</p>
      <p>
      <span>111</span>En tiedä, tuleeko siitä teille koettelemus vaiko ajallinen nautinto.»</p>
      <p>
      <span>112</span>Hän lausui: »Herra, tuomitse oikeudenmukaisesti. Herramme on Armahtaja, jota kutsutaan avuksi niitä vastaan, joita he Hänen vertaisikseen asettavat.»</p>
    </div>
  </body>
</html>
