<?xml version="1.0"?>
<html>
  <head>
    <meta http-equiv="Content-Type" content="text/html; charset=utf-8" />
    <title>Pyhiinvaelluksen suura</title>
  </head>
  <body>
    <h1>
    <span>22</span>Pyhiinvaelluksen suura</h1>
    <div class="johdanto">
      <h2>JOHDANTO:</h2>
      <p>KAHDESKYMMENES TOINEN SUURA: Pyhiinvaellus (Al-Hadsh) Ilmoitettu Mekassa (78 jaetta )</p>
      <p>Al-Hadsh, »Pyhiinvaellusretki», saa nimensä jakeista 26-38, jotka käsittelevät toivioretkeä Mekkaan. Joidenkuiden selittäjien mukaan tämä kuuluu Mekan, toisten mielestä taasen Medinan kauteen. Siinä Koraanin käsikirjoituksessa, jota tässä on seurattu, suuraa pidetään medinalaisena, ja voinemme pysyä tässä olettamuksessa.</p>
      <p>Jakeet 11-13, 25-30, 39-41 ja 58-60 on kaikkien selittäjien mukaan ilmoitettu Medinassa. Nöldeke, lähdekriitikoista tunnetuin, sanoo, että tämä olettamus on oikeaan osunut.Hän on kuitenkin sitä mieltä, että tämän suuran huomattava osa on Mekan kauden lopulta.</p>
    </div>
    <div class="sura">
      <h2>Aloitan JUMALAN, laupiaan Armahtajan, nimeen.</h2>
      <p>
      <span>1</span>Oi ihmiset! Kunnioittakaa peläten Herraanne. Totisesti, (tuomion) hetken järkytys on hirmuinen tapahtuma.</p>
      <p>
      <span>2</span>Sinä päivänä, jolloin sen tulette näkemään, jokainen imettävä vaimo hämääntyy unohtaen imettämänsä lapsen ja jokainen raskaana oleva nainen synnyttää sikiönsä kesken. Olet näkevä ihmiset ikäänkuin päihtyneinä, mutta he eivät ole humalassa, vaan Jumalan rangaistus tulee ankarana.</p>
      <p>
      <span>3</span>Ihmisten joukossa on sellaisia, jotka kiistelevät Jumalasta, vaikka ovat tietoa vailla ja seuraavat jokaista karkoitettua pahaahenkeä;</p>
      <p>
      <span>4</span>jollaisesta on kirjoitettu, että ken liittyy häneen, sen hän vie harhaan ja johtaa kohti palavan tulen tuskaa.</p>
      <p>
      <span>5</span>Oi ihmiset, jos epäilette kuolleistaheräämistä, niin olemmehan totisesti luonut teidät tomusta, sitten elon siemenestä, sitten hyytyneestä verestä, sitten lihamöhkäleestä, sopusuhtaisesta muodoltaan sekä myös epäsuhtaisesta, jotta kaikkivaltamme teille selviäisi. Minkä haluamme, sen kehitämme kohtuihin määräajaksi. Sitten saatamme teidät lapsina esille ja kasvatamme teitä, jotta saavuttaisitte kypsyysiän. Teidän joukossanne on joku, joka kuolee aikanaan, mutta joku myöskin, joka saavuttaa elämän raihnaisen kauden, jolloin hän ei enää tiedä mitään, vaikka aikaisemmin on tiennyt. Ja katso, maa saattaa olla paahtunut hedelmättömäksi, mutta kun lähetämme sille sateen ylhäältä, se herää ja paisuu ja kasvaa kaikenlaisia ihania yrttejä.</p>
      <p>
      <span>6</span>Näin tapahtuu, koska Jumala on Totuus ja koska Hän saa kaiken kuolleen eloon ja koska Hänellä on mahti kaiken yli,</p>
      <p>
      <span>7</span>ja koska tuomion hetki on epäilemättä tuleva, sillä Jumala on herättävä ne, jotka on kätketty hautoihin.</p>
      <p>
      <span>8</span>Ihmisten keskuudessa on joku, joka kiistelee Jumalasta, vaikka on vailla tietoa ja johdatusta ja valaisevaa kirjaa.</p>
      <p>
      <span>9</span>Hän kääntää halveksien selkänsä johtaakseen toisia harhaan Jumalan tieltä. Häntä kohtaa häpeä tässä maailmassa, ja ylösnousemuksen päivänä annamme hänen maistaa palamisen tuskaa.</p>
      <p>
      <span>10</span>»Tämä on sinun saatava siitä, mitä omat kätesi ovat edelläkäypinä tekoinasi lähettäneet ja koska Jumala ei tee palvelijoineen vähintäkään vääryyttä.»</p>
      <p>
      <span>11</span>Ihmisten joukossa on myös joku, joka palvelee Jumalaa kuin kahden vaiheilla. Jos hänen käy hyvin, hän on tyytyväinen, mutta jos häntä kohtaa koettelemus, hän kääntyy pois ja menettää sekä tämän maailman että tulevan elämän. Näin joudutaan selvästi turmioon.</p>
      <p>
      <span>12</span>Jumalan ohella hän rukoilee sellaista, mikä ei tuota hänelle vahinkoa enempää kuin hyötyäkään. Näin joudutaan suureen harhaan.</p>
      <p>
      <span>13</span>Hän rukoilee sellaista, joka häntä pikemmin vahingoittaa kuin auttaa. Todellakin, kehno on suojelija ja kehno on myös hänen seuraajansa.</p>
      <p>
      <span>14</span>Totisesti, jotka uskovat ja tekevät hyvää, heidät Jumala päästää puutarhoihin, joiden kautta purot virtaavat. Jumala tekee todella mitä haluaa.</p>
      <p>
      <span>15</span>Ken ikinä luulee, ettei Jumala auta häntä tässä maailmassa eikä tulevassa, hän kiinnittäköön köyden riippumaan ylhäältä ripustaakseen siihen itsensä. Leikatkoon sitten köyden poikki ja todetkoon, poistiko hänen temppunsa sen, mikä häntä vihastutti.</p>
      <p>
      <span>16</span>Näin Me olemme lähettänyt ilmoituksemme selvin vertauskuvin; kyllä Jumala ohjaa sitä, ketä haluaa.</p>
      <p>
      <span>17</span>Totisesti, on olemassa sellaisia, jotka uskovat, ja on juutalaisia ja saabalaisia, kristittyjä ja magian harjoittajia sekä myös monijumalaisia. Ylösnousemuksen päivänä Jumala tekee erotuksen heidän kaikkien välillään. Totisesti, Jumala on kaiken todistaja.</p>
      <p>
      <span>18</span>Etkö ole havainnut. että Jumalan edessä alistuu kaikki, mikä on taivaassa ja mikä on maan päällä, samaten aurinko ja kuu ja tähdet, samoin vuoret ja puut ja eläimet ja suuri joukko ihmisiä. Mutta monia kohtaan on paikallaan rangaistus. Ja kenet Jumala alentaa, sitä ei kukaan enää saata kunniaan. Totisesti, Jumala tekee mitä hyväksi näkee.</p>
      <p>
      <span>19</span>On kaksi ryhmää, jotka kiistelevät Herrastaan. Siksi onkin uskottomille leikattu tuliset vaatteet, ja heidän päänsä ylitse vuodatetaan kiehuvaa vettä.</p>
      <p>
      <span>20</span>Se liuottaa heidän sisuksensa sekä myös heidän ihonsa.</p>
      <p>
      <span>21</span>Ja heitä piestään rautasauvoin.</p>
      <p>
      <span>22</span>Joka kerran, kun he tuskissaan haluavat päästä sieltä pois, heidät työnnetään sinne takaisin, ja heille sanotaan: »Maistakaa palamisen tuskaa.»</p>
      <p>
      <span>23</span>Totisesti, jotka uskovat ja harjoittavat hyviä tekoja, heidän Jumala antaa astua puutarhoihin, joiden kautta virrat juoksevat. He saavat kantaa kultaisia rannerenkaita ja helmiä, ja heidän vaatteensa ovat silkkiä.</p>
      <p>
      <span>24</span>Heitä opastetaan jalosti puhumaan ja heidät johdatetaan ainoan ylistetyn tielle.</p>
      <p>
      <span>25</span>On tosin sellaisiakin, jotka ovat uskottomia ja eksyttävät toisia Jumalan tieltä ja pyhitetystä moskeijasta, johon pääsyn olemme tehnyt yhtä helpoksi paikkakunnan asukkaille kuin erämaista tuleville. Mutta kuka ikinä ryhtyy harjoittamaan petosta ja vääryyttä, hänen Me annamme maistaa tuskallista rangaistusta.</p>
      <p>
      <span>26</span>Palauta mieleesi, miten Me osoitimme Aabrahamille temppelin seudun asuinpaikaksi ja lausuimme: »Älä aseta ketään muuta Minun vertaisekseni ja pidä Huoneeni puhtaana niitä varten, jotka kiertävät sen ympäri, jotka seisoen rukoilevat, jotka kumartuvat ja jotka maahan vaipuvat.»</p>
      <p>
      <span>27</span>Julista myöskin ihmisille pyhiinvaellusta, että he tulevat luoksesi jalkaisin ja jäntevien kameelien selässä, jotka kestävät vaikeimpiakin taipaleita,</p>
      <p>
      <span>28</span>jotta he voisivat itse nähdä nämä paikat ja niiden hyödyn heille itselleen, ja jotta he voisivat kiittää Jumalaa säädettyinä päivinä kaikesta siitä nelijalkaisesta karjasta, jonka Hän on heille suonut, ja sitten syödä itse ja ravita puutteenalaisia ja tarvitsevia.»</p>
      <p>
      <span>29</span>Sitten he puhdistautukoot kaikesta epäsiisteydestä ja täyttäkööt lupauksensa sekä kulkekoot vanhan temppelin ympäri.</p>
      <p>
      <span>30</span>Näin olkoon. Ja ken pitää kunniassa Jumalan pyhät määräykset, hänelle se on parhaaksi Herransa edessä. Ravinnoksenne saatte käyttää kaikkia nelijalkaisia eläimiä, paitsi niitä, jotka teille erikseen on mainittu. Välttäkää siksi epäjumalien saastaisuutta ja valheellisia puheita.</p>
      <p>
      <span>31</span>Olkaa vilpittömiä Jumalan edessä asettamatta mitään Hänen vertaisekseen. Ken muitakin jumaloi, hän on kuin olisi taivaasta pudonnut ja petolinnut olisivat raastaneet hänet mukaansa taikka tuuli heittänyt hänet kaukaiseen paikkaan.</p>
      <p>
      <span>32</span>Näin tulee olemaan. Jos joku kunnioittaa Jumalan määräyksiä, tämä johtuu varmasti hänen sydämensä hurskaudesta.</p>
      <p>
      <span>33</span>Saatte käyttää hyväksenne karjaa määräajan, sitten se viedään uhrattavaksi vanhaan temppeliin.</p>
      <p>
      <span>34</span>Jokaisen uskonnon tunnustajille Me olemme säätänyt uhritoimitukset, jotta he kiitollisina muistaisivat Jumalan nimeä kaiken sen nelijalkaisen karjan vuoksi, jonka olemme heille suonut. Teidän Jumalanne on ainoa Jumala, totelkaa siis Häntä, ja julista ilosanomaa nöyrille;</p>
      <p>
      <span>35</span>niille, joiden sydämet väräjävät Jumalaa mainittaessa; niille, jotka pysyvät lujina, mikä tahansa heitä kohtaakin; ja niille, jotka suorittavat rukouksensa ja antavat almuja siitä, mitä olemme heille suonut.</p>
      <p>
      <span>36</span>Paljon hyötyä teillä on uhrikameeleista, jotka olemme teille määrännyt merkiksi Jumalan uskonnosta. Siksi lausukaa Jumalan nimeä niiden ylitse, kun ne seisovat riveissä. Kun ne ovat vaipuneet kyljelleen, uhratkaa ne ja syökää niitä ja ravitkaa sitä köyhää, joka ei almua ano, ja myöskin kerjäläisiä. Näin Me olemme alistanut ne valtaanne, jotta osaisitte olla kiitollisia.</p>
      <p>
      <span>37</span>Niiden liha ja veri ei kohoa Jumalan tykö, mutta sydämienne hurskaus riittää Hänelle. Näin Me olemme alistanut ne valtaanne, jotta ylistäisitte Jumalaa, koska Hän on antanut teille johdatuksensa. Julistakaa ilosanomaa niille, jotka hyvää tekevät.</p>
      <p>
      <span>38</span>Jumala on totisesti karkoittava uskovaisten viholliset. Totisesti, Jumala ei rakasta valapattoa, kiittämätöntä ihmistä.</p>
      <p>
      <span>39</span>Niille on annettu lupa taistella, joita vastaan on aloitettu sota, sillä heille on tehty vääryyttä, ja Jumala kyllä kykenee heitäauttamaan;</p>
      <p>
      <span>40</span>heitä, jotka syyttä on karkoitettu kotoaan, koska ovat vain lausuneet: »Jumala on meidän Herramme.» Ellei Jumala olisi pitänyt kurissa eräitä ihmisiä toisten avulla, niin raunioiksi olisi tuhottu luostarit, kirkot ja synagogat sekä moskeijat, joissa Jumalan nimeä usein lausutaan. Totisesti, Jumala auttaa sellaista, joka auttaa Hänen asiaansa. Totisesti, Jumala on väkevä, mahtava.</p>
      <p>
      <span>41</span>He ovat sellaisia, jotka, jos annamme heille valtaa maassa, suorittavat kyllä rukouksia, antavat säädetyt almut ja käskevät ihmisiä hyviin tekoihin sekä kieltävät heitä pahasta. Mutta Jumalalle kuuluu kaikkien asioiden päätösvalta.</p>
      <p>
      <span>42</span>Mutta jos he torjuvat sinut valhettelijana, niin samoin tekivät edeltäjiäsi kohtaan jo aikaisemmin Nooan, Aadin ja Tamuudin kansat,</p>
      <p>
      <span>43</span>sekä Aabrahamin ja Lootin kansat yhtä hyvin kuin Midianin miehet.</p>
      <p>
      <span>44</span>Moosestakin pidettiin valhettelijana. Mutta Minä annoin uskottomille määräajan, jonka jälkeen yllätin heidät, ja miten ankara olikaan rangaistukseni.</p>
      <p>
      <span>45</span>Kuinka moni kaupunki sai Meiltä tuhonsa jumalattomuutensa takia, niin että sen katot ovat sortuneet ja kaivot hylätyt ja linnat autioina.</p>
      <p>
      <span>46</span>Eivätkö he ole kiertäneet maata, jotta heillä olisi sydän ymmärtää tai korvat kuulla? Sillä totisesti, eivät heidän silmänsä ole soaistut, vaan sydän heidän rinnassaan.</p>
      <p>
      <span>47</span>He pyytävät sinua jouduttamaan tuomiota, mutta Jumala ei riko lupaustaan; onhan Herrallesi yksi päivä kuin tuhat vuotta, joilla te aikaa laskette.</p>
      <p>
      <span>48</span>Kuinka monelle kaupungille annoinkaan armonaikaa, koska se oli väärämielinen. Mutta sitten yllätin sen; niin, Minun luokseni kaikki palaa.</p>
      <p>
      <span>49</span>Sano: »Oi ihmiset! Tulen pelkkänä varoittajananne.</p>
      <p>
      <span>50</span>Niitä varten, jotka uskovat ja hyvää tekevät, on anteeksiannon ihana palkinto.</p>
      <p>
      <span>51</span>Mutta jotka yrittävät vastustaa Meidän imoitustamme, saavat paikkansa helvetin tulessa.</p>
      <p>
      <span>52</span>Ennen sinua, oi Muhammed, emme ole lähettänyt ainoatakaan lähettilästä tai profeettaa, joiden tarkoitusperiä ei saatana olisi sotkenut. Mutta Jumala tekee tyhjäksi saatanan sekaantumiset. Jumala vahvistaa tunnusmerkkinsä, sillä Jumala on tietävä, viisas.</p>
      <p>
      <span>53</span>Jumala muuttaa saatanan juonet koetukseksi niille, joiden sydämet ovat turmeltuneita ja kovia. Totisesti, väärintekijät menevät pitkälle vastahakoisuudessaan.</p>
      <p>
      <span>54</span>Jumala tarkoittaa myös, että ne, joille on annettu tietoa, käsittäisivät, että tämä on Herralta tuleva totuus, jotta he uskoisivat siihen ja heidän sydämensä nöyrtyisivät Hänen edessään. Totisesti, Jumala ohjaa uskovaiset oikealle tielle.</p>
      <p>
      <span>55</span>Mutta epäuskoiset eivät lakkaa epäilemästä, kunnes heidät yht'äkkiä yllättää määrähetki tai Heitä kohtaa tuhopäivän tuomio.</p>
      <p>
      <span>56</span>Sinä päivänä kuninkuus kuuluu Jumalalle. Hän on antava heille kullekin tuomionsa. Silloin ne, jotka uskovat ja tekevät hyvää, pääsevät autuuden puutarhoihin.</p>
      <p>
      <span>57</span>Mutta jotka ovat uskottomia ja hylkäävät tunnusmerkkimme, kuuluvat niihin, joita odottaa häpeällinen rangaistus.</p>
      <p>
      <span>58</span>Mutta niille, jotka jättivät kotinsa ja lähtivät Jumalan tielle ja sitten surmattiin tai muutoin kuolivat, heille Jumala suo ihanan palkinnon. Totisesti, Jumala on paras huolehtija.</p>
      <p>
      <span>59</span>Hän antaa heidän astua paikkaan, joka on heitä miellyttävä. Totisesti, Jumala on tietävä, hyvänsuopa.</p>
      <p>
      <span>60</span>Näin on asia. Jos joku kostaa hänelle aiheutetun kärsimyksen samalla mitalla ja häntä sorretaan, niin varmasti Jumala on häntä auttava. Totisesti, Jumala on armollinen, anteeksiantavainen.</p>
      <p>
      <span>61</span>Sillä Jumala antaa yön sulautua päivään ja päivän vaipua yöhön. Jumala on kuuleva, näkevä.</p>
      <p>
      <span>62</span>Sillä Jumala on Totuus, ja se on valhetta, mitä he rukoilevat Hänen ohellaan, sillä Jumala on kaikista korkein, kaikista suurin.</p>
      <p>
      <span>63</span>Etkö huomaa, että Jumala lähettää taivaasta sateen maan päälle, niin että maa rupeaa viheriöimään? Totisesti, Jumala on ylevä, kaikkivoipa.</p>
      <p>
      <span>64</span>Hänelle kuuluu kaikki, mitä on taivaassa ja maan päällä. Totisesti, Jumala on rikas, ylistetty.</p>
      <p>
      <span>65</span>Etkö ole ajatellut, että teidän hyväksenne Jumala on alistanut lakejansa noudattamaan kaiken, mitä maan päällä on, ja että Hänen käskyjensä mukaan laivat kulkevat merellä? Ja että Hän vain käskyllään pidättää taivasta luhistumasta maahan? Totisesti, Jumala on ihmissukua kohtaan myötämielisin ja armollisin.</p>
      <p>
      <span>66</span>Juuri Hän on suonut sinulle elämän ja antaa sitten sinun kuolla herättääkseen sinut uuteen eloon. Mutta ihminen on totisesti kiittämätön.</p>
      <p>
      <span>67</span>Jokaiselle kansalle Me olemme säätänyt hartausharjoituksia, joita he noudattavat. Älkööt he siksi kiistelkö kanssasi tästä asiasta. Huuda heitä Herrasi luokse, totisesti sinä kuljet oikeata tietä.</p>
      <p>
      <span>68</span>Jos he kiistelevät kanssasi, sano silloin: »Jumala tietää parhaiten, mitä te teette.»</p>
      <p>
      <span>69</span>Ylösnousemuksen päivänä on Jumala ratkaiseva kiistanne.</p>
      <p>
      <span>70</span>Etkö tiedä, että Jumala tuntee kaiken, mikä on taivaassa ja maan päällä? Totisesti, tämä on Kirjassa. Totisesti, tämä on helppoa Jumalalle.</p>
      <p>
      <span>71</span>Ja he palvelevat Jumalan ohella sellaista, jolle emme ole antanut mitään valtaa ja josta heillä ei ole mitään tietoa. Väärämielisillä ei ole ketään auttajaa.</p>
      <p>
      <span>72</span>Kun Meidän selvät ilmoituksemme on heille esitetty, voit havaita uskottomien kasvoista vastustusta. He haluaisivat syöksyä niiden kimppuun, jotka kertovat heille merkeistämme. Sano: »Kerronko teille jotakin, mikä on vieläkin pahempaa? Se on tuli. Sen on Jumala luvannut niille, jotka ovat uskottomia. Mikä viheliäinen olinpaikka!»</p>
      <p>
      <span>73</span>Oi ihmiset. Kuunnelkaa vertausta, joka esitetään: Totisesti, ne, joita te rukoilette Jumalan ohella, eivät voi luoda edes kärpästä, vaikkapa yhdessä sitä yrittäisivät. Ja jos kärpänen heiltä jotain veisi mukanaan, he eivät voisi saada sitä siltä takaisin; yhtä heikko on moinen avunantaja kuin avunanojakin.</p>
      <p>
      <span>74</span>He eivät arvioi Jumalaa niin suureksi, kuin Hänet arvioida tulee. Totisesti, Jumala on valtava, mahtava.</p>
      <p>
      <span>75</span>Jumala valitsee lähettiläänsä sekä enkelien että ihmisten keskuudesta. Totisesti, Jumala on kuuleva, näkevä.</p>
      <p>
      <span>76</span>Hän tietää, mitä heillä on edessään ja mitä takanaan. Ja Jumalan luokse on kaikkien palattava.</p>
      <p>
      <span>77</span>Te, jotka uskotte, kumartakaa, vaipukaa maahan asti, palvelkaa Herraanne ja tehkää hyvää, jotta teillä olisi menestystä.</p>
      <p>
      <span>78</span>Kamppailkaa Jumalan tiellä ponnistellen, niinkuin Hänen arvonsa velvoittaa. Hän on teidät valinnut eikä ole uskontoonne asettanut teille mitään ylipääsemätöntä, vaan antanut teille isänne Aabrahamin uskon. Hän on kutsunut teitä muslimeiksi jo aikaisemmin ja myöskin tässä Koraanissa, jotta Sanan julistaja nyt olisi todistajanne ja te todistaisitte ihmissuvusta. Siksi suorittakaa rukouksenne ja antakaa säädetyt almut ja pysykää lujasti Jumalassa. Hän on teidän suojelijanne. Mikä oivallinen suojelija ja mikä oivallinen auttaja!</p>
    </div>
  </body>
</html>
