<?xml version="1.0"?>
<html>
  <head>
    <meta http-equiv="Content-Type" content="text/html; charset=utf-8" />
    <title>Uskovaisten Suura</title>
  </head>
  <body>
    <h1>
    <span>23</span>Uskovaisten suura</h1>
    <div class="johdanto">
      <h2>JOHDANTO:</h2>
      <p>KAHDESKYMMENES KOLMAS SUURA: Uskovaiset (Al Mu´minuun) Ilmoitettu Mekassa (118 jaetta )</p>
      <p>Al Mu´minuun, »Uskovaiset», on sana, joka tavataan heti ensimmäisessä jakeessa, ja myöskin koko suuran aiheena voidaan katsoa olevan uskovaisten voitonriemu.</p>
      <p>Tätä pidetään kaikkein viimeisenä Mekan kauden suurana, ilmoitettuna juuri ennen profeetan pakoa Jasripiin (Medinaan).</p>
    </div>
    <div class="sura">
      <h2>Aloitan JUMALAN, laupiaan Armahtajan, nimeen.</h2>
      <p>
      <span>1</span>Totisesti, uskovaiset menestyvät,</p>
      <p>
      <span>2</span>ne, jotka nöyrtyvät rukoillessaan,</p>
      <p>
      <span>3</span>ja jotka karttavat turhanpäiväistä puhetta,</p>
      <p>
      <span>4</span>ja jotka antavat sovituksen almut</p>
      <p>
      <span>5</span>ja jotka hillitsevät himojensa jäsenet,</p>
      <p>
      <span>6</span>paitsi vaimojensa ja orjattariensa parissa, jolloin heitä ei soimata.</p>
      <p>
      <span>7</span>Mutta ne, jotka menevät tätä pitemmälle, he ovat synnintekijöitä.</p>
      <p>
      <span>8</span>Uskovaisia ovat myös ne, jotka vartioivat uskottua omaisuutta ja pitävät sopimuksensa;</p>
      <p>
      <span>9</span>ja ne, jotka pitävät vaarin rukouksistaan.</p>
      <p>
      <span>10</span>Nämä kuuluvat perillisiin.</p>
      <p>
      <span>11</span>Paratiisin he saavat periä, ja siellä he tulevat asumaan.</p>
      <p>
      <span>12</span>Totisesti muovailimme ihmisen puhtaasta savesta.</p>
      <p>
      <span>13</span>Sitten sijoitimme elon siemenen varmaan suojaan.</p>
      <p>
      <span>14</span>Senjälkeen kehitimme siemenestä verenalun, ja hyytyneestä verestä kehitimme lihanrungon; lihanrungossa rakensimme luut ja luut ympäröimme lihalla. Tämän jälkeen saatoimme hänet uuteen hahmoon. Siunattu olkoon siis Jumala, luojista paras.</p>
      <p>
      <span>15</span>Tämän jälkeen teidän on totisesti kuoltava;</p>
      <p>
      <span>16</span>mutta ylösnousemuksen päivänä teidät jälleen herätetään eloon.</p>
      <p>
      <span>17</span>Totisesti, yläpuolellenne olemme rakentanut seitsemän taivaan rataa; emme konsanaan jätä huolenpitoa luomisesta.</p>
      <p>
      <span>18</span>Pilvistä lähetämme sadetta maan päälle määrän mukaan ja annamme sen jäädä maahan, ja totisesti kykenemme myös sen ottamaan pois.</p>
      <p>
      <span>19</span>Veden avulla Me sitten kasvatamme teille puutarhoja palmupuineen ja viiniköynnöksineen. Niistä saatte runsaasti hedelmiä, ja te syötte niitä.</p>
      <p>
      <span>20</span>Me kasvatamme myös puun, joka kohoaa Siinain vuorella, ja se tuottaa teille öljyä ja mehua nautittavaksenne.</p>
      <p>
      <span>21</span>Myös nelijalkaisissa teille on opetus. Annamme teille juomaa niiden sisuksista; onpa karjasta teille suurta hyötyä myös siten, että voitte sitä syödä.</p>
      <p>
      <span>22</span>Se kantaa teitä myös samoin kuin laivatkin.</p>
      <p>
      <span>23</span>Ja tapahtui, että Me lähetimme Nooan kansansa luokse, ja hän lausui: »Oi kansani, palvelkaa Jumalaa; teillä ei ole muuta jumalaa kuin Hän. Ettekö siis karttaisi pahaa?</p>
      <p>
      <span>24</span>Silloin hänen kansansa uskottomien päämiehet sanoivat: »Hän on vain kuolevainen kuten tekin ja yrittää kohottaa itsensä teidän yläpuolellenne. Jos Jumala olisi tahtonut, Hän olisi tosiaankin voinut lähettää alas enkelinsä. Emme ole tällaisesta kuulleet esi-isiltämme.</p>
      <p>
      <span>25</span>Hän on vain hullu mies, siksi sietäkäämme häntä aikansa.»</p>
      <p>
      <span>26</span>Nooa lausui: »Herra, auta minua, koska he leimaavat minut valehtelijaksi.»</p>
      <p>
      <span>27</span>Silloin Me annoimme hänelle ilmoituksemme näin sanoen: »Rakenna itsellesi arkki silmiemme edessä ja käskyjemme mukaan. Kun sitten sanamme käy toteen ja tuliset vedet tulvivat, niin vie siihen pari kaikkia eläimiä sekä oma perheesi, paitsi niitä, joista sana on jo edeltä käynyt. Älä puhu minulle niistä, jotka ovat jumalattomia. Totisesti, heidät hukutetaan.</p>
      <p>
      <span>28</span>Kun sinä ja mukanasi olevat olette turvallisesti asettuneet arkkiin, lausu silloin: »Kaikki ylistys kuuluu Jumalalle, joka on pelastanut meidät jumalattomien ihmisten seasta.»</p>
      <p>
      <span>29</span>Ja sano edelleen: »Herrani, suo minulle siunattu ulospääsy, sillä Sinä olet paras turvasatama.»</p>
      <p>
      <span>30</span>Totisesti nämä ovat tunnusmerkkejä; totisesti Me koettelemme ihmisiä.</p>
      <p>
      <span>31</span>Heidän jälkeensä me loimme uuden sukupolven.</p>
      <p>
      <span>32</span>Sitten lähetimme heidän luokseen sananjulistajan heidän keskuudestaan, ja hän lausui: »Palvelkaa Jumalaa, teillä ei ole muuta jumalaa kuin Hän. Ettekö siis Häntä kunnioittaisi?»</p>
      <p>
      <span>33</span>Mutta päämiehet hänen kansansa keskuudessa, jotka olivat epäuskoisia ja kielsivät tulevan elämän ja joille olimme antanut hyvinvointia tässä maailmassa, lausuivat: »Hän on vain kuolevainen kuten tekin, hän syö mitä tekin syötte ja juo mitä te juotte.</p>
      <p>
      <span>34</span>Jos tottelette kaltaistanne ihmistä, menette totisesti turmioon.</p>
      <p>
      <span>35</span>Lupaako hän teille, että kun olette kuolleet; ja muuttuneet tomuksi ja luiksi, niin teidät herätetään jälleen eloon?</p>
      <p>
      <span>36</span>Se on mahdotonta, aivan mahdotonta, mitä teille on luvattu.</p>
      <p>
      <span>37</span>On olemassa ainoastaan tämän maailman elämä, me kuolemme ja me elämme, eikä meitä herätetä kuolleista.</p>
      <p>
      <span>38</span>Hän on vain ihminen, joka on sepittänyt valhetta Jumalaa vastaan, emmekä ota häntä uskoaksemme.»</p>
      <p>
      <span>39</span>Hän sanoi: »Herrani, auta minua, koska he leimaavat minut valhettelijaksi.»</p>
      <p>
      <span>40</span>Jumala vastasi: »Tuokion kuluttua he totisesti katuvat.»</p>
      <p>
      <span>41</span>Niin rangaistus yllätti heidät totuuden voimalla, ja Me huuhdoimme heidät kuin roskajätteet. Siten häipykööt jumalattomat ihmiset.</p>
      <p>
      <span>42</span>Sitten Me nostimme heidän jälkeensä uuden sukupolven.</p>
      <p>
      <span>43</span>Yksikään kansa ei voi jouduttaa aikansa tuloa eikä sitä siirtää.</p>
      <p>
      <span>44</span>Sitten lähetimme sananjulistajia toisen toisensa jälkeen, mutta kun kansa sai lähettilään luokseen, se kielsi hänet, jolloin Me annoimme kansan seurata toistaan ja teimme ne pelkiksi taruiksi. Siten häipykööt pois uskottomat kansat.</p>
      <p>
      <span>45</span>Senjälkeen lähetimme Mooseksen ja hänen veljensä Aaronin mukanaan merkkimme ja selvät valtuudet</p>
      <p>
      <span>46</span>faraon ja hänen päämiestensä luokse, mutta nämä paisuivat ylpeydestään ja olivat julkeita ihmisiä.</p>
      <p>
      <span>47</span>Näin he sanoivat: »Uskoisimmeko kahta meidän kaltaistamme ihmistä, joiden kansalaiset ovat meidän orjiamme?»</p>
      <p>
      <span>48</span>Näin he kielsivät lähettiläät ja joutuivat niiden joukkoon, jotka kadotettiin.</p>
      <p>
      <span>49</span>Totisesti, Me annoimme Moosekselle Kirjan, jotta he saisivat johdatuksen.</p>
      <p>
      <span>50</span>Me asetimme myös Marian pojan ja hänen äitinsä tunnusmerkiksi ja annoimme heille suojaa eräällä ylängöllä, jossa oli sopiva lepopaikka ja kirkas lähde.</p>
      <p>
      <span>51</span>Te, jotka olette lähettiläitä, syökää puhdasta ravintoa ja suorittakaa hyviä tekoja. Minä tiedän tarkoin, mitä te teette.</p>
      <p>
      <span>52</span>Teidän seurakuntanne on ainoa uskovaisten seurakunta, ja Minä olen teidän Herranne, siksi palvelkaa Minua,</p>
      <p>
      <span>53</span>Mutta he ovat hajaantuneet uskonnossaan lahkoiksi, ja jokainen ylvästelee omastaan.</p>
      <p>
      <span>54</span>Anna siis heidän joksikin aikaa sokaistua harhaansa.</p>
      <p>
      <span>55</span>Luulevatko he, että antaessamme heille rikkautta ja lapsia</p>
      <p>
      <span>56</span>joudutamme heille myös hyveitä. Ei, tätä he eivät käsitä.</p>
      <p>
      <span>57</span>Totisesti, ne, jotka Herransa pelosta ovat vaarinottavaisia,</p>
      <p>
      <span>58</span>jotka uskovat Herransa ilmoituksiin,</p>
      <p>
      <span>59</span>jotka eivät palvele ketään Jumalan vertaisena</p>
      <p>
      <span>60</span>ja jotka antavat antinsa väräjävin sydämin, tietäen palaavansa Herransa luokse,</p>
      <p>
      <span>61</span>kaikki nämä ovat niitä, jotka kilpailevat hyveissä ja ensimmäisinä ne saavuttavat.</p>
      <p>
      <span>62</span>Emme pane yhdellekään sielulle kuormaa, jota se ei kykenisi kantamaan, ja Meillä on myöskin Kirja, joka puhuu totuutta, joten heille ei tehdä vääryyttä.</p>
      <p>
      <span>63</span>Heidän sydämensä ovat vaipuneet tietämättömyyteen tästä Kirjasta, ja sitäpaitsi he suorittavat muitakin tekoja.</p>
      <p>
      <span>64</span>Kunnes Me langetamme tuomiomme yltäkylläisesti eläville heidän keskuudessaan, ja katso, silloin he alkavat huutaa.</p>
      <p>
      <span>65</span>Älkää huutako apua tänä päivänä; totisesti ette ole saavat sitä Meitä vastaan.</p>
      <p>
      <span>66</span>Totisesti, Minun ilmoitukseni julistettiin teille, mutta te käännyitte selin.</p>
      <p>
      <span>67</span>Ylvästellen te vetäydytte etäälle.</p>
      <p>
      <span>68</span>Eivätkö he siis ole harkinneet, mitä ovat sanoneet? Vai onko heille sattunut sellaista, mitä ei heidän esi-isillensäkään ole sattunut?</p>
      <p>
      <span>69</span>Tai eivätkö he tunne sananjulistajaansa ja siksi hänet kieltävät?</p>
      <p>
      <span>70</span>Tai sanovatko, että hänet on vallannut hulluus? Ei, hän on tuonut heille totuuden, mutta useimmat heistä ovat totuutta vastaan.</p>
      <p>
      <span>71</span>Jos totuus olisi mukautunut heidän himoihinsa, niin varmasti taivaat ja maa ja kaikki, mitä niissä on, olisivat sortuneet raunioiksi. Ei, olemme tuonut heille varoittajan, mutta he kääntävät hänelle selkänsä.</p>
      <p>
      <span>72</span>Vai onko niin, että sinä, oi Muhammed, olet pyytänyt heiltä palkkiota? Mutta onhan Herrasi palkinto paras, sillä Hän on paras huoltaja.</p>
      <p>
      <span>73</span>Totisesti, sinä kutsut heitä oikealle tielle.</p>
      <p>
      <span>74</span>Mutta totisesti, ne, jotka eivät usko tulevaan elämään, eksyvät tieltä.</p>
      <p>
      <span>75</span>Ja vaikkapa Me osoittaisimme heille armoa ja poistaisimme heitä ahdistavan vaivan, niin totisesti, he pysyisivät kurittomuudessaan ja sokeasti jatkaisivat vaellustaan.</p>
      <p>
      <span>76</span>Olemme jo yllättänyt heidät rangaistuksella, mutta he eivät nöyryyttäneet sydämiänsä Herransa edessä eivätkä myöskään katuneet.</p>
      <p>
      <span>77</span>Mutta kun avaamme heille oven suureen tuskaan, niin katso, silloin he joutuvat epätoivoon.</p>
      <p>
      <span>78</span>Jumalahan on antanut teille kuulon ja näön ja sydämen. Mutta niukkoja ovat teidän kiitoksenne.</p>
      <p>
      <span>79</span>Hän on levittänyt teidät yli maan, ja Hänen luokseen teidät jälleen kootaan.</p>
      <p>
      <span>80</span>Hän antaa elämän ja kuoleman, ja Hänestä riippuu yön ja päivän vuorottelu. Ettekö jo ymmärrä?</p>
      <p>
      <span>81</span>Päinvastoin, he puhuvat aivan kuten heidän edeltäjänsäkin.</p>
      <p>
      <span>82</span>He sanovat: »Kuinka, kun olemme kuolleet ja muuttuneet tomuksi ja luiksi, herätetäänkö meidät silloin taas eloon?</p>
      <p>
      <span>83</span>Totisesti, meille on jo aikaisemmin luvattu samaa, kuten muinaisille esi-isillemmekin; nämä ovat pelkkiä muinaistaruja.»</p>
      <p>
      <span>84</span>Sano: »Kenelle kuuluu maa ja kaikki, mitä siinä on, vastatkaa, jos tiedätte?»</p>
      <p>
      <span>85</span>He vastaavat nyt: »Jumalalle.» »Sano: »Miksi ette sitten ota vaarin?»</p>
      <p>
      <span>86</span>Sano edelleen: »Kuka on seitsemän taivaan ja suurimman vallan Herra?»</p>
      <p>
      <span>87</span>He vastaavat taas: »Jumalalle kuuluu kaikki tämä.» Sano: »Miksi ette sitten Häntä palvele?»</p>
      <p>
      <span>88</span>Sano vielä: »Kenen kädessä on kaiken valtius ja kuka antaa suojaa, vaikka häntä vastaan ei ole mitään suojaa, sanokaa, jos tiedätte.»</p>
      <p>
      <span>89</span>He vastaavat taas: »Tämä kuuluu Jumalalle.» Sano: »Kuinka siis voitte olla noin harhautuneita?»</p>
      <p>
      <span>90</span>Olemme tuonut heille totuuden, mutta useimmat heistä ovat totisesti valehtelijoita.</p>
      <p>
      <span>91</span>Jumala ei konsanaan ole hankkinut itselleen poikaa, eikä ole muuta jumalaa kuin Hän. Olisihan muutoin jokainen jumala vienyt mukaansa sen, mitä oli luonut, ja muutamat heistä olisivat alistaneet toisia valtaansa. Kunnia olkoon Jumalalle! Hän on yläpuolella kaiken, mitä he kuvittelevat.</p>
      <p>
      <span>92</span>Hän tuntee sekä kätketyt että julkiset asiat. Senvuoksi Hän on sen yläpuolella, mitä he hänen ohellaan jumaloivat.</p>
      <p>
      <span>93</span>Sano: »Herra, jos näytät minulle, mikä heitä uhkaa,</p>
      <p>
      <span>94</span>niin Herra, älä sijoita minua väärämielisten joukkoon.»</p>
      <p>
      <span>95</span>Totisesti, Me kykenemme näyttämään sinulle, millä Me heitä uhkaamme.</p>
      <p>
      <span>96</span>Torju paha sillä, mikä hyvää on. Me tunnemme parhaiten, mitä he uskottelevat.</p>
      <p>
      <span>97</span>Sano myös: »Herra. Sinusta etsin turvapaikkaa pahojen henkien viettelyksiä vastaan.</p>
      <p>
      <span>98</span>Sinusta etsin suojaa, oi Herra, etteivät he minua saavuttaisi.»</p>
      <p>
      <span>99</span>Aina siihen asti, kunnes kuolema jonkun heistä yllättää ja hän hokee: »Herrani, päästä minut takaisin, päästä minut takaisin,</p>
      <p>
      <span>100</span>ehkä voisin tehdä hyvää sellaisessa, minkä olen jättänyt tekemättä.» Ei koskaan. Tämä on vain puhetta, jota hän hokee, mutta heidän takanaan on erottava seinä aina siihen päivään asti, jolloin heidät herätetään kuolleista.</p>
      <p>
      <span>101</span>Mutta kun pasuunoihin puhalletaan, niin sinä päivänä heidän välillään ei ole oleva mitään sukulaisuussiteitä, eivätkä he kysele toinen toistansa.</p>
      <p>
      <span>102</span>Senvuoksi ne, joiden hyveet painavat vaa'assa eniten, tulevat onnellisiksi.</p>
      <p>
      <span>103</span>Mutta joiden ansiot painavat vähän, he ovat niitä, jotka ovat kadottaneet sielunsa. Helvetissä he saavat asua.</p>
      <p>
      <span>104</span>Tuli on siellä kärventävä heidän kasvonsa ja pahasti turmeleva heidät.</p>
      <p>
      <span>105</span>Eikö Minun ilmoituksiani julistettu teille? Mutta te hyljitte niitä.</p>
      <p>
      <span>106</span>He vastaavat: »Herra, meidän onnettomuutemme kävivät yli voimiemme ja me olimme harhaan johdettuja ihmisiä.</p>
      <p>
      <span>107</span>Herra, päästä meidät pois täältä. Totisesti, jos taas käännymme pahaan, olemme väärämielisiä.»</p>
      <p>
      <span>108</span>Jumala on vastaava: »Menkää tiehenne älkääkä puhuko Minulle!</p>
      <p>
      <span>109</span>Olihan totisesti keskuudessanne ryhmä palvelijoitani, jotka lausuivat: 'Herra, me uskomme, anna meille anteeksi ja osoita meille armoasi, sillä Sinä olet paras armahtaja.'</p>
      <p>
      <span>110</span>Mutta te piditte heitä pilkkananne, kunnes se sai teidät unohtamaan Minun varoitukseni, ja te nauroitte heitä.</p>
      <p>
      <span>111</span>Totisesti Minä tänä päivänä olen heidät palkitseva siitä, että he olivat lujia; he ovat voiton perijöitä.»</p>
      <p>
      <span>112</span>Vielä kysyy Hän: »Kuinka monta vuotta viivyitte maan päällä?»</p>
      <p>
      <span>113</span>He vastaavat: »Viivyimme kai päivän tai osan siitä. Kysy niiltä, jotka osaavat laskea.»</p>
      <p>
      <span>114</span>Hän on sanova: »Olette viipyneet vain lyhyen hetken; jospa sen tietäisitte.</p>
      <p>
      <span>115</span>Luulitteko, että olimme luonut teidät turhan vuoksi ja ettei teidän ollut palattava Meidän luoksemme?»</p>
      <p>
      <span>116</span>Korkea on Jumala, totuuden kuningas; ei ole muuta jumalaa kuin Hän, ylevän voiman Herra.</p>
      <p>
      <span>117</span>Ken rukoilee jotakin muuta jumalaa Herran ohella, hänen osaksensa ei tule valoa, ja hänen on tili tehtävä Jumalalle. Totisesti, uskottomilla ei ole milloinkaan menestystä.</p>
      <p>
      <span>118</span>Sano: »Herra! Anna anteeksi ja osoita armoasi, sillä Sinä olet paras armahtajista.»</p>
    </div>
  </body>
</html>
