﻿<?xml version="1.0"?>
<html>
  <head>
    <meta http-equiv="Content-Type" content="text/html; charset=utf-8" />
    <title>Ymmärryksen Suura</title>
  </head>
  <body>
    <h1>
    <span>25</span>Ymmärryksen suura</h1>
    <div class="johdanto">
      <h2>JOHDANTO:</h2>
      <p>Kahdeskymmenes Viides SUURA: Ymmärryksen Suura (Al-Furkan) Ilmoitettu Mekassa (77 jaetta)</p>
      <p>Nimi Al-Furkan, »Ymmärrys» , on saanut nimensä ensimmäisessä jakeessa esiintyvästä sanasta. Suura arvostelee taikauskon hullutusta ja yliluonnollisten tapahtumain kaipuuta verrattuna Jumalan luomakunnan ihmeisiin.</p>
      <p>Suura kuuluu mekkalaisten keskiryhmään, paitsi jakeet 68-70, jotka on ilmoitettu Medinassa.</p>
    </div>
    <div class="sura">
      <h2>Aloitan JUMALAN, laupiaan Armahtajan, nimeen.</h2>
      <p>
      <span>1</span>Siunattu olkoon Hän, joka ylhäältä on lähettänyt ymmärryksen palvelijallensa, jotta hän voisi varoittaa kansoja.</p>
      <p>
      <span>2</span>Hänelle kuuluu taivaitten ja maan kuninkuus, Hän ei ole hankkinut itselleen lasta eikä Hänen kuninkuuteensa ole ketään osallista ja Hän on myös luonut kaiken ja antanut kullekin ansionsa mukaan.</p>
      <p>
      <span>3</span>Mutta ihmiset ovat Hänen rinnalleen omaksuneet muita jumalia, jotka eivät pysty mitään luomaan, koska ne itse ovat luotuja; eikä niillä ole mitään valtaa tehdä heille vahinkoa eikä hyvääkään, eivätkä ne liioin hallitse kuolemaa, elämää eivätkä ylösnousemusta.</p>
      <p>
      <span>4</span>Ja uskottomat sanovat: »Tämä on silkkaa valhetta, jonka hän itse on sepittänyt, ja toiset ovat häntä siinä auttaneet.» Niin ryhtyvät he vääryyteen ja valheeseen.</p>
      <p>
      <span>5</span>He sanovat edelleen: »Ne ovat muinaistaruja, jotka hän on antanut kirjoittaa muistiin, jotta niitä luettaisiin hänelle aamuin ja illoin.»</p>
      <p>
      <span>6</span>Vastaa: »Hän, joka tuntee sekä taivaitten että maan salaisuudet, on ilmaissut ne ylhäältä.» Totisesti Hän on anteeksiantavainen, armollinen.</p>
      <p>
      <span>7</span>He sanovat myös: »Millainen tämä lähettiläs onkaan! Hänhän nauttii ravintoa ja kävelee toreilla. Miksi ei hänen luoksensa ole lähetetty enkeliä, joka yhdessä hänen kanssaan voisi olla varoittajana?</p>
      <p>
      <span>8</span>Tai miksi hänelle ei ole heitetty aarteita, taikka miksi hänelle ei ole annettu puutarhaa, jonka antimia hän voisi syödä?» Ja jumalattomat sanovat: »Te seuraatte vain miestä, joka on noituuden sokaisema.»</p>
      <p>
      <span>9</span>Pane merkille, millaisia vertauksia he sinusta esittävät. Mutta he kulkevat eksyksissä eivätkä pääse oikean tien alkuun.</p>
      <p>
      <span>10</span>Siunattu olkoon Hän, joka voi, jos tahtoo, antaa teille parempaa, kuin mitä teillä nyt on. Puutarhoja, joiden kautta joet virtaavat, ja myös palatseja Hän voi teille hankkia,</p>
      <p>
      <span>11</span>He kieltävät määrähetken, mutta Me olemme valmistanut roihuavan tulen sille, joka tuomion hetken kieltää.</p>
      <p>
      <span>12</span>Kun helvetti on näkevä heidät jo matkan päästä, he kuulevat sieltä parkumista ja räiskinää.</p>
      <p>
      <span>13</span>Ja kun heidät heitetään johonkin sen ahtaaseen soppeen sidotuin käsin ja jaloin, niin he rukoilevat kuolemaa.</p>
      <p>
      <span>14</span>»Tänä päivänä älkää anoko vain yhtä kuolemaa, vaan anokaa monenkertaista hävitystänne.»</p>
      <p>
      <span>15</span>Sano: »Tämäkö on parempi, vai asuminen puutarhassa, joka niille on luvattu, jotka hartautta harjoittavat?» Se on oleva heidän palkkansa ja määränpäänsä.</p>
      <p>
      <span>16</span>Siellä heillä on kaikki, mitä haluavat, ja siellä he alati saavat asua. Tämä on Herrasi sitova lupaus, sitä voitte Häneltä kysyä.</p>
      <p>
      <span>17</span>Sinä päivänä Hän on kokoava heidät sekä ne, joita he Jumalan ohella palvelivat, ja sanova: »Tekö johdatitte nämä Minun palvelijani harhaan, vai eksyivätkö he tieltä?»</p>
      <p>
      <span>18</span>He vastaavat: »Kunnia olkoon Sinulle! Ei ollut meille soveliasta ottaa sinun rinnallesi muita suojelijoita, mutta kun Sinä annoit heille ja heidän esi-isilleen nautintoja, niin he unohtivat varoituksen ja joutuivat turmioon.»</p>
      <p>
      <span>19</span>Ja me sanomme: »Sentähden he totisesti ovat vääristelleet teidän puheenne, ettekä voi välttää tuomiota ettekä saada apua. Ja ken tahansa joukostanne on väärintekijä, hänen Me annamme maistaa ankaraa rangaistusta.»</p>
      <p>
      <span>20</span>Emme sinun edelläsikään lähettänyt yhtään sananjulistajaa, joka ei olisi nauttinut ravintoa tai kulkenut toreilla. Me olemme myös tehnyt jotkut teistä koetukseksi toisille, nähdäksemme, pysyttekö lujina. Herrasi on alati näkevä.</p>
      <p>
      <span>21</span>Ne, jotka eivät odota kohtaavansa Meitä, kyselevät: »Miksi ei enkeleitä ole lähetetty luoksemme maan päälle tai miksi emme näe Herraamme?» He ovat todellakin tulleet kovin itsetietoisiksi ja paisuvat ylimielisyydessään.</p>
      <p>
      <span>22</span>Tulee päivä, jolloin he saavat nähdä enkeleitä, mutta sinä päivänä syntisiä eivät odota ilosanomat, ja enkelit sanovat: »Olkoon välillämme ylipääsemätön kielto ja este.»</p>
      <p>
      <span>23</span>Me tutkimme heidän tekonsa ja muutamme heidät tomuksi, joka hajallensa viskotaan.</p>
      <p>
      <span>24</span>Sinä päivänä ovat puutarhan asukkaat paremmassa olotilassa ja ihanammassa lepopaikassa.</p>
      <p>
      <span>25</span>Sinä päivänä taivas purkaa pilvensä ja enkelit lähetetään alas suurina saattueina.</p>
      <p>
      <span>26</span>Sinä päivänä on todellinen kuninkuus kuuluva laupeimmalle, ja se on oleva kova päivä uskottomille.</p>
      <p>
      <span>27</span>Silloin jumalaton pureskelee käsiään ja sanoo: »Jospa olisin vaeltanut lähettilään tietä!</p>
      <p>
      <span>28</span>Voi minua, kunpa en olisi ottanut mokomaa ystäväkseni.</p>
      <p>
      <span>29</span>Totisesti, hän sai minut unohtamaan kehoituksen, senjälkeen kun olin, sen saanut.» Saatana jättää ihmisen pulaan.</p>
      <p>
      <span>30</span>Lähettiläs on sanova: »Oi Herra! Totisesti, kansani piti tätä Koraania joutavana.»</p>
      <p>
      <span>31</span>Tällä tavoin Me olemme antanut jokaiselle profeetalle vihamiehiä syntisten joukossa. Mutta Herrasi on riittävä opas ja riittävä auttaja.</p>
      <p>
      <span>32</span>Uskottomat sanovat myös: »Miksi koko Koraania ei ilmoitettu hänelle yhdellä kertaa?» Siksi, että saatoimme sen avulla vahvistaa sydäntäsi, Me esitimme sen jaksoittain.</p>
      <p>
      <span>33</span>He eivät voi esittää sinulle ainoatakaan väitettä, josta emme sanoisi sinulle totuutta ja antaisi parasta selitystä.</p>
      <p>
      <span>34</span>Niiden osa, jotka yhteenkoottuina lankeavat kasvoilleen helvetissä, on oleva onnettomin ja he ovat etäimmälle eksyneitä.</p>
      <p>
      <span>35</span>Totisesti, Me annoimme Moosekselle Pyhän Kirjan ja määräsimme hänen veljensä Aaronin hänen avustajakseen.</p>
      <p>
      <span>36</span>Me lausuimme: »Lähtekää kumpikin kansan luokse, joka on kieltänyt Meidän ilmoituksemme.» Viimein Me tuhosimme nämä perin pohjin.</p>
      <p>
      <span>37</span>Ja Nooan kansan, kun se hylkäsi lähettiläämme, me hukutimme ja asetimme sen varoitusmerkiksi ihmissuvulle. Me olemme valmistanut jumalattomille tuskallisen rangaistuksen.</p>
      <p>
      <span>38</span>Me tuhosimme myös Aadin ja Tamuudin sekä Rassin asukkaat sekä myös monia sukupolvia heidän väliltään.</p>
      <p>
      <span>39</span>Jokaiselle Me esitimme vertauksia ja jokaisen Me perinpohjin tuhosimme.</p>
      <p>
      <span>40</span>Aivan varmasti he ovat kulkeneet kaupungin ohi, jonka ylitse Me lähetimme hirvittävän sateen. Eivätkö he ole sitä havainneet? Ei, heidänlaisensa eivät odota ylösnousemusta.</p>
      <p>
      <span>41</span>Ja nähdessään sinut, Muhammed, he pitävät sinua vain pilkkanaan: »Tämäkö on se, jonka Jumala on lähettänyt sanansa julistajaksi?</p>
      <p>
      <span>42</span>Hän oli vähällä saada meidät luopumaan jumalistamme, ellemme olisi riippuneet heissä uskollisesti.» Mutta kun he aikanaan näkevät tuomionsa, he tulevat tietämään, kuka on oikealta tieltä kauimmas eksynyt.</p>
      <p>
      <span>43</span>Mikä on ajatuksesi sellaisesta, joka on ottanut oman himonsa jumalakseen? Sinäkö sellaisen suojelijaksi pyrkisit?</p>
      <p>
      <span>44</span>Älä usko, että useimmat heistä mitään vaarinottavat tai ymmärtävät. He ovat karjan kaltaisia; ei, he ovat kauemmaksi oikealta tieltä eksyneet kuin karja.</p>
      <p>
      <span>45</span>Oletko huomannut, miten Herrasi saa varjon lankeamaan? Hän olisi voinut tehdä sen pysyväksi. Sitten loimme auringon sitä osoittamaan.</p>
      <p>
      <span>46</span>Sitten siirrämme sitä hiljalleen Itseämme kohti.</p>
      <p>
      <span>47</span>Hän on antanut teille yön peitoksi, unen levoksi ja päivän työajaksi.</p>
      <p>
      <span>48</span>Juuri Hän lähettää tuulet tuomaan iloisia armonsanomia, ja pilvistä Me lähetämme puhdasta vettä,</p>
      <p>
      <span>49</span>elvyttääksemme kuivuneen maan ja antaaksemme sitä juomaksi , niille, otka olemme luonut, sekä ihmisjoukoille että karjalle.</p>
      <p>
      <span>50</span>Totisesti, Me annamme heille sadetta kausittain, jotta he muistaisivat Meitä, mutta useimmat ihmiset eivät ole muuhun taipuvaisia kuin kiittämättömyyteen.</p>
      <p>
      <span>51</span>Jos olisimme halunnut, olisimme voinut nostattaa esille varoittajan jokaisesta kaupungista.</p>
      <p>
      <span>52</span>Älkää siis suostuko uskottomiin, vaan taistelkaa kaikin voimin heitä vastaan.</p>
      <p>
      <span>53</span>Juuri Hän pitää erillään kahdenlaiset vedet. Toinen on makea, janoisia virkistävä vesi, toinen taas suolainen ja katkera, ja kummankin välille Hän on asettanut aitauksen ja ylipääsemättömän esteen.</p>
      <p>
      <span>54</span>Juuri Hän on luonut ihmisen vedestä ja antanut hänelle sukulaisuus~ sekä aviositeet, sillä Herrasi on mahtava.</p>
      <p>
      <span>55</span>Kuitenkin he palvelevat Jumalan rinnalla sellaista, mikä ei heitä hyödytä eikä vahingoitakaan. Uskoton on mukana taistelussa Herraansa vastaan.</p>
      <p>
      <span>56</span>Olemme lähettänyt sinut vain tuomaan ilosanomaa ja myös varoittamaan.</p>
      <p>
      <span>57</span>Sano: »En pyydä siitä teiltä mitään palkkaa, mutta ken haluaa suunnata tiensä Herraa kohti, hän tehköön niin.»</p>
      <p>
      <span>58</span>Luota ainoaan elävään, joka ei milloinkaan kuole, ja julista Hänen kunniaansa Häntä ylistäen. Hän tietää tarkoin palvelijainsa synnit.</p>
      <p>
      <span>59</span>Hän on luonut taivaat ja maan ja kaiken, mikä niiden välillä on, kuudessa kaudessa ja senjälkeen voimallansa hallitsee kaikkea. Hän on armahtaja. Kysy sellaiselta, jolla on tietoa Hänestä.</p>
      <p>
      <span>60</span>Kun heille sanotaan: »Alistukaa laupiaan armahtajan edessä», niin he kyselevät: »Mikä sitten on armahtaja? Pitääkö meidän kumartua kenen edessä sinä käsket?» Tämä lisää heidän vastahakoisuuttaan.</p>
      <p>
      <span>61</span>Siunattu olkoon Hän, joka on sijoittanut tähtisikermät taivaalle ja asettanut sinne myös päivän soihdun ja paistavan kuun.</p>
      <p>
      <span>62</span>Juuri Hän on säätänyt yön ja päivän toisiansa seuraamaan, niitä varten, jotka haluavat siitä ottaa vaarin tai jotka tahtovat kiittää.</p>
      <p>
      <span>63</span>Laupeimman armahtajan palvelijoita ovat ne, jotka nöyrinä vaeltavat maan päällä ja tietämättömien heitä puhutellessa lausuvat: »Rauha!»</p>
      <p>
      <span>64</span>Sekä ne, jotka viettävät yön Herransa edessä, rukoillen maahan vaipuneina tai seisaaltaan.</p>
      <p>
      <span>65</span>Sekä ne, jotka lausuvat: »Herra, torju pois meistä helvetin kuritus; totisesti, ikuinen on sen kidutus.»</p>
      <p>
      <span>66</span>Totisesti, se on kauhistuttava leposija ja asuinpaikka.</p>
      <p>
      <span>67</span>Armahtajan palvelijoita ovat myös ne, jotka eivät tuhlaa eivätkä ole itaria, vaan kulkevat keskitietä.</p>
      <p>
      <span>68</span>Samoin ne, jotka eivät rukoile muita jumalia kuin Jumalaa eivätkä syyttömästi ketään tapa, minkä Jumala on kieltänyt, eivätkä antaudu minkäänlaiseen haureuteen. Ken näin tekee, hän on saava synnin palkan.</p>
      <p>
      <span>69</span>Kaksinkertainen on hänen rangaistuksensa oleva ylösnousemuksen päivänä, ja häpeäänsä hän saa ainaiseksi jäädä.</p>
      <p>
      <span>70</span>Mutta ken tekee katumuksen ja uskoo ja suorittaa hyviä tekoja, hänen pahat tekonsa Jumala on vaihtava hyviksi, sillä Jumala on anteeksiantavainen, armollinen.</p>
      <p>
      <span>71</span>Kuka kääntyy ja tekee hyvää, totisesti, hänen kääntymyksensä Jumalan puoleen on otollinen.</p>
      <p>
      <span>72</span>Ne, jotka eivät anna väärää todistusta, ja jotka turhaa puhetta kuullessaan kulkevat arvokkaasti ohi,</p>
      <p>
      <span>73</span>jotka saadessaan muistutuksen Herransa tahdosta eivät tekeydy kuuroiksi ja sokeiksi,</p>
      <p>
      <span>74</span>ja ne, jotka sanovat: »Herra, suo meille silmien iloa vaimoistamme ja jälkeläisistämme ja tee meistä niiden esikuvia, jotka hartautta harjoittavat,</p>
      <p>
      <span>75</span>nämä kaikki palkitaan kestävyydestään ja saavat ylhäiset asuinsijat, joissa heidät otetaan vastaan suloisin tervehdyksin ja rauhantoivotuksin.</p>
      <p>
      <span>76</span>Siellä he saavat asua; mikä ihana asuinsija ja lepopaikka!</p>
      <p>
      <span>77</span>Sano uskottomille: »Herra ei välitä teistä, ellette Häntä avuksi huuda. Mutta te olette pitäneet totuutta valheena, ja ikuinen tuska on oleva osanne.»</p>
    </div>
  </body>
</html>
