﻿<?xml version="1.0"?>
<html>
  <head>
    <meta http-equiv="Content-Type" content="text/html; charset=utf-8" />
    <title>Runoilijoiden Suura</title>
  </head>
  <body>
    <h1>
    <span>26</span>Runoilijoiden suura</h1>
    <div class="johdanto">
      <h2>JOHDANTO:</h2>
      <p>KAHDESKYMMENES KUUDES SUURA: Runoilijat (Ash-Shuárâ) Ilmoitettu Mekassa (227 jaetta )</p>
      <p>Ash-Shuárâ, »Runoilijat», saa nimensä jakeesta 224 ja seur., joissa tehdään selvä ero runoilijoitten ja profeetan välillä; sanovathan runoilijat sellaista, mitä he eivät tosissaan tarkoita, kun taas profeetta panee täytäntöön sitä, mitä hän saarnaa. Pakanalliset arabialaiset ja heidän runoilijansa uskoivat runollisen innoituksen dzinnien (henkiolentojen) herättämäksi.</p>
      <p>Tässä kerrotaan monen aikaisemman profeetan elämästä lohdutukseksi uskovaisille vainon aikana ja vakuutetaan, että vainotuksi joutuminen ei ole mitään uutta Jumalan lähettiläälle ja että vainoojat aina lopulta saavat rangaistuksensa. Siinä myöskin osoitetaan, että kaikki Jumalan lähettiläät ovat tulleet tuomaan samaa sanomaa.</p>
      <p>Tämä kuuluu Mekassa ilmoitettujen suurojen keskiryhmään, paitsi jakeet 224-227, jotka on ilmoitettu Medinassa.</p>
    </div>
    <div class="sura">
      <h2>Aloitan JUMALAN, laupiaan Armahtajan, nimeen.</h2>
      <p>
      <span>1</span>Taa, Siin, Miim. (Laupias, kuuleva, tietävä Jumala.)</p>
      <p>
      <span>2</span>Nämä ovat säkeitä Ilmestyksen kirjasta.</p>
      <p>
      <span>3</span>Joudutko epätoivoon, koska he eivät tahdo uskoa?</p>
      <p>
      <span>4</span>Jos olisimme tahtonut, olisimme voinut lähettää heille taivaasta merkin, jonka edessä heidän niskansa olisivat taipuneet.</p>
      <p>
      <span>5</span>Jokaisen uuden merkin tullessa laupiaalta Armahtajalta he kääntävät selkänsä.</p>
      <p>
      <span>6</span>Nyt he tosin hylkäävät ne valheena, mutta totuus, jolle he ovat ilkkuneet, on pian heidät yllättävä.</p>
      <p>
      <span>7</span>Eivätkö he katso maata; kuinka monenlaista ja oivallista Me olemmekaan siinä kasvattanut!</p>
      <p>
      <span>8</span>Totisesti, tässä on heille merkki, mutta useimmat heistä eivät ota uskoakseen.</p>
      <p>
      <span>9</span>Totisesti Hän, Herrasi, on mahtava, armollisin.</p>
      <p>
      <span>10</span>Muista, miten Herrasi kutsui Mooseksen sanoen: »Mene väärämielisen kansan</p>
      <p>
      <span>11</span>faraon kansan luokse. Ehkä se on pahasta luopuva.»</p>
      <p>
      <span>12</span>Hän vastasi: »Herra, pelkään heidän minut vääräksi väittävän;</p>
      <p>
      <span>13</span>rintaani ahdistaa eikä kieleni ole nopea puhumaan. Sentähden nouda Aaron avustajakseni!</p>
      <p>
      <span>14</span>Olen myös rikkonut heitä vastaan, niin että pelkään heidän surmaavan minut.»</p>
      <p>
      <span>15</span>Herra sanoi: »Sitä älä pelkää. Lähtekää kumpikin viemään merkkejämme; totisesti, Me olemme teidän tykönänne ja kuulemme.</p>
      <p>
      <span>16</span>Menkää siis faraon eteen ja sanokaa: »Totisesti, Me olemme tuomassa maailmojen Herran sanaa,</p>
      <p>
      <span>17</span>että päästäisit israelilaiset meidän mukanamme.»</p>
      <p>
      <span>18</span>Farao vastasi: »Emmekö me sinua lapsena kasvattaneet keskuudessamme, ja etkö viettänyt luonamme useita elämäsi vuosia?</p>
      <p>
      <span>19</span>Mutta sinä teit rikoksen, ja olet perin kiittämätön.»</p>
      <p>
      <span>20</span>Hän vastasi: »Tein sen silloin, kun vielä olin oikeata ymmärrystä vailla.</p>
      <p>
      <span>21</span>Niin pakeninkin luotanne, koska pelkäsin teitä, mutta sitten on Herra antanut minulle viisautta ja tehnyt minusta sanansaattajansa.</p>
      <p>
      <span>22</span>Mutta sitäkö minulle muistutat suosionasi, että olet orjuuttanut israelilaiset?»</p>
      <p>
      <span>23</span>Farao sanoi: »Kuka on se »maailmojen Herra»?</p>
      <p>
      <span>24</span>Mooses vastasi: »Hän on taivaitten ja maan ja kaiken näiden välillä olevan Herra, jos se teitä vakuuttaa.»</p>
      <p>
      <span>25</span>Ja Farao lausui ympärillä oleville: »Ettekö kuule?»</p>
      <p>
      <span>26</span>Mooses sanoi: »Hän on teidän ja esi~isienne Herra.»</p>
      <p>
      <span>27</span>Farao lausui: »Totisesti, sananjulistaja, joka on luoksenne lähetetty, on hullu mies.»</p>
      <p>
      <span>28</span>Mooses sanoi edelleen: »Hän on idän ja lännen ja kaiken näiden välillä olevan Herra; jospa sen vain käsittäisitte.»</p>
      <p>
      <span>29</span>Farao sanoi: »Jos otat jumalaksesi jonkun muun kuin minut, panen sinut vankien joukkoon.»</p>
      <p>
      <span>30</span>Mooses vastasi: »Entä, jos tuon sinulle ilmeisen todistuksen?»</p>
      <p>
      <span>31</span>Hän sanoi: »Tuo se, jos olet totuudessa.»</p>
      <p>
      <span>32</span>Silloin Mooses heitti sauvansa maahan, ja katso, se muuttui käärmeeksi.</p>
      <p>
      <span>33</span>Sitten hän ojensi kätensä, ja katso, se näytti katsojista vaikealta.</p>
      <p>
      <span>34</span>Silloin farao lausui ympärillään oleville päämiehille: »Totta tosiaan, hän on taitava velho,</p>
      <p>
      <span>35</span>joka noituudellaan tahtoo karkoittaa teidät maastanne Mitä siis neuvotte?»</p>
      <p>
      <span>36</span>He vastasivat: »Anna hänen veljinensä odottaa ja lähetä sanansaattajia kaupunkeihin</p>
      <p>
      <span>37</span>noutamaan eteesi kaikki etevät taikurit.</p>
      <p>
      <span>38</span>Kun sitten taikurit oli määräpäivänä koottu tiettyyn paikkaan,</p>
      <p>
      <span>39</span>niin kansalle ilmoitettiin: »Kerääntykää tekin paikalle,</p>
      <p>
      <span>40</span>jotta voimme seurata taikureita; ehkä he voittavat.»</p>
      <p>
      <span>41</span>Kun taikurit olivat saapuneet, he lausuivat faraolle: »Saammeko palkinnon, jos voitamme?»</p>
      <p>
      <span>42</span>Hän vastasi: »Saatte, ja totisesti kuulutte lähimpieni joukkoon.»</p>
      <p>
      <span>43</span>Mooses lausui heille: »Heittäkää maahan, mitä teillä on heittämistä!»</p>
      <p>
      <span>44</span>Niin he heittivät maahan köytensä ja sauvansa ja sanoivat: »Totisesti, faraon voimalla voitamme.»</p>
      <p>
      <span>45</span>Silloin Mooses heitti maahan oman sauvansa, ja katso, se nieli kaiken, mitä he olivat loihtineet esiin.</p>
      <p>
      <span>46</span>Silloin taikurit lankesivat maahan kumartaen.</p>
      <p>
      <span>47</span>He sanoivat: »Me uskomme maailmojen Herraan,</p>
      <p>
      <span>48</span>Mooseksen ja Aaronin Herraan.»</p>
      <p>
      <span>49</span>Farao lausui: »Uskotteko te häneen, ennen kuin minä sen sallin? Varmasti hän on päämiehenne, joka on teille opettanut noituutta, mutta sen te tulette näkemään. Totisesti, hakkautan poikki teidän kätenne ja jalkanne vastakkaisilta puolilta ja naulitsen teidät ristiin kaikki tyynni.»</p>
      <p>
      <span>50</span>He vastasivat: »Se ei ole pahaksi; sillä palaamme totisesti Herramme luokse.</p>
      <p>
      <span>51</span>Toivomme hartaasti, että Herra antaa meille syntimme anteeksi, koska olemme ensimmäisiä, jotka uskovat.»</p>
      <p>
      <span>52</span>Me ilmestyimme Moosekselle sanoen: »Lähde matkaan yöllä palvelijoitteni kanssa, sillä teitä varmasti ajetaan takaa.»</p>
      <p>
      <span>53</span>Mutta farao lähetti sanansaattajia kaupunkeihin, ja he sanoivat.</p>
      <p>
      <span>54</span>Totisesti, näitä ihmisiä on vain pieni joukko,</p>
      <p>
      <span>55</span>ja katso, he ovat meille vihaisia,</p>
      <p>
      <span>56</span>mutta meitä on valpas, asekuntoinen joukko.»</p>
      <p>
      <span>57</span>Niin Me saimme heidät lähtemään puutarhoista ja lähteiden luota,</p>
      <p>
      <span>58</span>aarteittensa äärestä ja upeista asunnoistaan.</p>
      <p>
      <span>59</span>Niin tapahtui, mutta tämän kaiken Me annoimme perinnöksi israelilaisille Kanaanin maassa.</p>
      <p>
      <span>60</span>Sitten he seurasivat israelilaisia auringon noustessa,</p>
      <p>
      <span>61</span>jolloin kumpikin sotajoukko näki toisensa ja Mooseksen seuralaiset sanoivat: »Totisesti, meidät oh yllätetty.»</p>
      <p>
      <span>62</span>Mutta Mooses lausui: »Ei suinkaan. Totisesti, Herra on minun kanssani, ja Hän on ohjaava minua.»</p>
      <p>
      <span>63</span>Ja me ilmestyimme Moosekselle sanoen: »Lyö sauvallasi merta!» Silloin meri jakautui kahtia, niin että kummallakin puolella kohosi kuin vesiseinä.</p>
      <p>
      <span>64</span>Sitten annoimme toisten lähestyä paikkaa.</p>
      <p>
      <span>65</span>Ja Me pelastimme Mooseksen ja kaikki ne, jotka olivat hänen kanssaan.</p>
      <p>
      <span>66</span>Mutta Me hukutimme nuo toiset.</p>
      <p>
      <span>67</span>Totisesti, tässä on merkki, mutta useimmat ihmiset eivät usko.</p>
      <p>
      <span>68</span>Totisesti Hän, sinun Herrasi, on kaikkivaltias, kaikkein armollisin.</p>
      <p>
      <span>69</span>Kerro heille myös Aabrahamin tarina.</p>
      <p>
      <span>70</span>Kun hän puhui isälleen ja kansalleen: »Ketä te palvelette?»</p>
      <p>
      <span>71</span>he vastasivat: »Me palvelemme jumalankuvia ja aiomme pysyä niille uskollisina.»</p>
      <p>
      <span>72</span>Hän kysyi: »Kuulevatko ne, kun te niitä rukoilette?</p>
      <p>
      <span>73</span>Tai onko niistä teille hyötyä tai vahinkoa?»</p>
      <p>
      <span>74</span>He vastasivat: »Ei, mutta näimme esi-isiemme niin tehneen.»</p>
      <p>
      <span>75</span>Hän sanoi: »Oletteko sitten ajatelleet, mitä te oikeastaan palvelette,</p>
      <p>
      <span>76</span>te ja teidän muinaiset esi-isänne?</p>
      <p>
      <span>77</span>Sillä totisesti, ne ovat minun vihollisiani kaikki tyynni; mutta ei maailmojen Herra,</p>
      <p>
      <span>78</span>Hän, joka minut loi ja antoi sitten johdatuksensa.</p>
      <p>
      <span>79</span>Hän joka antaa minulle syötävää sekä juotavaa.</p>
      <p>
      <span>80</span>Ja sairastaessani Hän parantaa minut.</p>
      <p>
      <span>81</span>Hän, joka saattaa minut kuolemaan ja sitten antaa minulle elämän.</p>
      <p>
      <span>82</span>Ja joka toivoni mukaan antaa anteeksi syntini tuomiopäivänä.</p>
      <p>
      <span>83</span>Herra! Suo minulle viisautta ja liitä minut hyvien joukkoon!</p>
      <p>
      <span>84</span>Jätä minusta totuuden maine tuleviin sukupolviin</p>
      <p>
      <span>85</span>ja tee minusta autuuden tarhan perillinen.</p>
      <p>
      <span>86</span>Anna anteeksi isälleni, sillä totisesti hän on harhassa.</p>
      <p>
      <span>87</span>Älä saata minua häpeään ylösnousemuksen päivänä,</p>
      <p>
      <span>88</span>päivänä, jolloin ei rakkaudesta eikä pojista ole mitään hyötyä,</p>
      <p>
      <span>89</span>paitsi sille, joka lähestyy Jumalaa hartain sydämin.»</p>
      <p>
      <span>90</span>Puutarha avautuu niille, jotka pahaa karttavat,</p>
      <p>
      <span>91</span>mutta eksyneiden eteen ilmaantuu helvetti.</p>
      <p>
      <span>92</span>Heille sanotaan: »Missä ovat ne, joita te palvelitte</p>
      <p>
      <span>93</span>Jumalan sijasta? Voivatko he teitä auttaa tai edes itseänsä suojella?»</p>
      <p>
      <span>94</span>Heidät heitetään helvettiin, sekä heidät että ne, jotka eksyivät,</p>
      <p>
      <span>95</span>ja saatanan sotajoukko, kaikki tyynni.</p>
      <p>
      <span>96</span>Siellä he kiistelevät keskenänsä ja sanovat:</p>
      <p>
      <span>97</span>»Jumalan nimessä, olemme todellakin olleet ilmeisen harhan vallassa,</p>
      <p>
      <span>98</span>kun me pidimme teitä maailmojen Herran vertaisina.</p>
      <p>
      <span>99</span>Juuri syntiset johtivat meidät harhaan.</p>
      <p>
      <span>100</span>Ja nyt meillä ei ole ketään auttajaa,</p>
      <p>
      <span>101</span>eikä yhtäkään tosi ystävää.</p>
      <p>
      <span>102</span>Jos saisimme vielä palata elämään, tulisimme uskovaisiksi.»</p>
      <p>
      <span>103</span>Totisesti, tässä on opetus, mutta useimmat heistä eivät usko.</p>
      <p>
      <span>104</span>Totisesti, Hän, sinun Herrasi, on kaikkivaltias, kaikkein armollisin.</p>
      <p>
      <span>105</span>Nooan kansa piti lähettiläitä valehtelijoina.</p>
      <p>
      <span>106</span>Nooa, heidän heimolaisensa, sanoi heille: »Ettekö pelkää Jumalaa?</p>
      <p>
      <span>107</span>Totisesti, minä olen teille luotettava sananjulistaja.</p>
      <p>
      <span>108</span>Sentähden palvelkaa Jumalaa ja totelkaa minua.</p>
      <p>
      <span>109</span>Teiltä en pyydä siitä mitään palkkaa. Minun palkkani on itse maailmaan valtiaan luona.</p>
      <p>
      <span>110</span>Pelätkää siis Jumalaa ja totelkaa minua!»</p>
      <p>
      <span>111</span>He vastasivat: »Pitäisikö meidän uskoa sinua, kun vain halvimmat ihmiset sinua seuraavat?»</p>
      <p>
      <span>112</span>Hän sanoi: »Ei minun tarvitse tietää, mitä on heidän tekojensa takana.</p>
      <p>
      <span>113</span>Heidän tutkimisensa on yksin Herran asia, jospa sen ymmärtäisitte!</p>
      <p>
      <span>114</span>Minä en aio karkoittaa uskovaisia luotani.</p>
      <p>
      <span>115</span>Olen vain julkinen varoittaja.»</p>
      <p>
      <span>116</span>He uhkasivat: »Totisesti, ellet jo herkeä, oi Nooa, niin sinut varmasti kivitetään.»</p>
      <p>
      <span>117</span>Hän rukoili:»Herra, tosiaankin on kansani minut hylännt.</p>
      <p>
      <span>118</span>Sentähden tuomitse Sinä minut ja heidät ja pelasta minut sekä minua seuraavat uskovaiset.»</p>
      <p>
      <span>119</span>Silloin Me pelastimme hänet ja hänen kanssansa olleet keräämällä kaikki arkkiin.</p>
      <p>
      <span>120</span>Sitten Me hukutimme muut.</p>
      <p>
      <span>121</span>Totisesti, tässä on tunnusmerkki, mutta useimmat heistä eivät ota uskoakseen.</p>
      <p>
      <span>122</span>Totisesti, Hän, sinun Herrasi, on kaikkivaltias, kaikkein armollisin.</p>
      <p>
      <span>123</span>Myös Aadin heimo piti lähettiläitä valehtelijoina.</p>
      <p>
      <span>124</span>Heidän heimolaisensa Huud puhui heille: »Ettekö pelkää Jumalaa?</p>
      <p>
      <span>125</span>Totisesti, minä olen luotettava sananjulistaja teille.</p>
      <p>
      <span>126</span>Siksi palvelkaa Jumalaa ja totelkaa minua.</p>
      <p>
      <span>127</span>En pyydä teiltä siitä mitään palkkaa. Minun palkkani on yksin maailmojen valtiaan huostassa.</p>
      <p>
      <span>128</span>Rakennatteko turhan tähden joka kukkulalle muistomerkin?</p>
      <p>
      <span>129</span>Te pystytätte linnoituksia, ikäänkuin ette koskaan kuolisi.</p>
      <p>
      <span>130</span>Ja kun te puututte ihmisiin, niin teette sen kuin väkivaltaiset.</p>
      <p>
      <span>131</span>Palvelkaa siis Jumalaa ja totelkaa minua.</p>
      <p>
      <span>132</span>Palvelkaa Häntä, joka on teille suonut kaiken.</p>
      <p>
      <span>133</span>Hän on lahjoittanut teille runsaasti karjaa ja perillisiä,</p>
      <p>
      <span>134</span>puutarhoja ja lähteitä.</p>
      <p>
      <span>135</span>Todella pelkään tuomion lankeavan päällenne suurena päivänä.»</p>
      <p>
      <span>136</span>He sanoivat: »Emme välitä siitä, varoitatko meitä vai jätätkö varoittamatta.</p>
      <p>
      <span>137</span>Tämä kaikki on vain muinaistaru,</p>
      <p>
      <span>138</span>eikä meitä rangaistus odota.»</p>
      <p>
      <span>139</span>Siten he hylkäsivät hänet, ja siksi Me hävitimme heidät. Totisesti, tässä on opetus, mutta useimmat heistä eivät ota uskoakseen.</p>
      <p>
      <span>140</span>Herrasi on Mahtava, Armelias.</p>
      <p>
      <span>141</span>Myös Tamuudin heimo piti lähettiläitä valehtelijoina.</p>
      <p>
      <span>142</span>Heidän heimolaisensa Saalih puhui heille: »Ettekö pelkää Jumalaa?»</p>
      <p>
      <span>143</span>Totisesti, olen teille luotettava sananjulistaja.</p>
      <p>
      <span>144</span>Siksi palvelkaa Jumalaa ja totelkaa minua!</p>
      <p>
      <span>145</span>En pyydä teiltä siitä mitään palkkaa, sillä minun palkkani on yksin maailmojen Herran huomassa.</p>
      <p>
      <span>146</span>Tahdotteko saada turvassa jatkaa nykyistä elämäänne?</p>
      <p>
      <span>147</span>Puutarhoissa ja lähteitten äärillä,</p>
      <p>
      <span>148</span>viljapelloilla ja hienohedelmäisten palmujen luona,</p>
      <p>
      <span>149</span>hakattuanne suurella taidolla asuntonne kallioihin.</p>
      <p>
      <span>150</span>Pelätkää siis Jumalaa ja totelkaa minua,</p>
      <p>
      <span>151</span>älkääkä noudattako syntisten kutsuja.</p>
      <p>
      <span>152</span>He levittävät maassa villitystä eivätkä totuutta rakenna.»</p>
      <p>
      <span>153</span>He sanoivat: »Sinä kuulut itse lumottuihin.</p>
      <p>
      <span>154</span>Olethan vain meidän kaltaisemme ihminen. Näytä meille sentähden tunnusmerkkisi, jos olet tosissasi.»</p>
      <p>
      <span>155</span>Hän vastasi: »Tässä on naaraskameeli, sillä on juottovuoronsa, aivan kuin teillä itsellännekin on määräaikoina vuoronne juoda.</p>
      <p>
      <span>156</span>Älkää siis vahingoittako sitä, ettei suuren päivän tuomio lankeaisi päällenne.»</p>
      <p>
      <span>157</span>Kuitenkin he katkaisivat sen polvijänteet, mutta saivat katua sitä.</p>
      <p>
      <span>158</span>Sillä rangaistus saavutti heidät. Totisesti, tässä on merkki, mutta useimmat heistä eivät ota uskoakseen.</p>
      <p>
      <span>159</span>Hän, sinun Herrasi, on kaikkivaltias, kaikkein armollisin.</p>
      <p>
      <span>160</span>Myöskin Lootin kansa piti lähettiläitä valehtelijoina.</p>
      <p>
      <span>161</span>Heidän heimolaisensa Loot puhui heille: »Ettekö pelkää Jumalaa?</p>
      <p>
      <span>162</span>Totisesti, olen teille luotettava sananjulistaja.</p>
      <p>
      <span>163</span>Sentähden pelätkää Jumalaa ja totelkaa minua!</p>
      <p>
      <span>164</span>En pyydä teiltä siitä mitään palkkaa, sillä palkkani on yksin maailmojen valtiaan huomassa.</p>
      <p>
      <span>165</span>Kuinka saatattekaan lähestyä kaiken maailman miehiä,</p>
      <p>
      <span>166</span>ja hylkiä vaimojanne, jotka Jumala on teille antanut? Ei, te olette irstaisia ihmisiä.»</p>
      <p>
      <span>167</span>He uhkasivat: »Totisesti, ellet jo herkeä, Loot, niin sinut varmasti karkoitetaan.»</p>
      <p>
      <span>168</span>Hän lausui: »Totisesti, minä kammoksun teidän tekojanne.</p>
      <p>
      <span>169</span>Herra, pelasta minut ja omaiseni heidän hankkeistaan.»</p>
      <p>
      <span>170</span>Niin Me pelastimme hänet ja hänen perheensä</p>
      <p>
      <span>171</span>lukuunottamatta vanhaa naista, joka jäi heistä jälkeen.</p>
      <p>
      <span>172</span>Sitten tuhosimme nuo toiset perinpohjin.</p>
      <p>
      <span>173</span>Me annoimme sateen langeta heidän päällensä; se oli hirvittävä noille varoituksen saaneille.</p>
      <p>
      <span>174</span>Totisesti, tässä on tunnusmerkki, mutta useimmat heistä eivät ota uskoakseen.</p>
      <p>
      <span>175</span>Totisesti, Hän, sinun Herrasi, on kaikkivaltias, kaikkein armollisin.</p>
      <p>
      <span>176</span>Myös metsien heimo piti lähettiläitä valehtelijoina.</p>
      <p>
      <span>177</span>Shuaih puhui heille: »Ettekö pelkää Jumalaa?</p>
      <p>
      <span>178</span>Totisesti, olen teille luotettava sananjulistaja.</p>
      <p>
      <span>179</span>Pelätkää siis Jumalaa ja totelkaa minua.</p>
      <p>
      <span>180</span>En pyydä teiltä siitä mitään palkkaa, palkkani on yksin maailmojen valtiaan huomassa.</p>
      <p>
      <span>181</span>Antakaa täysi mitta, ettette kuuluisi vajavasti mittaaviin.</p>
      <p>
      <span>182</span>Punnitkaa myös oikealla puntarilla.</p>
      <p>
      <span>183</span>Älkää anastako vääryydellä ihmisten varoja älkääkä levittäkö turmelusta maassa väärillä teoillanne.</p>
      <p>
      <span>184</span>Pelätkäå Häntä, joka loi teidät ja entisetkin kansat.»</p>
      <p>
      <span>185</span>He vastasivat: »Sinä olet itse lumouksen vallassa.</p>
      <p>
      <span>186</span>Olethan vain meidän kaltaisemme ihminen, ja tiedämme sinun tosiaankin valehtelevan.</p>
      <p>
      <span>187</span>Anna vaikka taivaan lohkon pudota päällemme, jos olet tosissasi.»</p>
      <p>
      <span>188</span>Hän lausui: »Herra tietää, mitä te teette.»</p>
      <p>
      <span>189</span>Niin he kielsivät hänet, ja tuomiopäivän rangaistus lankesi heidän päällensä. Se oli todella kauhunpäivän tuomio.</p>
      <p>
      <span>190</span>Totisesti, tässä on merkki, mutta useimmat heistä eivät ota uskoakseen.</p>
      <p>
      <span>191</span>Katso, Hän, sinun Herrasi, on kaikkivaltias, kaikkein armollisin.</p>
      <p>
      <span>192</span>Totisesti, tämä Koraani on ylhäältä, maailmojen Herralta tullut sanoma.</p>
      <p>
      <span>193</span>Sen mukana on tullut uskollinen henki</p>
      <p>
      <span>194</span>sydämeesi, jotta olisit yksi niistä, jotka varoittavat</p>
      <p>
      <span>195</span>selvällä arabiankielellä.</p>
      <p>
      <span>196</span>Totisesti, tästä on jo muinaisissa kirjoituksissa.</p>
      <p>
      <span>197</span>Eikö siinä ole heille merkki, jotta Israelin kirjanoppineet sen ymmärtäisivät?</p>
      <p>
      <span>198</span>Ja jos olisimme ilmaissut sen jollekulle muukalaiselle</p>
      <p>
      <span>199</span>ja tämä olisi julistanut sen heille, he eivät olisi sittenkään uskoneet.</p>
      <p>
      <span>200</span>Tällä tavoin Me muokkaamme syntisten sydämiä,</p>
      <p>
      <span>201</span>vaikka he eivät usko ennenkuin näkevät tuskallisen rangaistuksen.</p>
      <p>
      <span>202</span>Se on yllättävä heidät kaikki, kun he eivät aavistakaan.</p>
      <p>
      <span>203</span>Silloin he sanovat: »Myönnetäänkö meille ollenkaan armonaikaa?»</p>
      <p>
      <span>204</span>Koettavatko he siis jouduttaa Meidän tuomiotamme?</p>
      <p>
      <span>205</span>Uskotko, että vaikkapa annamme heidän nauttia jonkun vuoden,</p>
      <p>
      <span>206</span>ja heille senjälkeen tulee se, millä heitä on uhattu,</p>
      <p>
      <span>207</span>heitä vähääkään hyödyttää se, mistä ovat nauttineet?</p>
      <p>
      <span>208</span>Emme ole hävittänyt ainoatakaan kaupunkia lähettämättä sille varoittajia</p>
      <p>
      <span>209</span>muistuttamaan. Katso, Me emme ole väärämielinen.</p>
      <p>
      <span>210</span>Eivät pahat henget ole tuoneet sitä (Koraania) maan päälle.</p>
      <p>
      <span>211</span>Se ei heitä hyödytä, eivätkä he pysty siihen.</p>
      <p>
      <span>212</span>Totisesti, he eivät saata edes kuunnella sitä.</p>
      <p>
      <span>213</span>Siksi älä rukoile muita jumalia Jumalan ohella, muuten kuulut niihin, joita kohtaa tuomio.</p>
      <p>
      <span>214</span>Varoita myös läheisiä sukulaisiasi.</p>
      <p>
      <span>215</span>Ja sulje hyvyyteesi ne uskovaiset, jotka sinua seuraavat.</p>
      <p>
      <span>216</span>Jos he eivät sinua tottele, sano silloin: »Totisesti, en vastaa teidän teoistanne.»</p>
      <p>
      <span>217</span>Luota kaikkivaltiaaseen, kaikkein armollisimpaan.</p>
      <p>
      <span>218</span>Häneen, joka näkee sinut, kun nouset rukoilemaan,</p>
      <p>
      <span>219</span>ja joka havaitsee askeleesi niiden keskuudessa, jotka kumartavat.</p>
      <p>
      <span>220</span>Totisesti, Hän on kaikkikuuleva, kaikkitietävä.</p>
      <p>
      <span>221</span>Kerronko teille, kenen päälle pahat henget laskeutuvat?</p>
      <p>
      <span>222</span>Ne laskeutuvat jokaisen valheellisen ja syntisen päälle</p>
      <p>
      <span>223</span>ja kuiskuttelevat heidän korviinsa, mutta useimmat heistä ovat pettureita,</p>
      <p>
      <span>224</span>ja eksyneet seuraavat sellaisia, kuten runoilijoitakin.</p>
      <p>
      <span>225</span>Etkö näe heidän harhailevan joka laaksossa, poissa järjiltään.</p>
      <p>
      <span>226</span>Ja että he puhuvat sellaista, mitä eivät tee.</p>
      <p>
      <span>227</span>Lukuunottamatta niitä heistä, jotka uskovat ja tekevät hyvää ja ahkerasti rukoilevat Jumalaa ja jotka puolustautuvat, kun heitä on sorrettu. Mutta ne, jotka tekevät vääryyttä, saavat pian tietää, millaiseen määränpäähän heidän on saavuttava.</p>
    </div>
  </body>
</html>
