﻿<?xml version="1.0"?>
<html>
  <head>
    <meta http-equiv="Content-Type" content="text/html; charset=utf-8" />
    <title>Muurahaisen Suura</title>
  </head>
  <body>
    <h1>
    <span>27</span>Muurahaisen suura</h1>
    <div class="johdanto">
      <h2>JOHDANTO:</h2>
      <p>KAHDESKYMMENES SEITSEMÄS SUURA: Muurahainen (An-naml) Ilmoitettu Mekassa (93 jaetta )</p>
      <p>An-Naml, »Muurahainen», mainitaan jakeessa 18. Muutamat selittäjät, vastustaen kaikkea yliluonnollista, pyrkivät selittämään muurahaiset Salomon kertomuksessa muinaiseksi arabialaiseksi heimoksi, linnut ratsuväeksi, Hudhudin (harjalinnun) miehen nimeksi ja dzinnit muukalaiseksi sotajoukoksi.</p>
      <p>Suura on peräisin Mekan kauden puolimailta.</p>
    </div>
    <div class="sura">
      <h2>Aloitan JUMALAN, laupiaan Armahtajan, nimeen.</h2>
      <p>
      <span>1</span>Taa, Siin (laupias, kuuleva Jumala). Nämä ovat Koraanin ja selvän kirjan säkeistöjä,</p>
      <p>
      <span>2</span>johdatus ja ilosanoma uskovaisille,</p>
      <p>
      <span>3</span>niille, jotka suorittavat rukouksensa, antavat säädetyt almut ja ovat varmoja tulevasta elämästä.</p>
      <p>
      <span>4</span>Jotka eivät usko tulevaan elämään, niiden teot Me olemme tosin tehnyt otollisiksi heidän omissa silmissään, ja sokeina he kulkevat eteenpäin.</p>
      <p>
      <span>5</span>He ovat niitä, jotka saavat pahan palkan ja joutuvat tulevassa elämässä suurimpaan häviöön.</p>
      <p>
      <span>6</span>Totisesti, sinun tehtäväsi on ottaa vastaan Koraani viisauden ja tiedon Jumalalta.</p>
      <p>
      <span>7</span>Mooses sanoi perheelleen: »Ihan varmasti näen tulen palavan. Hankin teille siitä tiedon tai sitten tuon palavan kekäleen, jotta voisitte itseänne lämmitellä.»</p>
      <p>
      <span>8</span>Kun hän sitten lähestyi sitä, kuului ääni, joka sanoi: »Siunattu on Hän, joka on tulessa ja sen ympärillä. Kunnia olkoon Jumalalle, kaikkien maailmojen Herralle.</p>
      <p>
      <span>9</span>Oi Mooses! Totisesti, Minä olen Jumala, kaikkivaltias, kaikkiviisas.</p>
      <p>
      <span>10</span>Heitä sauvasi maahan!» Kun hän sitten näki sen kiemurtelevan kuin käärmeen, niin hän kääntyi pakoon eikä katsonut taakseen. »Oi Mooses! älä pelkää, totisesti, Minun läsnäollessani lähettiläät eivät tunne pelkoa.</p>
      <p>
      <span>11</span>Ei sekään, joka on tehnyt väärin, mutta sitten tekee pahan sijasta hyvää, sillä olenhan Minä totisesti anteeksiantavainen, armollinen.</p>
      <p>
      <span>12</span>Pistä kätesi poveesi, ja se muuttuu valkeaksi, ilman taudin tartuntaa, ja tämä on alku yhdeksästä, faraolle ja hänen kansalleen tarkoitetusta tunnusteosta. Totisesti, he ovat jumalaton kansa.»</p>
      <p>
      <span>13</span>Kun Meidän tunnusmerkkimme täydessä selkeydessään tulivat heidän nähtäväkseen, he sanoivat: »Tämä on pelkkää noituutta.»</p>
      <p>
      <span>14</span>Ja he kielsivät ne jumalattomuudessaan ja ylpeydessään, vaikka sydämessänsä olivat niistä varmoja. Ja katso, millaisen lopun pahuuden harjoittajat saivat.</p>
      <p>
      <span>15</span>Totisesti, Me annoimme Daavidille ja Salomolle ymmärrystä, ja he sanoivat: »Kaikki ylistys kuuluu Jumalalle, joka on korottanut meidät yli useimpain uskollisten palvelijainsa.»</p>
      <p>
      <span>16</span>Ja Salomosta tuli Daavidin seuraaja, ja hän sanoi: »Oi ihmiset, meille on opetettu lintujen kieltä ja meille on annettu kaikki, mitä tarvitsemme. Totisesti, tämä on suuri armo.»</p>
      <p>
      <span>17</span>Ja hänen sotajoukkonsa, jotka käsittivät raakalaisia sekä sivistyneitä, myöskin lentäväin parvia , koottiin Salomon eteen katselmusta varten,</p>
      <p>
      <span>18</span>kunnes joukot saapuivat Namlin eli Muurahaisten laaksoon, jolloin eräs niistä sanoi: »Oi Namlin heimo! Menkää asuntoihinne, etteivät Salomo ja hänen sotajoukkonsa teitä tietämättömyydessään murskaksi tallaisi.»</p>
      <p>
      <span>19</span>Silloin Salomo hymyili tälle puheelle ja lausui: »Herra, suo minun kiittää Sinua minulle ja vanhemmilleni antamastasi siunauksesta, ja suo, että voisin tehdä hyvää, mikä Sinua miellyttää, ja anna minun Sinun armosi ansiosta astua hyvien palvelijoittesi pariin.»</p>
      <p>
      <span>20</span>Ja hän tarkasteli lentävien parvia ja sanoi: »Mitä tämä merkitsee, en näe Hudhudia; onko hän poissaolevien joukossa?</p>
      <p>
      <span>21</span>Totisesti, annan hänelle ankaran rangaistuksen taikka tapan hänet, ellei hän ilmoita minulle pätevää syytä.</p>
      <p>
      <span>22</span>Mutta ei kestänyt kauankaan, kun Hudhud saapui ja sanoi: »Olen keksinyt sellaista, mitä sinä et ole huomannut, ja tuon sinulle luotettavia uutisia Saabasta.</p>
      <p>
      <span>23</span>Näin totisesti naisen hallitsevan heitä, ja hän oli saanut kaikkea yltäkyllin ja hänellä oli mahtava valtaistuin.</p>
      <p>
      <span>24</span>Havaitsin hänen ja hänen kansansa kunnioittavan aurinkoa Jumalan sijasta, ja saatana on tehnyt heidän tekonsa otollisiksi heidän omissa silmissään ja eksyttänyt heidät tieltä, niin että he ovat ilman johdatusta;</p>
      <p>
      <span>25</span>eivätkä palvele Jumalaa, joka paljastaa kaiken salatun sekä taivaassa että maan päällä, ja joka tietää, mitä te salaatte ja mitä julki tuotte.</p>
      <p>
      <span>26</span>Jumala on olemassa, ei ole muuta jumalaa kuin Hän, suuren voiman Herra.»</p>
      <p>
      <span>27</span>Salomo vastasi: »Saamme pian nähdä, oletko puhunut totta, vai oletko valehtelija.</p>
      <p>
      <span>28</span>Ota tämä kirjeeni ja vie se heille; mene sitten syrjään ja odota, mitä he vastaavat.»</p>
      <p>
      <span>29</span>Ja Saaban kuningatar lausui: »Oi päämiehet! Totisesti, minulle on lähetetty kunnianarvoinen kirje.</p>
      <p>
      <span>30</span>Se on Salomolta, ja hän kirjoittaa: 'Aloitan Jumalan, laupiaan Armahtajan nimeen!'</p>
      <p>
      <span>31</span>(ja edelleen siinä on): 'älkää ylvästelkö minua vastaan, vaan alistukaa valtaani.'»</p>
      <p>
      <span>32</span>Kuningatar lausui: »Päälliköt, neuvokaa minua tässä asiassa. En ratkaise ainoatakaan asiaa, ellette te ole läsnä.»</p>
      <p>
      <span>33</span>He vastasivat: »Meillä on suuri mahti ja taistelukyky, mutta käskeminen kuuluu sinulle. Mieti siis, mitä aiot käskeä.»</p>
      <p>
      <span>34</span>Hän sanoi: »Totisesti, kun kuninkaat ryntäävät johonkin kaupunkiin, niin he hävittävät sen raunioiksi ja alentavat sen ylhäisimmät asukkaat. Näin juuri he tekevät.</p>
      <p>
      <span>35</span>Totisesti aion lähettää heille lahjan ja odotan sitten sanansaattajien tuomaa vastausta.»</p>
      <p>
      <span>36</span>Kun lahja tuotiin Salomolle, hän lausui: »Lahjoitatteko minulle rikkautta? Mutta se, mitä Jumala on minulle suonut, on enemmän kuin teidän lahjanne. Niin, olette kai itse ihastuneita lahjastanne.</p>
      <p>
      <span>37</span>Viekää se heille takaisin. Viemme heitä vastaan sotajoukkomme, jota he eivät voi vastustaa, ja karkoitamme heidät masennettuina ja häväistyinä.»</p>
      <p>
      <span>38</span>Hän puhui edelleen: »Päällikköni! Kuka teistä voi tuoda minulle hänen valtaistuimensa, ennenkuin he alistuvat valtaani?</p>
      <p>
      <span>39</span>Eräs väkevä dzinni sanoi: »Tuon sen sinulle ennen kuin nouset paikaltasi; totisesti, minä olen väkevä ja luotettava tähän tehtävään.»</p>
      <p>
      <span>40</span>Eräs toinen, joka tunsi (pyhää) Kirjaa, lausui: »Tuon sen sinulle ennen kuin ehdit silmääsi räpäyttää.» Ja kun Salomo näki valtaistuimen edessään, hän lausui: »Tämä tapahtuu Herran armosta; Hän koettelee minua, osaanko olla kiitollinen vai olenko kiittämätön. Ken kiittää, hän tekee sen omaksi parhaakseen, ja jos joku on kiittämätön, niin Herrani on joka tapauksessa suopea, armollinen.»</p>
      <p>
      <span>41</span>Hän puhui edelleen: »Muuttakaa hänen valtaistuimensa ulkonäkö hänelle oudoksi, niin saamme nähdä, onko hän oikealla tiellä vai ilman johdatusta.»</p>
      <p>
      <span>42</span>Kun kuningatar saapui, niin hänelle sanottiin: »Oliko valtaistuimesi tällainen?» Hän vastasi: »Näyttää siltä, kuin se olisi sama. Meille on annettu totista tietoa jo tätä ennen ja me olemme Jumalalle alamaisia.»</p>
      <p>
      <span>43</span>Mutta se, mitä hän palveli Jumalan sijasta, vei häntä harhaan. Totisesti, hän kuului epäuskoiseen kansaan.</p>
      <p>
      <span>44</span>Hänelle sanottiin: »Käy sisälle palatsiin!» Kun hän sen näki, hän luuli sen vesialtaaksi ja riisui sen vuoksi jalastaan. Salomo lausui: »Se on vain palatsi, jonka lattia on tehty lasista.» Kuningatar lausui: »Oi Herra, totisesti, olen tehnyt väärin itseäni kohtaan, mutta Salomon kanssa tahdon totella Jumalaa, kaikkien maailmojen Herraa.»</p>
      <p>
      <span>45</span>Totisesti, Me lähetimme Tamuudin heimon luokse heidän veljensä Saalihin, joka lausui: »Palvelkaa Jumalaa!» Mutta katso! He jakautuivat kahdeksi riiteleväksi puolueeksi.</p>
      <p>
      <span>46</span>Hän sanoi: »Kansalaiseni, miksi haluatte edistää pahaa enemmän kuin hyvää, miksi ette ano Jumalan anteeksiantoa, jotta teille osoitettaisiin armo?»</p>
      <p>
      <span>47</span>He vastasivat: »Me pidämme sinua ja seuralaisiasi enteenä meitä kohtaavasta onnettomuudesta.» Hän sanoi: »Teidän kohtalonne on Jumalan huomassa. Mutta te olette kansa, joka on vitsauksen kokeva.»</p>
      <p>
      <span>48</span>Ja kaupungissa oli yhdeksän miehen joukkio, joka ympäri maata teki pahaa, eikä lainkaan hyvää.</p>
      <p>
      <span>49</span>He sanoivat: »Vannokaamme keskenämme Jumalan nimeen, että me varmasti yöllä käymme hänen ja hänen perheensä kimppuun ja sanomme sitten hänen kostonsa perijälle: 'Emme ole nähneet hänen perheensä surmaamista, puhumme täyttä totta'.»</p>
      <p>
      <span>50</span>Ja niin he punoivat juonensa, mutta Me teimme oman suunnitelmamme, josta he eivät tienneet.</p>
      <p>
      <span>51</span>Ja katso, mikä oli heidän juoniensa loppu! Me hävitimme heidät ja heidän kansansa kaikki.</p>
      <p>
      <span>52</span>Tuossa ovat heidän kotinsa autioina, koska he olivat jumalattomia. Totisesti, tässä on merkki niille, joilla on ymmärrystä.</p>
      <p>
      <span>53</span>Ja me pelastimme ne, jotka uskoivat ja hartautta harjoittivat.</p>
      <p>
      <span>54</span>Muista Lootia, joka sanoi kansalleen: »Harjoitatteko riettautta, vaikka tiedätte sen synniksi?</p>
      <p>
      <span>55</span>Lähestyttekö himoiten miehiä naisten sijasta? Niin, te olette pimeätä väkeä.» ,</p>
      <p>
      <span>56</span>Ja mikä olikaan hänen kansansa vastaus: »Ajakaa Lootin perhe pois kaupungista, sillä he luulevat olevansa synnittömiä.»</p>
      <p>
      <span>57</span>Sitten Me pelastamme hänet perheinensä paitsi hänen vaimonsa. Tämän määräsimme jälkeenjäävien joukkoon.</p>
      <p>
      <span>58</span>Ja Me annoimme sataa heidän päällensä; kauhistuttava oli se sade niille, joita oli varoitettu.</p>
      <p>
      <span>59</span>Sano: »Kaikki ylistys kuuluu Jumalalle, ja rauha olkoon Hänen palvelijoillensa, jotka hän on valinnut. Onko Jumala parempi vai se, jota he pitävät hänen vertaisenaan?»</p>
      <p>
      <span>60</span>Eikö parempi ole se, joka loi taivaat ja maan ja lähetti pilvistä alas sateen, jolla Me kasvatamme ihania puutarhoja? Ei ole teidän vallassanne saada niiden puita kasvamaan. Onko muuta jumal'olentoa kuin Jumala? Ei, he vain kuvittelevat sellaisia.</p>
      <p>
      <span>61</span>Eikö parempi ole se, joka loi maan asuinpaikaksi ja teki siihen virtain uomat, kohotti vuoret ja erotti makean ja suolaisen veden? Onko muuta jumal'olentoa kuin Jumala? Ei, mutta useimmat eivät mitään tiedä.</p>
      <p>
      <span>62</span>Eikö parempi ole se, joka vastaa ahdistuksessa olevalle, kun tämä rukoilee häntä, ja joka poistaa hänen vaivansa ja tekee teistä maan perijöitä? Onko muuta jumal'olentoa kuin Jumala? Vähäistä on se, mitä mielessänne pysyy.</p>
      <p>
      <span>63</span>Eikö parempi ole se, joka ohjaa teitä pimeydessä sekä maalla että merellä? Kuka lähettää tuulet tuomaan ilosanomaa Hänen saapuvasta armostaan? Onko muuta jumal'olentoa kuin Jumala? Jumala on korkealla sen yläpuolella, mitä he Hänen vertaisenaan pitävät.</p>
      <p>
      <span>64</span>Eikö parempi ole se, joka loi elävät olennot ja sitten palauttaa kaiken entiselleen? Kuka antaa teille ravintoa sekä taivaasta että maasta? Onko muuta jumal'olentoa kuin Jumala? Sano: »Tuokaa esiin todisteenne, jos olette vilpittömiä.»</p>
      <p>
      <span>65</span>Sano edelleen: »Ei kukaan taivaassa tai maan päällä, paitsi Jumala, tiedä näkymättömiä. Eivätkä he tiedä ylösnousemuksensa hetkeä.</p>
      <p>
      <span>66</span>Ei, heillä ei ole niukkaakaan tietoa tulevasta elämästä. Joko he sitä epäilevät tai ovat kokonaan pimitettyjä.</p>
      <p>
      <span>67</span>Uskottomat sanovat: »Kun me ja esi-isämme muutumme tomuksi, herätetäänkö meidät todellakin senjälkeen uudelleen eloon?</p>
      <p>
      <span>68</span>Näin meille on ennenkin luvattu, sekä myös esi-isillemme, mutta nämä ovat vain muinaistaruja.»</p>
      <p>
      <span>69</span>Sano: »Kiertäkää maata ja katsokaa, millaisen lopun syntiset saivat!»</p>
      <p>
      <span>70</span>älä ole murheessa heidän tähtensä äläkä ahdistuksessa heidän juoniensa vuoksi.</p>
      <p>
      <span>71</span>He sanovat myös: »Milloin tämä uhkaus täytetään, jos kerran puhut totta?»</p>
      <p>
      <span>72</span>Vastaa: »Voi sattua, että jokin niistä asioista, joiden tuloa koetatte jouduttaa, seuraa teitä jo kannoillanne.»</p>
      <p>
      <span>73</span>Totisesti, Herrasi on armon Herra ihmisille, mutta monetkaan heistä eivät ole kiitollisia.</p>
      <p>
      <span>74</span>Totisesti, Herrasi tietää, mitä heidän sydämensä kätkevät ja mitä ilmaisevat.</p>
      <p>
      <span>75</span>Taivaassa ja maassa ei ole mitään niin salattua, ettei se löytyisi selkeästä Kirjasta.</p>
      <p>
      <span>76</span>Totisesti, tämä Koraani ilmoittaa israelilaisille suurimman osan siitä, mistä he ovat eri mieltä.</p>
      <p>
      <span>77</span>Totisesti, se on myös johdatuksena ja armona uskovaisille.</p>
      <p>
      <span>78</span>Tuomiollaan Jumala totisesti jakaa heille oikeutta; onhan Hän kaikkivaltias, kaikkitietävä.</p>
      <p>
      <span>79</span>Luota siis Jumalaan; silloin olet varman totuuden perustalla.</p>
      <p>
      <span>80</span>Totisesti, sinä et voi saada kuolleita kuulemaan, etkä kuuroja äänesi kantamiin, jos he ovat menossa poispäin.</p>
      <p>
      <span>81</span>Et voi liioin taluttaa sokeita pois heidän harhastaan. Vain ne saat kuulemaan, jotka uskovat merkkeihimme ja ovat tottelevaisia.</p>
      <p>
      <span>82</span>Ja kun uhkauksemme käy heille toteen, Me annamme maasta kasvaa ituja, jotka tautina heihin tarttuvat, koska he eivät ottaneet uskoakseen merkkejämme.</p>
      <p>
      <span>83</span>Ja sinä päivänä Me kokoamme yhteen jokaisesta kansasta joukon niitä, jotka kielsivät merkkimme, ja järjestämme heidät riveihin.</p>
      <p>
      <span>84</span>Kun he saapuvat Herransa eteen, Hän on lausuva: »Hylkäsittekö Minun tunnusmerkkini, vaikkei niihin ymmärryksenne riittänyt, vai mitä te teitte?»</p>
      <p>
      <span>85</span>Ja tuomiomme luetaan heille, koska he ovat syntiä tehneet, eivätkä he saata lausua sanaakaan.</p>
      <p>
      <span>86</span>Eivätkö he huomanneet, että olimme säätänyt heille yön lepoa varten ja päivän valaisemaan? Totisesti, nämä ovat merkkejä niille, jotka uskovat.</p>
      <p>
      <span>87</span>Ja sinä päivänä puhalletaan pasuunoihin, jolloin kaikki taivaassa ja maan päällä olevat, paitsi ne, joilla on Jumalan mielisuosio, joutuvat kauhun valtaan ja nöyrinä astuvat Hänen eteensä.</p>
      <p>
      <span>88</span>Sinä näet myös vuoret ja luulet niiden olevan lujasti paikoillaan, mutta ne häipyvät pois kuin vaeltavat pilvet; niin on ne Jumala asettanut, Hän, joka kaikelle on antanut täydellisen muodon. Totisesti, Hän tietää, mitä te teette.</p>
      <p>
      <span>89</span>Joka tuo esiin hyvää, on saava itselleen sitäkin parempaa, ja sellaiset ovat turvassa tuon päivän kauhuilta.</p>
      <p>
      <span>90</span>Mutta ken tekee pahaa, heitetään kasvoillensa tuleen. Olisiko teidän palkkanne muu kuin tekojenne mukainen?</p>
      <p>
      <span>91</span>Sano: »Totta on, että minua on käsketty palvelemaan tämän kaupungin Herraa, jolle se on pyhitetty ,ja jolle kaikki kuuluu; minut on myös määrätty olemaan muslimi,</p>
      <p>
      <span>92</span>sekä julistamaan Koraania. Ken on siis saanut johdatuksen, hän on saanut sen oman sielunsa parhaaksi. Mutta eksyneille sano: »Olen vain yksi varoittajista.»</p>
      <p>
      <span>93</span>Sano edelleen: »Kaikki ylistys kuuluu Jumalalle. Olette pian näkevät Hänen merkkinsä ja tulette ne silloin tuntemaan.» Herrasi ei ole välinpitämätön siitä, mitä teette.</p>
    </div>
  </body>
</html>
