﻿<?xml version="1.0"?>
<html>
  <head>
    <meta http-equiv="Content-Type" content="text/html; charset=utf-8" />
    <title>Hämähäkin Suura</title>
  </head>
  <body>
    <h1>
    <span>29</span>Hämähäkin suura</h1>
    <div class="johdanto">
      <h2>JOHDANTO:</h2>
      <p>KAHDESKYMMENES YHDEKSÄS SUURA: Hämähäkki (Al-Ankabuut) Ilmoitettu Mekassa (69 jaetta )</p>
      <p>Al-Ankabuut, »Hämähäkki» , on sana jakeessa 41, missä vääriä uskontoja verrataan hämähäkinverkon haurauteen. Suuran enin osa kuuluu Mekan kauden loppupuoleen. Muutamien selittäjien mielestä jakeet 7 ja 8, toisten mukaan koko luvun loppuosa on ilmoitettu Medinassa. Se lohduttaa muslimeja vainon aikaan. Suura kuuluu Mekassa ilmoitettujen myöhäisryhmään.</p>
    </div>
    <div class="sura">
      <h2>Aloitan JUMALAN, laupiaan Armahtajan, nimeen.</h2>
      <p>
      <span>1</span>Aliif, Laam, Miim (Minä olen Jumalan tietäjistä parhain).</p>
      <p>
      <span>2</span>Luulevatko ihmiset, että heidät sanottuaan »Me uskomme» jätetään rauhaan koettelematta?</p>
      <p>
      <span>3</span>Me olemme jo koetellut niitä, jotka ennen heitä elivät, ja totisesti Jumala erottaa ne, jotka ovat totuudellisia, niistä, jotka valehtelevat.</p>
      <p>
      <span>4</span>Luulevatko ne, jotka pahaa tekevät, voivansa välttää Meidät? Surkeita ovat heidän erehdyksensä.</p>
      <p>
      <span>5</span>Jos joku toivoo kohtaavansa Jumalan, niin totisesti Jumalan saapumisen hetki on tuleva; sillä Hän on kaikkikuuleva, kaikkitietävä.</p>
      <p>
      <span>6</span>Ja ken ponnistelee, hän tekee sen oman sielunsa hyväksi. Totisesti, Jumala on riippumaton maailmoista.</p>
      <p>
      <span>7</span>Jotka uskovat ja hyvää tekevät, niiden synnit Me pyyhimme pois ja annamme heille palkan parhaasta, mitä he ovat tehneet.</p>
      <p>
      <span>8</span>Me olemme myös käskenyt ihmisiä hyvyyteen vanhempiaan kohtaan, mutta jos nämä kaikin voimin koettavat saada sinut asettamaan Minun rinnalleni sellaista, mistä et mitään tiedä, niin älä heitä tottele. Minun luokseni teidän on palattava, ja silloin Minä osoitan teille, mitä olette tehneet.</p>
      <p>
      <span>9</span>Jotka uskovat ja hyvää tekevät, heidät Me totisesti liitämme hyvien joukkoon.</p>
      <p>
      <span>10</span>Ihmisten keskuudessa on monikin sellainen, joka sanoo: »Me uskomme Jumalaan», mutta kun hän joutuu vaivaan Jumalan asian tähden, niin hän pitää ihmisten aiheuttamaa vainoa yhdenveroisena Jumalan lähettämän kärsimyksen kanssa. Mutta jos Herrasi lähettää voiton, niin he varmasti sanovat: »Totisesti, me olimme teidän kanssanne.» Todellakin, eikö Jumala parhaiten tiedä, mitä koko maailman ihmisten sydämiin on kätkettynä?</p>
      <p>
      <span>11</span>Totisesti, Jumala tuntee ne, jotka uskovat, ja Hän tuntee myös ulkokultaiset.</p>
      <p>
      <span>12</span>Ja uskottomat sanovat uskovaisille: »Seuratkaa meidän teitämme, ja me kannamme teidän syntinne», mutta he eivät voi kantaa vähintäkään heidän synneistään. Totisesti, he ovat valehtelijoita.</p>
      <p>
      <span>13</span>He saavat varmasti kantaa oman kuormansa ja sen lisäksi vielä muita kuormia. Totisesti, ylösnousemuksen päivänä he saavat vastata valheellisista puheistansa.</p>
      <p>
      <span>14</span>Totisesti, Me lähetimme Nooan kansansa luokse, ja hän oleskeli siellä viisikymmentä vaille tuhannen vuotta. Sitten vedenpaisumus yllätti heidät, koska he olivat väärämielisiä.</p>
      <p>
      <span>15</span>Mutta Me pelastimme hänet ja arkin asukkaat ja teimme siitä merkin maailman kansoille.</p>
      <p>
      <span>16</span>Ja muista Aabrahamia, kun hän lausui kansalleen: »Palvelkaa Jumalaa ja kunnioittakaa Häntä. Tämä on teille parasta; jospa sen älyäisitte.»</p>
      <p>
      <span>17</span>Ne, joita te palvelette Jumalan sijasta, ovat pelkkiä epäjumalia, ja te sepittelette valheita. Totisesti, ne, joita te palvelette Jumalan sijasta, eivät pysty antamaan teille elatusta. Etsikää sitä siis Jumalalta ja palvelkaa Häntä ja kiittäkää Häntä. Hänen luokseen teidän on palattava.»</p>
      <p>
      <span>18</span>Ja jos te kiellätte totuuden, niin ovat monet ennen teitä myös totuuden kieltäneet; lähettilään velvollisuus on vain selvästi julistaa sanomaansa.</p>
      <p>
      <span>19</span>Totisesti, eivätkö he ole nähneet, miten Jumala on suorittanut luomistyönsä ja antaa sitten kaiken palata takaisin? Totisesti, Jumalalle se on helppoa.</p>
      <p>
      <span>20</span>Sano: »Kulkekaa ympäri maata ja huomatkaa, miten Hän on suorittanut luomistyönsä! Senjälkeen Jumala säätää tulevan kehityksen.» Totisesti, Jumala on kykenevä tekemään kaiken, mitä haluaa.</p>
      <p>
      <span>21</span>Hän kurittaa ketä haluaa, ja Hän osoittaa armoaan kenelle haluaa. Ja Hänen luokseen teidän on palattava.</p>
      <p>
      <span>22</span>Te ette voi kätkeytyä maahan ettekä taivaisiin, eikä kukaan muu kuin Jumala,voi teitä suojella eikä auttaa.</p>
      <p>
      <span>23</span>Niillä, jotka eivät usko Jumalan merkkeihin eivätkä Hänen tulemiseensa, ei ole toivoa Minun armostani; he ovat niitä, joita varten on tuskallinen kuritus.</p>
      <p>
      <span>24</span>Eikä Aabrahamin kansalla ollut muuta vastausta kuin tämä: »Tappakaa hänet tai polttakaa hänet!» Mutta Jumala pelasti hänet tulesta. Totisesti, tässä on tunnusmerkki niille, jotka uskovat.</p>
      <p>
      <span>25</span>Ja hän lausui: »Olette ottaneet epäjumalia Jumalan rinnalle vain sentakia, että olitte toisillenne mieliksi tämän maailman elämässä, mutta ylösnousemuksen päivänä toiset teistä kieltävät toisensa ja toiset kiroavat toisiansa. Teidän asuinsijanne on oleva tuli, eikä teitä kukaan auta.»</p>
      <p>
      <span>26</span>Loot uskoi Häneen. Ja Aabraham lausui: »Totisesti, pakenen Herran luokse! Totisesti, Hän on kaikkivaltias, viisas.»</p>
      <p>
      <span>27</span>Me annoimme hänelle Iisakin ja Jaakobin ja hänen jälkeläisillensä profetoimislahjan ja Kirjoitukset. Ja Me annoimme hänelle hänen palkkansa tässä maailmassa, ja totisesti, tulevassa elämässä hän on kuuluva hyvien joukkoon.</p>
      <p>
      <span>28</span>Ja Loot lausui kansalleen: »Totisesti, te harjoitatte riettautta, jollaista ei kukaan ennen teitä maailman kansojen joukossa eläneistä ole tehnyt.</p>
      <p>
      <span>29</span>Te menette miesten luokse, te harjoitatte maantierosvousta ja teette pahaa kokouksissanne.» Eikä hänen kansallaan ollut muuta vastausta kuin tämä: »Langeta päällemme Jumalan tuomio, jos puhut totta!»</p>
      <p>
      <span>30</span>Hän lausui: »Herra, auta minua syntisiä ihmisiä vastaan!»</p>
      <p>
      <span>31</span>Kun lähettiläämme tulivat Aabrahamin luokse tuomaan sanomaansa, he ilmoittivat: »Totisesti aiomme tuhota tämän kaupungin asukkaat, sillä he ovat todella väärämielisiä.»</p>
      <p>
      <span>32</span>Hän lausui: »Asuuhan myös Loot siellä.» He vastasivat: »Me tiedämme parhaiten, kuka siellä asuu. Aiomme pelastaa hänet perheinensä lukuunottamatta hänen vaimoansa; tämä kuuluu niiden joukkoon, jotka jäävät kaupunkiin.»</p>
      <p>
      <span>33</span>Ja kun lähettiläämme saapuivat Lootin luokse, tämä tuli ahdistukseen heidän takiaan eikä kyennyt heitä auttamaan. Mutta he lausuivat: »Älä pelkää äläkä murehdi, me pelastamme sinut ja perheesi lukuunottamatta vaimoasi. Hän kuuluu niihin, jotka jäävät kaupunkiin.</p>
      <p>
      <span>34</span>Totisesti, Me lähetämme tämän kaupungin asukkaille onnettomuuden taivaasta heidän rikkomustensa tähden.»</p>
      <p>
      <span>35</span>Totisesti, Me olemme jättänyt sen rauniot jäljelle selväksi merkiksi niille, joilla on ymmärrystä.</p>
      <p>
      <span>36</span>Midianin heimon luokse Me lähetimme heidän veljensä Shuaibin. Hän lausui: »Kansalaiseni, palvelkaa Jumalaa ja luottakaa ylösnousemuksen päivään älkääkä pahaa tehden maata kiertäkö.»</p>
      <p>
      <span>37</span>Mutta he kielsivät hänet, ja silloin heidät yllätti maanjäristys, niin että he aamulla ruumiina viruivat asunnoissaan.</p>
      <p>
      <span>38</span>Samoin kävi Aadin ja Tamuudin heimojen. Totisesti, heidän asuinpaikkansa osoittavat sen teille. Saatana teki heidän tekonsa kauniiksi heidän omissa silmissään ja esti heitä siten vaeltamasta oikeata tietä, vaikka heillä olikin käsityskykyä.</p>
      <p>
      <span>39</span>Samoin kävi vielä Koorahin ja Faraon ja Haamanin. Totisesti, Mooses saapui heidän luokseen selvin tunnusmerkein, mutta he paisuivat maassaan ylpeydestä eivätkä päässeet Meiltä pakoon.</p>
      <p>
      <span>40</span>Niin Me rankaisimme kutakin heistä heidän syntiensä vuoksi. Muutamien päälle Me lähetimme hirmumyrskyn, muutamat yllätti kauhistuttava pauhina, jotkut nieli maa ja eräitä heistä Me hukutimme. Jumala ei ole väärämielinen heitä kohtaan, vaan itse he tekivät itsellensä väärin.</p>
      <p>
      <span>41</span>Niiden, jotka ovat ottaneet muita suojelijoita kuin Jumalan, käy kuin hämäkin: se valmistaa asumuksensa, ja totisesti, hämähäkin talo on kaikista taloista hatarin. Jospa he sen vain tietäisivät.</p>
      <p>
      <span>42</span>Totisesti, Jumala tietää, mitä he rukoilevat Jumalan asemesta, olkoon se mitä tahansa; sillä Hän on kaikkivaltias, viisas.</p>
      <p>
      <span>43</span>Me olemme esittänyt nämä vertaukset ihmissuvun hyväksi, mutta vain viisaat niitä ymmärtävät.</p>
      <p>
      <span>44</span>Jumala on totuudessa luonut taivaat ja maan. Totisesti, tässä on merkki uskovaisille.</p>
      <p>
      <span>45</span>Julista mitä sinulle on ilmoitettu Kirjassa, ja suorita rukouksesi. Rukous varmasti pelastaa riettaudesta ja pahasta. Ja totisesti, Jumalan muistaminen on parasta, sillä Jumala tietää, mitä te teette.</p>
      <p>
      <span>46</span>Väittele siivosti niiden kanssa, joilla on Kirjoitus, mutta vastusta niitä, jotka vääryyttä tekevät, ja lausu: »Me uskomme siihen, mikä on meille ylhäältä lähetetty ja mikä myös teille on lähetetty, ja meidän Jumalamme ja teidän Jumalanne on sama ja me olemme Hänelle alamaisia.»</p>
      <p>
      <span>47</span>Tällä tavoin Me ilmaisimme sinulle tämän Kirjan ylhäältä. Ja ne, joille on annettu Kirja, uskovat siihen, ja myöskin eräät näistä arabialaisista uskovat siihen. Vain uskottomat kieltävät Meidän merkkimme.</p>
      <p>
      <span>48</span>Tätä ennen sinä et heille julkilukenut yhtäkään muuta kirjaa etkä sellaista kirjoittanut oikealla kädelläsi. Vasta silloinhan nämä väärän väittäjät olisivat oikeutetut epäilemään.»</p>
      <p>
      <span>49</span>Ei, (Koraani) on (kuin) sarja selviä merkkejä niiden povessa, joille on annettu totista viisautta, ja vain väärämieliset kieltävät Meidän merkkimme.</p>
      <p>
      <span>50</span>He sanovat: »Miksi ei hänen Herransa ole lähettänyt hänelle tunnustekoja ylhäältä?» Sano: »Tunnusteot ovat Jumalan vallassa, ja minä olen vain varoittaja.»</p>
      <p>
      <span>51</span>Eikö heille riitä, että olemme lähettänyt sinulle tämän Kirjan, jota heille on luettu? Totisesti, tämä on armo ja kehoitus niille, jotka uskovat.</p>
      <p>
      <span>52</span>Sano: »Jumala on riittävä Todistaja teidän ja minun asiassani. Hän tietää, mitä on taivaassa ja maan päällä. Ja ne, jotka uskovat valheeseen ja kieltävät Jumalan, kulkevat harhaan.»</p>
      <p>
      <span>53</span>He pyytävät myös sinua jouduttamaan tuomiota. Ellei olisi asetettu määrähetkeä, niin totisesti, tuomio olisi heitä jo kohdannut. Totisesti, se on yllättävä heidät yht'äkkiä, kun he eivät sitä aavistakaan.</p>
      <p>
      <span>54</span>He pyytävät sinua jouduttamaan tuomiota, mutta totisesti, helvetti piirittää uskottomat.</p>
      <p>
      <span>55</span>Tulee päivä, jolloin tuomio langetetaan heidän ylitseen ylhäältä ja jolloin Hän on sanova: »Maistakaa nyt, mitä olette tehneet.»</p>
      <p>
      <span>56</span>Palvelijani, jotka uskotte! Maani on avara, palvelkaa siis Minua ja yksin Minua.</p>
      <p>
      <span>57</span>Jokainen sielu saa maistaa kuolemaa, ja sitten teidän on palattava Meidän luoksemme.</p>
      <p>
      <span>58</span>Niille, jotka uskovat ja tekevät hyvää, Me totisesti annamme ylhäiset asumukset puutarhoissa, joissa purot solisevat ja joissa he alati saavat asua. Oivallinen palkka on ahertaneilla,</p>
      <p>
      <span>59</span>niillä, jotka pysyvät lujina ja luottavat Herraansa.</p>
      <p>
      <span>60</span>Kuinka paljon onkaan olentoja, jotka eivät huolehdi elannostaan, mutta Jumala huolehtii heistä kuten teistäkin, sillä Hän on kaikkikuuleva, kaikkitietävä.</p>
      <p>
      <span>61</span>Totisesti, jos kysyt heiltä: »Ken on luonut taivaat ja maat sekä alistanut auringon ja kuun lakeihinsa?» niin he vastaavat: »Jumala.» Miksi he siis ovat luopuneet?</p>
      <p>
      <span>62</span>Jumala antaa runsaan ylläpidon niille palvelijoillensa, joille haluaa, tai Hän mittaa sen niukasti. Totisesti, Jumala tietää kaiken.</p>
      <p>
      <span>63</span>Totisesti, jos kysyt heiltä: »Ken lähettää taivaasta teille sateen ja siten elvyttää kuolleen maan uuteen eloon?» niin varmasti he vastaavat: »Jumala.» Sano: »Kaikki ylistys kuuluu Jumalalle.» Mutta useimmat heistä eivät ymmärrä.</p>
      <p>
      <span>64</span>Tämän maailman elämä ei ole muuta kuin leikkiä ja ajanviettoa, mutta totisesti, tulevan elämän koti on todellista elämää; jospa he sen vain älyäisivät!</p>
      <p>
      <span>65</span>Kun he astuvat laivaan, he rukoilevat Jumalaa, Häneen täydellisesti uskoen, mutta kun Hän pelastaa heidät maihin, niin katso, he asettavat epäjumalia Jumalan rinnalle.</p>
      <p>
      <span>66</span>He ovat kiittämättömiä siitä, mitä Hän on heille antanut, ja haluavat vain nauttia. Mutta aikanansa he tulevat älyämään.</p>
      <p>
      <span>67</span>Eivätkö he huomaa, että Me olemme aikaansaaneet Pyhän turvapaikan, (Mekan) rauhoitetun alueen, vaikka muualla ihmisiä ahdistetaan? Yhäkö he uskovat valheeseen ja kieltävät Jumalan siunaukset?</p>
      <p>
      <span>68</span>Ken on nurjamielisempi kuin se, joka sepittää valhetta Jumalasta tai vääristelee totuuden, kun se tulee hänen kohdalleen? Eikö helvetissä riitä tilaa uskottomille?</p>
      <p>
      <span>69</span>Mutta jotka taistelevat asiamme puolesta, heidät johdatamme teillemme; sillä totisesti, Jumala on niiden kanssa, jotka hyvää tekevät.</p>
    </div>
  </body>
</html>
