﻿<?xml version="1.0"?>
<html>
  <head>
    <meta http-equiv="Content-Type" content="text/html; charset=utf-8" />
    <title>Roomalaisten Suura</title>
  </head>
  <body>
    <h1>
    <span>30</span>Roomalaisten suura</h1>
    <div class="johdanto">
      <h2>JOHDANTO:</h2>
      <p>KOLMASKYMMENES SUURA: Roomalaiset (Ar-Ruum) Ilmoitettu Mekassa (60 jaetta )</p>
      <p>Ar-Ruum, »Roomalaiset» , saa, nimensä ensimmäisessä jakeessa olevasta sanasta.</p>
      <p>Persialaiset olivat voittaneet Itä-Rooman keisarikunnan armeijat kaikkialla lähellä Arabiaa. Vuonna 613 Jerusalem ja Damaskos kukistuivat ja seuraavana vuonna Egypti. Persian armeija hyökkäsi Anatoliaan ja uhkasi itse Konstantinopolia vuonna 615 tai 616 (vuonna 6 tai 7 ennen Hedzraa), jolloin parhaimpien selittäjien mukaan tämä suura ilmoitettiin Mekassa. Arabialaiset pakanat ilmaisivat profeetalle ja hänen pienelle kannattajajoukolleen äänekkäästi riemuaan persialaisten voitosta, koska kristitytkin uskoivat yhteen Jumalaan, mutta persialaiset eivät. Arabialaiset väittivät nyt, ettei Jumalan mahti voinut olla ylin ja ehdoton, kuten profeetta jatkuvasti julisti, koska pakanallisen valtakunnan joukot olivat kyenneet lyömään Hänen kannattajansa.</p>
      <p>Profeetalle ilmoitettiin pakanoille annettava vastaus tällä suuralla, josta tuli Jumalan valtiuden mahtava julistus. Se osoittaa kaikkien niiden mielettömyyden, jotka kuvittelivat Jumalaa vain joidenkuiden puoluelaiseksi. Se alkaa kahdella ennustuksella: että roomalaiset voittavat persialaiset ja että muslimien pienelle, vainotulle joukolle Arabiassa »kymmenen vuoden sisällä» tulee aika riemuita. Todellakin vuonna 624 Rooman armeijat tunkeutuivat puhtaasti persialaiselle alueelle, ja samana vuonna profeetan johtama islaamilaisarmeija kukisti arabialaisten ritarien parhaimmiston Bedrin taistelussa.</p>
      <p>Mutta ennustukset ovat vain johdantona julistukselle Jumalan maailmanvaltiudesta. Ja Jumalan on todellinen yliherruus valtakunnassaan. Suura tulkitsee luonnonlait Jumalan laeiksi fyysillisessä maailmassa; siveellisessä ja valtiollisessa elämässä vallitsevat samanlaiset lait (elämän ja kuoleman, hyvän ja pahan, toiminnan ja toimettomuuden) ja niiden seuraukset. Jumalan lakeja ei kukaan voi välttää viisaudella eikä oveluudella. Hänen armonsa kuten hänen lakinsakin ulottuvat kaikkiin, ja Hänen tuomionsa perusta on kaikille sama. Hän ei ole etäinen, välinpitämätön, puolueellinen eikä oikullinen. Ne, jotka tekevät hyvää, saavuttavat Hänen suosionsa, ja niitä, jotka vääryyttä tekevät, kohtaa Hänen vihansa riippumatta siitä, mikä heidän uskontunnustuksensa on tai mitä rotua he ovat, eikä kukaan voi pelkin sanoin uskoaan tunnustamalla välttää Jumalan lakien seurauksia.</p>
      <p>Suura kuuluu Mekan kauden keskiryhmään.</p>
    </div>
    <div class="sura">
      <h2>Aloitan JUMALAN, laupiaan Armahtajan, nimeen.</h2>
      <p>
      <span>1</span>Aliif, Laam, Miim. (Minä olen Jumala, parhain tietäjä.)</p>
      <p>
      <span>2</span>Roomalaiset on voitettu</p>
      <p>
      <span>3</span>lähellä olevassa maassa, mutta lähitulevaisuudessa he tappionsa jälkeen pääsevät voittajiksi</p>
      <p>
      <span>4</span>muutaman vuoden kuluttua . Jumalalle kuuluu käskyvalta alussa ja lopussa, ja tuona päivänä uskovaiset ovat onnellisia</p>
      <p>
      <span>5</span>Jumalan avulla. Hän auttaa ketä tahtoo, sillä Hän on kaikkivaltias, kaikkein armollisin.</p>
      <p>
      <span>6</span>Tämä on Jumalan lupaus. Jumala ei milloinkaan riko lupaustaan, mutta useimmat ihmiset eivät sitä tiedä.</p>
      <p>
      <span>7</span>He tuntevat vain tämän maailman elämän ulkonaisen puolen, mutta tulevasta elämästä he ovat peräti välinpitämättömiä.</p>
      <p>
      <span>8</span>Eivätkö he ajattelekin mielessään: »Ei kai Jumala ole luonut vain määräajaksi taivasta ja maata ja kaikkea niiden välillä olevaa.» Mutta totisesti, useimmat ihmiset kieltävät joutuvansa Herransa eteen.</p>
      <p>
      <span>9</span>Eivätkö he ole kiertäneet maata ja nähneet, millaisen lopun saivat ennen heitä eläneet? Nämä olivat heitä voimiltaan väkevämpiä, he kaivoivat maata ja rakensivat sen pinnalle enemmän kuin nykyiset, ja heidän lähettiläänsä tulivat heidän luokseen selvin tunnusmerkein. Jumala ei tehnyt heille vääryyttä, mutta itse he tuottivat turmion sieluilleen.</p>
      <p>
      <span>10</span>Surkea oli niiden loppu, jotka pahaa tekivät, koska he kielsivät Jumalan merkit ja niitä pilkkasivat.</p>
      <p>
      <span>11</span>Jumala on pannut alulle luomistyön ja antaa sitten kaiken toistua, ja Hänen luoksensa teidän on palattava.</p>
      <p>
      <span>12</span>Ja sinä päivänä, jolloin hetki lyö, syntiset joutuvat epätoivoon,</p>
      <p>
      <span>13</span>eivätkä he suojelusjumalistaan saa ketään auttajaa, ja he kieltävät suojelijansa.</p>
      <p>
      <span>14</span>Sinä päivänä, jolloin hetki lyö, sinä päivänä heidät kaikki hajoitetaan.</p>
      <p>
      <span>15</span>Silloin ne, jotka nyt uskovat ja tekevät hyvää, ovat tervetulleita puutarhaan.</p>
      <p>
      <span>16</span>Mutta jotka eivät uskoneet, vaan kielsivät ilmoituksemme ja Meidän kohtaamisemme tulevassa elämässä, heitä kohtaa kuritus.</p>
      <p>
      <span>17</span>Julistakaa siksi Jumalan kunniaa sekä illoin että aamuin!</p>
      <p>
      <span>18</span>Hänelle kuuluu kaikki ylistys taivaassa ja maan päällä, sekä illalla että keskipäivällä.</p>
      <p>
      <span>19</span>Hän tekee kuolleesta elävän ja elävästä kuolleen, ja Hän elvyttää eloon kuolleen maan. Näin myös teidät (Arabian kansa) herätetään uuteen eloon.</p>
      <p>
      <span>20</span>Eräs Hänen merkeistään on se, että Hän on luonut teidät tomusta, ja katso, sitten teistä on tullut kautta maan levinnyt ihmissuku.</p>
      <p>
      <span>21</span>Eräs Hänen merkeistään on myös se, että Hän on teistä itsestänne luonut teille puolisot, jotta löytäisitte heistä tyydytyksen, ja Hän on antanut teille keskinäistä rakkautta ja laupeutta. Totisesti, tässä on merkkejä niille, jotka ajattelevat.</p>
      <p>
      <span>22</span>Hänen merkkejään on myöskin taivaitten ja maan luominen sekä kieltenne ja ihonvärinne moninaisuus. Totisesti, tässä on merkkejä maailman kansoille.</p>
      <p>
      <span>23</span>Hänen merkkejään on myöskin teidän unenne sekä yöllä että päivällä ja teidän pyrkimyksenne hankkia ylläpitonne hänen yltäkylläisyydestään. Totisesti, tässä on merkkejä niille, jotka kuuntelevat.</p>
      <p>
      <span>24</span>Hänen merkkejään on edelleen se, että Hän antaa teidän nähdä salaman sekä peläten että toivoen ja että Hän lähettää sateen taivaasta maan päälle, elvyttäen siten kuolleen maan eloon. Totisesti, tässä on merkkejä niille, joilla on ymmärrystä.</p>
      <p>
      <span>25</span>Eräs Hänen merkeistään on se, että taivas ja maa pysyvät Hänen käskystään paikoillaan. Kun Hän viimein lähettää teille kutsunsa, teidät noudetaan maan päältä.</p>
      <p>
      <span>26</span>Hänelle kuuluvat kaikki, jotka ovat taivaassa ja maan päällä. Kaikki tottelevat Häntä.</p>
      <p>
      <span>27</span>Juuri Hän on pannut alulle luomistyön ja antaa sitten kaiken palata takaisin, ja Hänelle tämä on helppoa. Hänelle kuuluvat ylevimmät nimitykset sekä taivaassa että maan päällä, sillä Hän on kaikkivaltias, viisas.</p>
      <p>
      <span>28</span>Hän esittää teille vertauksen teistä itsestänne: »Onko teillä ja omistamillanne orjilla yhtäläinen osuus omaisuuteen, minkä Me olemme teille suonut? Varotteko heitä samassa määrin kuin toinen toistanne?» Tällä tavoin Me tuomme julki merkkimme niille, joilla on ymmärrystä.</p>
      <p>
      <span>29</span>Ne, jotka tekevät syntiä, seuraavat vain omia halujaan, eikä heillä ole mitään tietoa. Kuka voi ohjata sellaista, jonka Jumala antaa eksyä? Heillä ei ole ketään auttajaa.</p>
      <p>
      <span>30</span>Käännä siis kasvosi vilpittömästi oikeata uskoa kohti, jonka Jumala on ihmissukua varten perustanut. Jumalan tekoja ei voida muuttaa. Tämä on oikea uskonto, mutta useimmat ihmiset eivät sitä tiedä.</p>
      <p>
      <span>31</span>Turvautukaa Häneen, täyttäen velvollisuutenne Häntä kohtaan. Palvelkaa Häntä, suorittakaa rukouksenne. älkää olko pakanoita,</p>
      <p>
      <span>32</span>niitä, jotka ovat pirstoneet uskontonsa ja hajaantuneet moniin lahkoihin, ja kukin ryhmäkunta riemuitsee omasta opistaan.</p>
      <p>
      <span>33</span>Kun onnettomuus kohtaa ihmisiä, he rukoilevat Herraa kääntyen Hänen puoleensa, mutta kun Hän antaa heidän maistaa armoansa, niin katso, osa heistä alkaa asettaa muita jumalia Hänen rinnalleen.</p>
      <p>
      <span>34</span>Täten he kieltävät sen, minkä olemme heille antanut. Nauttikaa aikanne, kyllä viimein tulette palkkanne saamaan.</p>
      <p>
      <span>35</span>Olemmeko lähettänyt heille ketään, joka olisi valtuuttanut heidät asettamaan muita Jumalan rinnalle?</p>
      <p>
      <span>36</span>Kun annamme ihmisten maistaa armoa, he iloitsevat siitä, mutta kun heitä kohtaa onnettomuus heidän tekojensa johdosta, niin katso, he joutuvat epätoivoon.</p>
      <p>
      <span>37</span>Eivätkö he ole huomanneet, että Jumala suo runsaat antimensa kenelle haluaa, ja että Hän myös voi mitata ne niukasti? Totisesti, tässä on merkkejä niille, jotka uskovat.</p>
      <p>
      <span>38</span>Anna siis sukulaiselle, mikä hänelle kuuluu, samoin tarvitseville ja matkamiehille. Tämä on parasta niille, jotka haluavat Jumalan mielisuosiota; ja he ovat niitä, jotka menestyvät.</p>
      <p>
      <span>39</span>Minkä te lainaatte korkoa vastaan, jotta se lisääntyisi ihmisten omaisuuksien avulla, se ei ole lisäystä Jumalan silmissä; mutta jos te suoritatte säädetyt almut haluten Jumalan mielisuosiota, niin sellaisten ihmisten palkka moninkertaistuu.</p>
      <p>
      <span>40</span>Juuri Jumala on teidät luonut ja sitten huolehtinut teidän elannostanne; sitten hän antaa teidän kuolla ja senjälkeen herättää teidät uuteen eloon. Onko suojelusjumalienne joukossa ketään, joka saattaisi tehdä yhdenkään näistä teoista? Kunnia olkoon Hänelle! Hän on korkealla sen yläpuolella, mitä he Hänen rinnalleen asettavat.</p>
      <p>
      <span>41</span>Turmiota tapahtuu sekä maalla että merellä ihmiskätten työnä, jotta Hän voisi antaa ihmisten maistaa tekojensa seurauksia, niin että he tekisivät kääntymyksen.</p>
      <p>
      <span>42</span>Sano: »Kulkekaa maalla ja merellä nähdäksenne millaisen lopun saivat ne, jotka ennen elivät; useimmat heistä olivat pakanoita.»</p>
      <p>
      <span>43</span>Käännä siis kasvosi oikean uskonnon puoleen, ennenkuin Jumalan päivä saapuu, jota kukaan ei voi välttää. Sinä päivänä heidät hajoitetaan.</p>
      <p>
      <span>44</span>Ken valitsee epäuskon, häntä vastaan todistaa hänen epäuskonsa, ja ken ikinä tekee hyvää, hän tekee sitä oman sielunsa hyväksi,</p>
      <p>
      <span>45</span>niin että Hän voi armostaan palkita niitä, jotka uskovat ja suorittavat hyviä tekoja. Totisesti, Hän ei rakasta uskottomia.</p>
      <p>
      <span>46</span>Eräs Hänen merkeistään on, että Hän lähettää tuulet tuomaan ilosanomaa, antaakseen teidän maistaa Hänen armoaan ja laivojen purjehtia Hänen käskystään ja teidän etsiä Hänen armoaan ja osoittaa kiitollisuutta.</p>
      <p>
      <span>47</span>Totisesti, olemme jo ennen sinua lähettänyt lähettiläitä heidän kansojensa luokse, ja nämä saapuivat heidän keskuuteensa selvin tunnusmerkein. Senjälkeen Me langetimme kirouksemme niille, jotka olivat syntisiä, sillä velvollisuutemme oli auttaa uskovaisia.</p>
      <p>
      <span>48</span>Juuri Jumala lähettää tuulet, ja nämä nostavat pilviä, jotka Hän levittää taivaalle mielensä mukaan kerroksittain. Sitten näet sateen virtaavan alimmista kerroksista, ja kun se lankeaa Hänen palvelijoittensa ylitse, niin katso, he ovat onnellisia.</p>
      <p>
      <span>49</span>Ja vastikään, ennenkuin tämä tapahtui, he olivat masentuneita, vallan epätoivoisia.</p>
      <p>
      <span>50</span>Tarkastele siis Jumalan armon merkkejä, miten Hän elvyttää kuolleen maan. Totisesti, tällä tavoin Me annamme kuolleille elämän, ja Hän on kykenevä tekemään kaiken, minkä haluaa.</p>
      <p>
      <span>51</span>Jos olisimme lähettänyt maan päälle toisenlaisen tuulen, niin he olisivat nähneet laihonsa kuihtuvan, ja he olisivat senjälkeen olleet kiittämättömiä.</p>
      <p>
      <span>52</span>Totisesti, sinä et kykene tekemään kuolleita eläviksi etkä saamaan kuuroja kuulemaan kutsuasi, kun he kokonaan kääntävät sinulle selkänsä.</p>
      <p>
      <span>53</span>Et voi myöskään johdattaa sokeita pois eksymyksestään. Totisesti, voit johdattaa vain niitä, jotka uskovat merkkeihimme ja ovat alistuvaisia.</p>
      <p>
      <span>54</span>Juuri Jumala on luonut teidät heikoiksi ja antanut senjälkeen teille voimaa, ja miehuuden jälkeen Hän tekee teidät jälleen heikoiksi ja iäkkäiksi. Hän luo, mitä tahtoo, sillä Hän on kaikkitietävä, kaikkivoipa.</p>
      <p>
      <span>55</span>Ja sinä päivänä, jolloin hetki lyö, syntiset vannovat, että he eivät viivytelleet kuin tunnin ajan. Näin he valehtelevat.</p>
      <p>
      <span>56</span>Ne, joille on annettu totista tietoa ja uskoa, sanovat: »Totisesti, teillä on ollut Jumalan Kirjan mukaan aikaa ylösnousemuksen päivään saakka. Tämä on ylösnousemuksen päivä, mutta te ette tienneet mitään.»</p>
      <p>
      <span>57</span>Mutta sinä päivänä anteeksipyynnöt eivät auta niitä, jotka ovat olleet väärämielisiä, eikä heidän sallita enää päästä sovintoon.</p>
      <p>
      <span>58</span>Totisesti, olemme jo esittänyt tässä Koraanissa monenlaisia vertauksia ihmissuvun hyväksi. Mutta jos sinä tuot heille merkin, niin totisesti uskottomat lausuvat: »Te olette pelkkiä valehtelijoita.»</p>
      <p>
      <span>59</span>Näin Jumala paaduttaa niiden sydämet, jotka eivät halua tietää.</p>
      <p>
      <span>60</span>Sentähden pysy sinä lujana; totisesti, Jumalan lupaus on tosi, äläkä anna niiden, joilla ei ole varmuutta, saattaa sinua horjuvaksi.</p>
    </div>
  </body>
</html>
