﻿<?xml version="1.0"?>
<html>
  <head>
    <meta http-equiv="Content-Type" content="text/html; charset=utf-8" />
    <title>Lukmaanin Suura</title>
  </head>
  <body>
    <h1>
    <span>31</span>Lukmaanin suura</h1>
    <div class="johdanto">
      <h2>JOHDANTO:</h2>
      <p>KOLMASKYMMENES ENSIMMÄINEN SUURA: Lukmaan Ilmoitettu Mekassa (34 jaetta )</p>
      <p>Lukmaan, nimi tavataan jakeessa 12, jossa mainitaan Lukmaanin viisaudesta, erään filosofin, jonka muistoa arabialaiset kunnioittavat, mutta jota ei tunneta juutalaisten pyhissä kirjoissa. Hänen sanotaan olleen neekeriorja, ja hänen nimeensä liittyvät tarut ovat niin Aisopoksen tarujen kaltaisia, että niiden tavallisesti arvellaan olevan yhteistä alkuperää, mikä tuntuukin uskottavalta. Tämä suura lupaa menestystä vainoa kärsiville muslimeille.</p>
      <p>Suura kuuluu mekkalaisten keskimmäiseen tai viimeiseen ryhmään, lukuunottamatta jakeita 27 ja 28, jotka ilmoitettiin Medinassa.</p>
    </div>
    <div class="sura">
      <h2>Aloitan JUMALAN, laupiaan Armahtajan, nimeen.</h2>
      <p>
      <span>1</span>Aliif, Laam, Miim. (Minä olen Jumala, parhain tietäjä.)</p>
      <p>
      <span>2</span>Nämä ovat Viisauden Kirjan jakeita;</p>
      <p>
      <span>3</span>johdatukseksi ja armoksi niille, jotka hyvää tekevät.</p>
      <p>
      <span>4</span>Niille, jotka suorittavat rukouksensa ja antavat säädetyt almut ja ovat varmat tulevasta elämästä.</p>
      <p>
      <span>5</span>He saavat Herraltansa johdatuksen, ja he ovat niitä, jotka menestyvät.</p>
      <p>
      <span>6</span>On sellaisiakin, jotka Koraanin vaihtavat joutaviin taruihin eksyttääkseen ihmiset Jumalan tieltä, vaikka heillä ei ole mitään tietoa, ja tehdäkseen pilaa Viisauden Kirjan jakeista. He ovat niitä, joita kohtaa häpeällinen rangaistus.</p>
      <p>
      <span>7</span>Kun Meidän merkkimme esitetään tällaiselle, hän kääntää korskeasti selkänsä, ikäänkuin hän ei olisi niitä kuullut, ikäänkuin hänen korvansa olisivat ummessa. Kerro hänelle sentähden tuskallisesta tuomiosta.</p>
      <p>
      <span>8</span>Totisesti, jotka uskovat ja tekevät hyvää, heitä varten ovat autuaiden tarhat.</p>
      <p>
      <span>9</span>Siellä he saavat alati asua. Jumalan lupaus on totinen, sillä Hän on kaikkivaltias, viisas.</p>
      <p>
      <span>10</span>Hän on luonut taivaat ilmantukipylväitä, kuten voit nähdä,ja Hän on sijoittanut vuoria maan kamaralle, jottei se sinua horjuttaisi, ja Hän on levittänyt ympäri maata kaikenlaisia elollisia olentoja. Me lähetämme myös sateen taivaasta maan päälle ja kasvatamme monenlaisia hyödyllisiä kasveja.</p>
      <p>
      <span>11</span>Tällainen on Jumalan luomakunta. Näytä nyt minulle, mitä ne, jotka on asetettu Jumalan rinnalle, ovat luoneet. Niin, väärämieliset ovat suuren harhan vallassa.</p>
      <p>
      <span>12</span>Totisesti, Me annoimme Lukmaanille viisautta ja sanoimme: »Kiitä Jumalaa. Ken osoittaa kiitollisuuttaan, hän tekee sen oman sielunsa hyväksi. Ja jos joku on kiittämätön, niin totisesti, Jumala on riippumaton, ylistetty.»</p>
      <p>
      <span>13</span>Muista, miten Lukmaan antoi pojalleen kehoituksen sanoen: »Poikani, älä aseta ketään Jumalan rinnalle. Totisesti, sellainen on perin väärää.»</p>
      <p>
      <span>14</span>Olemme myös määrännyt ihmisen pitämään huolta vanhemmistaan; hänen äitinsä on kantanut häntä äärimmäiseen uupumukseen saakka, ja hänen vieroittamisensa on kestänyt toista vuotta. Kiitä Minua ja molempia vanhempiasi. Minun luokseni on kaikkien palattava.</p>
      <p>
      <span>15</span>Mutta jos he pakottavat sinua asettamaan Minun rinnalleni sellaista, mistä sinulla ei ole mitään tietoa, älä heitä silloin tottele; elä kuitenkin heidän kanssaan soveliaasti tässä maailmassa. Seuraa sellaisen tietä, joka kääntyy Minunun puoleeni. Minun luokseni teidän on palattava, ja silloin Minä osoitan teille teidän tekonne.»</p>
      <p>
      <span>16</span>Ja Lukmaan lausui edelleen: »Oi poikani! Totisesti, jos sinapinsiemenen painoinen jyvänen on kätketty kiven sisään tai taivaisiin taikka maan päälle, niin Jumala on sen löytävä. Totisesti, Jumala on terävänäköinen, ymmärtävä.</p>
      <p>
      <span>17</span>Oi poikani, suorita rukouksesi, kehoita hyvän tekemiseen ja kiellä pahat teot sekä pysy lujana, mitä tahansa sinulle sattuukin. Näin on todella vakavasti määrätty.</p>
      <p>
      <span>18</span>Älä ole ylpeä ihmisiä kohtaan, äläkä vaella maassa pöyhkeänä. Totisesti, Jumala ei rakasta omahyväistä kerskuria.</p>
      <p>
      <span>19</span>Hillitse itsesi ja puhu sävyisästi. Totisesti, rumin ääni on aasin hirnunta.</p>
      <p>
      <span>20</span>Ettekö huomaa, että Jumala on alistanut valtaanne kaikki, mikä on taivaassa ja mikä on maassa, ja siunannut teidät yltäkylläisesti sekä ruumiin että sielun tarpeilla. Mutta ihmisten joukossa on sellaisiakin, jotka kiistelevät Jumalasta, vaikka heillä ei ole tietoa eikä johdatusta eikä mitään valaisevaa kirjaa.</p>
      <p>
      <span>21</span>Ja kun heille sanotaan: »Seuratkaa sitä, minkä Jumala on maan päälle lähettänyt, he vastaavat: »Me seuraamme sitä, jota havaitsimme esi-isiemmekin seuraavan.» Mutta entäpä jos saatana siten kutsuu heitä kohti liekehtivän tulen tuomiota?</p>
      <p>
      <span>22</span>Ken alistaa koko olemuksensa Jumalalle ja tekee hyvää, hän on tarttunut luotettavimpaan kädensijaan, Jumalassa on kaikkien toimien päätös.</p>
      <p>
      <span>23</span>Mutta jos joku on valinnut epäuskon, älä anna hänen epäuskonsa sinua murehduttaa. Meidän luoksemme heidän on palattava, ja silloin Me ilmituomme heille heidän tekonsa. Totisesti, Jumala tietää tarkoin, mitä sydämiin on kätketty.</p>
      <p>
      <span>24</span>Me annamme heidän nauttia lyhyen ajan; sitten vedämme heidät ankaralle tuomiolle.</p>
      <p>
      <span>25</span>Totisesti, jos kysyt heiltä: »Kuka on luonut taivaat ja maan?» niin he varmasti vastaavat: »Jumala.» Sano: »Kaikki ylistys kuuluu Jumalalle!» Mutta useimmat heistä eivät tiedä mitään.</p>
      <p>
      <span>26</span>Jumalalle kuuluu kaikki, mikä on taivaassa ja maan päällä. Totisesti, Jumala on kaikista riippumattomin, kaikkein ylistetyin.</p>
      <p>
      <span>27</span>Vaikka kaikki maan pinnalla olevat puut olisivat kyniä ja valtameri sekä seitsemän valtamerta sen lisäksi olisivat mustetta, niin Jumalan sanat eivät loppuisi. Totisesti, Jumala on mahtava, viisas.</p>
      <p>
      <span>28</span>Sekä nykyinen olemuksenne että ylösnousemuksenne ovat vain ikäänkuin saman sielun ilmenemismuotoja. Totisesti, Jumala on kuuleva, näkevä.</p>
      <p>
      <span>29</span>Etkö näe, että Jumala antaa yön seurata päivää ja päivän yötä, ja Hän säätää auringon ja kuun liikkeet; kumpikin kulkee kohti määrättyä hetkeään, Jumala on tietoinen teidän teoistanne.</p>
      <p>
      <span>30</span>Sillä Jumala on totuus, ja se, mitä he Hänen asemestaan rukoilevat, on valhetta; Jumala on kaikkein korkein, kaikkein suurin.</p>
      <p>
      <span>31</span>Etkö havaitse, miten laivat Jumalan siunaamina purjehtivat merellä, jotta Hän voisi näyttää teille erään merkeistään? Totisesti, tässä on merkkejä jokaiselle lujana pysyvälle ja kiitolliselle ihmiselle.</p>
      <p>
      <span>32</span>Ja kun aallot vyöryvät heidän päälleen kuin vuoret, niin he rukoilevat Jumalaa uskoen Häneen täydellisesti, mutta kun Hän pelastaa heidät maihin, niin vain muutamat heistä kulkevat oikeata tietä. Vain sopimusten rikkojat ja kiittämättömät väittelevät Meidän merkkejämme vastaan.</p>
      <p>
      <span>33</span>Oi ihmiset, palvelkaa Herraanne ja varokaa sitä päivää, jolloin isä ei voi auttaa poikaansa eikä poika saata vähääkään tukea isäänsä. Jumalan lupaus on varmasti tosi, älkää siis antako tämän maailman elämän johtaa itseänne harhaan, älkääkä salliko suuren viettelijän eksyttää teitä Jumalan luota.</p>
      <p>
      <span>34</span>Totisesti, Jumala tietää tuomion hetken, Hän lähettää sateen maan päälle ja Hän tietää, mitkä ihmiskohtalot äitien kohtuihin kätketyt ovat. Yksikään sielu ei aavista, mitä hänen on huomenna koettava, eikä sitä, missä maassa hän on kuoleva. Totisesti, Jumala on tietävä, tarkkanäköinen.</p>
    </div>
  </body>
</html>
