<?xml version="1.0"?>
<html>
  <head>
    <meta http-equiv="Content-Type" content="text/html; charset=utf-8" />
    <title>Palvomisen Suura</title>
  </head>
  <body>
    <h1>
    <span>32</span>Palvomisen suura</h1>
    <div class="johdanto">
      <h2>JOHDANTO:</h2>
      <p>KOLMASKYMMENES TOINEN SUURA: Palvominen (As-sajdah) Ilmoitettu Mekassa (30 jaetta )</p>
      <p>As-sajdah, »Palvominen», saa nimensä sanonnasta jakeessa 15. Suura on Mekan kauden keskivaiheilla.</p>
    </div>
    <div class="sura">
      <h2>Aloitan JUMALAN, laupiaan Armahtajan, nimeen.</h2>
      <p>
      <span>1</span>Aliif, Laam, Miim. (Minä olen Jumala, parhain tietäjä.)</p>
      <p>
      <span>2</span>Tämän Kirjan on ylhäältä lähettänyt maailmojen Herra, siitä ei ole epäilystä.</p>
      <p>
      <span>3</span>Sanovatko he, että olet sen keksinyt? Ei, se on Herraltasi tullut totuus, jotta voisit varoittaa ihmisiä, joiden luokse ennen sinua ei ole saapunut varoittajaa, ja jotta he saisivat johdatuksen.</p>
      <p>
      <span>4</span>Juuri Jumala on luonut taivaat ja maan ja kaiken niiden välillä olevan kuudessa päivässä ja on yhä säilyttänyt lujan mahtinsa. Teillä ei ole muuta suojelijaa eikä auttajaa kuin Hän. Ettekö tätä ota varteen?</p>
      <p>
      <span>5</span>Hän lähettää käskynsä ylhäältä avaruudesta maan päälle; sitten se kohoaa Hänen luokseen yhdessä päivässä, joka teidän laskujenne mukaan on tuhannen vuoden pituinen.</p>
      <p>
      <span>6</span>Sellainen on Hän, joka tuntee sekä salatut että ilmeiset asiat, Hän on kaikkivaltias, kaikkein armollisin.</p>
      <p>
      <span>7</span>Kaiken Hän on tehnyt parhaimmalla tavalla ja aloittanut luomalla ihmisen kosteasta savesta.</p>
      <p>
      <span>8</span>Sitten Hän loi hänen siemenensä mitättömän näköisestä nesteestä.</p>
      <p>
      <span>9</span>Senjälkeen Hän täydensi hänet ja puhalsi häneen henkensä, ja Hän on antanut teille kuulon ja näön sekä sielun. Mutta niukasti te osoitatte kiitollisuutta.</p>
      <p>
      <span>10</span>He kyselevät: »Kuinka, senkö jälkeen kuin me maadumme tomuksi, meidät herätetään taas uuteen eloon?» Niin, he kieltävät Herransa tulemisen.</p>
      <p>
      <span>11</span>Sano: »Kuoleman enkeli, joka teitä kaitsee, on maksava teille täyden palkkanne; sitten teidän on palattava Jumalan luokse.»</p>
      <p>
      <span>12</span>Jospa voisit nähdä, miten syntiset seisovat Herransa edessä päät vaipuneina ja sanovat: »Oi Herra, me olemme nähneet sekä kuulleet, lähetä meidät siis takaisin, jotta voisimme tehdä hyvää, sillä totisesti, olemme päässeet varmuuteen.»</p>
      <p>
      <span>13</span>Jos Me olisimme tahtonut, olisimme totisesti voinut antaa jokaiselle sielulle johdatuksensa, mutta sanani on käyvä toteen: »Totisesti, olen täyttävä helvetin dzinneillä ja ihmisillä sekaisin.»</p>
      <p>
      <span>14</span>»Maistakaa siis seurauksia, koska unohdatte tämän päivän saapumisen. Olemme maksanut teille palkan unohduksestanne, ja maistakaa nyt tuomio siitä, mitä olette tehneet.»</p>
      <p>
      <span>15</span>Vain ne uskovat merkkeihimme, jotka lankeavat maahan kunnioittaen, kun heitä niistä muistutetaan, ja julistavat Herransa kunniaa Häntä ylistäen, sekä ne, jotka eivät paisu ylpeydestä.</p>
      <p>
      <span>16</span>He nousevat vuoteistaan rukoillen Herraansa peläten ja toivoen, ja he antavat almuja siitä, mitä Me olemme heille suonut.</p>
      <p>
      <span>17</span>Mutta yksikään sielu ei tiedä, mitä heille on tallessa sellaista, mikä on kirkastava heidän silmänsä, palkkana siitä, mitä ovat tehneet.</p>
      <p>
      <span>18</span>Onko uskovainen sellaisen kaltainen, joka on tottelematon? He eivät voi olla samanvertaisia.</p>
      <p>
      <span>19</span>Niitä varten, jotka uskovat ja suorittavat hyviä tekoja, on ikuiset puutarhat palkkana siitä, mitä ovat tehneet.</p>
      <p>
      <span>20</span>Mutta jotka ovat olleet tottelemattomia, niiden asuinsijana on oleva tuli. Aina kun he haluavat päästä sieltä pois, heidät palautetaan takaisin ja heille sanotaan: »Maistakaa nyt tulen tuskaa, jota väititte valheeksi.»</p>
      <p>
      <span>21</span>Totisesti, Me annamme heidän ennen tulevaa, ankaraa tuomiota maistaa lievempää rangaistusta, jotta he kääntyisivät hyvään.</p>
      <p>
      <span>22</span>Kuka onkaan väärämielisempi kuin se, joka saadessaan muistutuksen Herransa merkeistä kääntää niille selkänsä? Totisesti, kirouksemme kohtaa syntisiä.</p>
      <p>
      <span>23</span>Totisesti, Me annoimme Kirjan Moosekselle - älä epäile sitä! - ja annoimme sen johdatukseksi Israelin lapsille.</p>
      <p>
      <span>24</span>Me määräsimme heidän joukostaan myös johtajia, jotka johdattivat kansaa Meidän käskymme mukaan niin kauan kuin he siitä kiinni pitivät ja olivat varmoja merkeistämme.</p>
      <p>
      <span>25</span>Totisesti, Hän, sinun Herrasi, on ylösnousemuksen päivänä tuomiollaan ratkaiseva heidän välillään olleet kiistat.</p>
      <p>
      <span>26</span>Eivätkö he näe johdatusta siinä, että ennen heitä olemme tuhonnut monia sukupolvia, joiden asuinsijoilla he nyt kuljeskelevat? Totisesti, tässä on merkkejä. Eivätkö he mitään kuule?</p>
      <p>
      <span>27</span>Eivätkö he havaitse, miten Me langetamme sateen kuivuneeseen maahan ja sen avulla kasvatamme viljaa, jota he itse sekä heidän karjansa syövät? Eivätkö he mitään näe?</p>
      <p>
      <span>28</span>Ja he sanovat: »Milloin tämä ratkaisu tapahtuu, jos kerran puhutte totta?»</p>
      <p>
      <span>29</span>Vastaa: »Tuomion päivänä, jolloin usko ei vähääkään hyödytä niitä, jotka nyt ovat uskottomia, eikä heille anneta armon aikaa.»</p>
      <p>
      <span>30</span>Käänny siis pois heistä ja odota! Totisesti, he saavat odottaa sinun lainasi.</p>
    </div>
  </body>
</html>
