﻿<?xml version="1.0"?>
<html>
  <head>
    <meta http-equiv="Content-Type" content="text/html; charset=utf-8" />
    <title>Liittoutuneiden Suura</title>
  </head>
  <body>
    <h1>
    <span>33</span>Liittoutuneiden suura</h1>
    <div class="johdanto">
      <h2>JOHDANTO:</h2>
      <p>KOLMASKYMMENES KOLMAS SUURA: Liittoutuneet (Al-Ahzaab) Ilmoitettu Medinassa (73 jaetta )</p>
      <p>Al-Ahzaab,»Liittoutuneet», saa nimensä yhtyneitten heimojen sotajoukosta, joka marssi Jasripia (Medinaa) vastaan Hedzran 5:ntenä vuonna (jakeet 9-25). Näistä tapauksista on tehty selvää Johdannossa, ss. 19-20.</p>
      <p>Jakeessa 37 viitataan Zeidin, profeetan entisen orjan ja ottopojan, ja Zeinabin, profeetan serkun, ylpeän kureishilaisen naisen, onnettomaan avioliittoon, jonka tarkoituksena oli ollut murtaa vanhat, ylpeät luokkarajat, kiinnittämättä lainkaan huomiota Zeinabin tunteisiin. Perimätieto kertoo, että sekä Zeinab että hänen veljensä olivat olleet avioliittoa vastaan ja että Zeinab oli aina halunnut mennä naimisiin profeetan itsensä kanssa. Zeidille avioliitto muodostui tukalaksi ja nöyryyttäväksi. Kun profeetan huomiota kiinnitettiin heidän onnettomuuteensa, hän kehoitti Zeidiä olemaan eroamatta vaimostaan, koska hän pelkäsi asian aiheuttamia puheita, jos tulisi tunnetuksi, että hänen järjestämänsä avioliitto oli epäonnistunut. Vihdoin Zeid kuitenkin erosi Zeinabista ja profeetta määrättiin naimaan Zeinab tehdäkseen omalla esimerkillään tyhjäksi pakanallisten arabialaisten taikauskoisen tavan tällaisissa tapauksissa suhtautua ottopoikiinsa niinkuin omiin poikiinsa, mikä oli Jumalan lain vastaista (s.o. luoonlain vastaista). Toisaalta tuli avioliittoa järjestettäessä ottaa naisen mieltymys huomioon. Onneton avioliitto ei kuulunut Jumalan määräyksiin eikä sitä islaamin mukaan ole pidettävä pyhänä.</p>
      <p>Suura sisältää lisäksi viittauksia profeetan vaimoihin, minkä yhteydessä voidaan mainita, että hänellä 25-30-vuotiaana oli vain yksi vaimo, Khadidza, 15 vuotta häntä vanhempi, johon hän oli hartaasti kiintynyt ja jonka hän säilytti rakkaassa muistossa kuolemaansa saakka. Paitsi Ajeshaa, Profeetan lähimmän ystävän Abu Bekrin tytärtä, jonka hän nai hänen isänsä pyynnöstä tyttären ollessa vielä lapsi, kaikki hänen myöhemmät avioliittonsa olivat leskien kanssa, joiden asema syystä tai toisesta oli säälittävä. Jotkut heistä olivat sodassa kaatuneiden miesten leskiä. Yksi heistä oli vanki, ja tällöin Muhammed teki avioliitosta keinon koko voitetun heimon vapauttamiseksi ja sen omaisuuden palauttamiseksi. Kaksi oli hänen vihollistensa tyttäriä, ja hänen liitostaan heidän kanssaan tuli rauhan peruste. On merkillepantavaa, että näiden avioliittojen kausi oli myöskin hänen tarmokkaimman toimintansa kautta, jolloin hänellä oli sotaretkiensä tähden perin vähän lepoa ja alati paljon työtä kasvavan valtakuntansa järjestämisessä.</p>
      <p>Tämä suura on ilmoitettu Hedzran viidennen ja seitsemännen vuoden lopun välillä.</p>
    </div>
    <div class="sura">
      <h2>Aloitan JUMALAN, laupiaan Armahtajan, nimeen.</h2>
      <p>
      <span>1</span>Oi Profeetta, täytä tarkoin velvollisuutesi Jumalaa kohtaan äläkä mukaudu uskottomien ja tekopyhien toivomuksiin; onhan Jumala totisesti tietävä, viisas;</p>
      <p>
      <span>2</span>ja noudata Herralta saamiasi ilmoituksia; Jumala totisesti tietää tekosi;</p>
      <p>
      <span>3</span>sekä luota Jumalaan, Jumalan suojelus on täysin riittävä.</p>
      <p>
      <span>4</span>Jumala ei ole pannut kenenkään luomansa ihmisen rintaan kahta sydäntä eikä Hän ole luonut vaimojanne yhtäläisiksi äitienne kanssa, vaikkakin te hylkäätte vaimojanne vertaamalla äiteihinne; ei Hän liioin ole tehnyt todellisia poikianne niistä, jotka olette pojiksenne ottaneet - senhän teette vain suunne sanoilla, jota vastoin Jumala (luomistöissään) puhuu totta ja ohjaa oikeaan.</p>
      <p>
      <span>5</span>Vahvista (poikien) luonnollisia sukulaisuussuhteita isiinsä, sillä se on otollisempaa Jumalalle, mutta jos et tunne heidän oikeita isiään, pidä heitä uskonveljinä ja ystävinä; ei lueta syyksenne, jos te näissä asioissa erehdytte, paitsi milloin tahallanne niin teette; sillä Jumala on anteeksiantava, laupias.</p>
      <p>
      <span>6</span>Profeetta on uskovaisia lähempänä kuin nämä ovat toisiansa, ja profeetan vaimot ovat kuin äidit heille. Jumalan säädökset myöntävät luonnollisille sukulaisille paremman perimisoikeuden omaisten suhteen kuin uskonveljille tahi kodeistaan paenneille; kuitenkin voitte jättää perintöosuuksia ystävillennekin - näin on sanottu Pyhässä Kirjassa.</p>
      <p>
      <span>7</span>Aikoinaan Me olemme tehnyt liiton entisten profeettain samoin kuin sinun kanssasi, Nooan, Abrahamin, Mooseksen ja Jeesuksen - Marian pojan - kanssa. Se oli luja liittosopimus.</p>
      <p>
      <span>8</span>Jotta Jumala sen perusteella voisi tutkia rehellisten totuutta; Hän on valmistanut epäuskoisille tuskallisen kurituksen.</p>
      <p>
      <span>9</span>Te, jotka uskotte, muistelkaa Jumalan suosiota teitä kohtaan, silloin kun vihollisjoukot hyökkäsivät päällenne ja Me niitä vastaan lähetimme tuiman tuulen ja (enkelien) joukot, joita ette nähneet: Jumala tietää, mitä teille tapahtuu.</p>
      <p>
      <span>10</span>Vihollisenne hyökkäsivät kimppuunne ylängöltä ja laaksosta, ja teiltä silmät samenivat, sydän nousi kurkkuun ja te aioitte ajatella kaikenlaista Jumalasta.</p>
      <p>
      <span>11</span>Silloin koetettiin uskovaisia ankaralla koettelemuksella.</p>
      <p>
      <span>12</span>Tekopyhät ja heikkosydämiset alkoivat parjata: »Jumala ja Hänen sananjulistajansa lupailivat meille (voittoa) vain pettääkseen meitä.»</p>
      <p>
      <span>l3</span>Eräät heistä sanoivat: »Jasripin kansa, tämä ei ole teidän paikkanne (taistellaksenne), vaan palatkaa koteihinne!» Ja osa heistä pyysi profeetalta lupaa sanoen: »Varmasti meidän kotimme ovat vaarassa», vaikka ne eivät olleet vaarassa, - he vain halusivat paeta pois.</p>
      <p>
      <span>14</span>Mutta jos muslimien viholliset olisivat tulleet muulla tavoin (kaupunkiin) ja kehoittaneet näitä yhtymään heidän sotajuoneensa, nämä olisivat varmasti sen tehneet, jopa seuranneet heitä ulos kaupungistakin.</p>
      <p>
      <span>15</span>Ja kuitenkin he olivat aikaisemmin antaneet Jumalalle lupauksen, etteivät käänny pakoon; ja heidän on vastattava lupauksestaan Jumalalle.</p>
      <p>
      <span>16</span>Sano: »Ei teille ole hyötyä siitä, että yritätte paeta kuolemaa ja taistelua, sillä joka tapauksessa annetaan teille vain vähän armonaikaa.»</p>
      <p>
      <span>17</span>Sano: »Kenet löydätte, joka estäisi Jumalan teille pahaakin tekemästä, jos Hän niin tahtoisi, mutta Hänhän tarkoittaa teille hyvää.» Eivät he löydä itselleen ketään suojelijaa eivätkä auttajaa paitsi Jumalan.</p>
      <p>
      <span>18</span>Totisesti, Jumala tuntee ne keskuudestanne, jotka estelevät muita ja jotka sanovat veljilleen: »Liittykää meihin!» Tällaiset eivät tule taistelutovereiksemme kuin näön vuoksi,</p>
      <p>
      <span>19</span>ollen kaikessa kitsaita muslimeja kohtaan; mutta kun kauhun aika tulee, saatte nähdä, miten he teihin tuijottavat ja heidän silmänsä pyörivät kuin kuoleman kielissä olevien; ja kun vaara on ohi, he soimaavat teitä terävällä kielellään ja kitsastelevat kaikessa, mitä heiltä riittäisi. Nämä eivät usko, ja siksi on Jumala tehnyt tyhjäksi heidän tekonsa, sillä se on helppoa Jumalalle.</p>
      <p>
      <span>20</span>He eivät uskoneet vihollisten tulevan, ja jos nämä tulisivat, he mieluummin asuisivat erämaan arabialaisten tykönä, ja jos he sattuisivat olemaan teidän keskuudessanne, he eivät taistelisi kuin vähän, näön vuoksi.</p>
      <p>
      <span>21</span>Jumalan sananjulistaja on teille todella erinomainen esikuva, jokaiselle, joka luottaa Jumalaan, uskoo viimeiseen päivään ja alinomaa muistelee Jumalaa.</p>
      <p>
      <span>22</span>Kun uskovaiset näkivät liittoutuneet, he sanoivat: »Nyt tapahtuu se, mitä Jumala ja hänen sananjulistajansa meille ennustivat; Jumala ja Hänen sananjulistajansa ovat puhuneet totta.» Ja tämä vain vahvisti heidän uskoaan ja kuuliaisuuttaan.</p>
      <p>
      <span>23</span>Oikeauskoisia ovat ne, jotka ovat uskollisia liitolleen Jumalan kanssa; samoin ne, jotka pitävät lupauksensa, ja ne, jotka odottavat Jumalan lupausten täyttymistä; nämä eivät ole muuttuneet;</p>
      <p>
      <span>24</span>Jumala voi palkita totuudellisia heidän totuudestaan ja kurittaa teeskentelijöitä mielensä mukaan tahi kääntyä heidän puoleensa laupeudessaan; sillä Jumala on anteeksiantava, laupias.</p>
      <p>
      <span>25</span>Jumala torjui uskottomien raivoisan hyökkäyksen; he eivät voittaneet mitään, ja Jumala oli oikeauskoisten suojana taistelussa, sillä Hän on väkevä ja mahtava.</p>
      <p>
      <span>26</span>Hän masensi nekin, jotka olivat saaneet kirjoituksen, ja kylvi kauhua heidän sydämiinsä; osan heistä te tapoitte ja loput otitte vangiksi.</p>
      <p>
      <span>27</span>Ja Hän antoi teille perinnöksi heidän maansa, asumuksensa, omaisuutensa ja nekin alueet, joihin jalkanne eivät vielä ole astuneet, sillä Jumalalla on valta yli kaiken.</p>
      <p>
      <span>28</span>Profeetta, sano vaimoillesi: »Jos te halajatte tämän maailman menoa ja koreutta, niin tulkaa, minä mittaan teille elatusvaroja ja lähetän teidät kuten tapa vaatii,</p>
      <p>
      <span>29</span>mutta jos te ikävöitte Jumalaa, Hänen sananjulistajaansa ja viimeisen päivän asumuksia, on Jumala totisesti valmistanut runsaan palkinnon niille te'istä, jotka hyvää tekevät.</p>
      <p>
      <span>30</span>Te Profeetan vaimot! Ken ikinä teistä julkeasti loukkaa säädyllisyyttä, hänen rangaistuksensa on oleva kaksinkertainen, sillä se on helppo asia Jumalalle.</p>
      <p>
      <span>31</span>Mutta ne teistä, jotka ovat kuuliaisia Jumalalle ja Hänen sananjulistajalleen sekä tekevät hyvää, saavat Meiltä kahdenkertaisen palkan; Me olemme valmistanut heille ihanan osan.</p>
      <p>
      <span>32</span>Profeetan vaimot! Te ette ole muiden naisten kaltaisia: jos otatte asemastanne vaarin, älköön puheenne olko hempeätä, jottei se olisi kenellekään kiusaukseksi, vaan käyttäkää sopivaa puhetta.</p>
      <p>
      <span>33</span>Ja pysytelkää asunnoissanne älkääkä somistako itseänne entisen pimeyden ajan koruilla; harjoittakaa hartautta, antakaa almuja ja totelkaa Jumalaa sekä hänen sananjulistajaansa. Jumala vain tahtoo poistaa teistä kaiken saastan, te Profeetan perhekunta, ja puhdistaa teidät sisimpäänne asti.</p>
      <p>
      <span>34</span>Ja pitäkää mielessänne Jumalan ilmoitukset ja viisaus, jota teille on kodeissanne julkiluettu; Jumala on totisesti tarkkanäköinen, kaikkitietävä.</p>
      <p>
      <span>35</span>Jumala on valmistanut anteeksiannon ja runsaan palkan kaikille (Islaamiin) alistuville miehille ja naisille, uskoville miehille ja naisille, kuuliaisille miehille ja naisille, totuudellisille miehille ja naisille, kärsiville miehille ja naisille, sävyisille miehille ja naisille, almuja antaville miehille ja naisille, paastoaville miehille ja naisille, siveille miehille ja naisille, miehille ja naisille, jotka alinomaa Jumalaa muistavat.</p>
      <p>
      <span>36</span>Ei ole oikeauskoisella miehellä eikä naisella valinnan varaa sellaisessa asiassa, jonka Jumala ja hänen sananjulistajansa ovat jo ratkaisseet ; kuka ikinä on tottelematon Jumalalle ja Hänen sananjulistajalleen, hän ilmeisesti kulkee harhaan.</p>
      <p>
      <span>37</span>Hänelle (Zaidille), joka oli Jumalan ja sinun omassa suosiossasi, sinä sanoit: »Pidä vaimosi luonasi ja noudata tarkoin velvollisuuksiasi Jumalaa kohtaan!» Ja sinä salasit sydämeesi sen, minkä Jumala sitten toi valoon , ja sinä pelkäsit ihmisten mielipidettä, vaikka Jumalalla oli parempi oikeus vaatia, että sinä Häntä pelkäisit. Mutta kun Zaidilta oli mennyt kaikki halu elää hänen kanssaan, Me annoimme hänet sinulle vaimoksi, jotta uskovaisille ei olisi synniksi ottaa aviokseen ottopoikiensa vaimoja, joihin nämä ovat kyllästyneet; sillä Jumalan säädöstä on noudatettava.</p>
      <p>
      <span>38</span>Eikä voi olla siinä vääryyttä, että Profeetta menettelee niin kuin Jumala on käskenyt; näin Jumala suhtautui entisiinkin Profeettoihin, Jumalan käsky on ehdoton säädös.</p>
      <p>
      <span>39</span>Jumala pitää huolen niistä, jotka julistavat Hänen käskyjään, pelkäävät Häntä, mutta eivät pelkää ketään muita kuin Jumalaa.</p>
      <p>
      <span>40</span>Muhammed ei ole kenenkään miehenne isä, vaan Hän on Jumalan sananjulistaja ja profeetoista viimeinen, heidän sinettinsä. Jumala on kaikkitietävä.</p>
      <p>
      <span>41</span>Te, jotka uskotte, muistakaa Jumalaa, muistelkaa Häntä alinomaa</p>
      <p>
      <span>42</span>ja ylistäkää Häntä aamuin illoin!</p>
      <p>
      <span>43</span>Hän lähettää teille siunauksensa, ja samoin tekevät Hänen enkelinsä, jotta Hän voisi ohjata teidät pimeydestä valoon; Hän on laupias uskovaisille.</p>
      <p>
      <span>44</span>Sinä päivänä, jolloin he kohtaavat Hänet, he tervehtivät häntä sanalla: »Rauha!» ja Hän on valmistanut heille ihanan palkinnon.</p>
      <p>
      <span>45</span>Profeetta, Me olemme totisesti lähettänyt sinut todistajaksi, hyvän sanoman tuojaksi ja varoittajaksi</p>
      <p>
      <span>46</span>kutsumaan Jumalan luo Hänen luvallaan ja olemaan palavana soihtuna.</p>
      <p>
      <span>47</span>Sinun on julistettava uskovaisille hyvää sanomaa, että heitä odottaa suuri armo Jumalan luona.</p>
      <p>
      <span>48</span>Älä sopeudu uskottomien ja tekopyhien kanssa, jätä huomiotta heidän väärämielisyytensä, luota yksin Jumalaan, jonka voima riittää suojelemaan sinua.</p>
      <p>
      <span>49</span>Uskovaiset, kun otatte itsellenne uskovaisia vaimoja ja sitten eroatte heistä ryhtymättä heihin, niin teidän ei heidän suhteensa tarvitse noudattaa määräaikaa, vaan luovuttakaa heille elatusvaroja ja erotkaa heistä kuten tapa vaatii.</p>
      <p>
      <span>50</span>Profeetta, Me olemme totisesti vahvistanut sinun laillisiksi vaimoiksesi kaikki ne, joille olet myöntänyt lesken osuudet, sekä ne, jotka omistat Jumalan antamina orjattarina sotasaaliista, sekä setäsi tyttäret ja isäsi sisaren tyttäret, myöskin enosi tyttäret ja äitisi sisarten tyttäret, jotka kanssani pakenivat vainottuina uskonnon vuoksi; samoin on laillinen vaimosi sellainen uskovainen nainen, joka pyrkii avioliittoon kanssasi, mikäli suostut naimaan hänet. Nämä säädökset ovat nimenomaan sinua, mutta eivät muita uskovaisia varten; me tiedämme hyvin, mitä olemme heille säätänyt vaimoista ja orjattarista. Älköön siis mikään parjaus sinuun koskeko; Jumala on anteeksiantava, laupias.</p>
      <p>
      <span>51</span>Sinä saat syrjäyttää heistä kenet tahdot ja lähestyä ketä suvaitset, jopa niitäkin, joita aikaisemmin olet vieronut, eikä siitä kenelläkään ole sanottavaa; tämä kohtelu on sopivinta, jotta eivät heidän silmänsä kostuisi eivätkä he murehtisi, ja jotta he kaikki tyytyisivät siihen, mitä tahdot heille suoda. Jumala tietää, mitä on sydämissänne, sillä Jumala on tietävä, pitkämielinen.</p>
      <p>
      <span>52</span>Tämän jälkeen sinun ei ole sallittu ottaa itsellesi naisia eikä vaihtaa vaimojasi uusiin, vaikka näiden kauneus sinua miellyttäisi, vaan sinun on tyydyttävä laillisiin vaimoihisi; Jumala pitää kaikesta vaarin.</p>
      <p>
      <span>53</span>Uskovaiset, ellei lupaa ole annettu, älkää käykö Profeetan taloon aterialle, älkääkä odotelko hänen ruokansa valmistumista, mutta jos teidät on kutsuttu, käykää sisään ja aterioituanne hajaantukaa, pyrkimättä liikaan tuttavallisuuteen. Tämä kaikki vaivaa Profeettaa; häntä ujostuttaa sanoa sitä teille, mutta Jumala ei teitä jätä vaille totuutta. Ja kun yleensä heiltä jotakin pyydätte, tehkää se telttaverhon ulkopuolelta. Tämä on soveliain käyttäytyminen teidän ja heidän sydämensä vuoksi. Ei teidän sovi häiritä Jumalan sananjulistajaa eikä liioin koskaan ottaa hänen entisiä vaimojaan avioksi, sillä se on totisesti viheliäistä Jumalan silmissä.</p>
      <p>
      <span>54</span>Jumala näkee kaikki, mitä teette julkisesti tai salassa.</p>
      <p>
      <span>55</span>Profeetan vaimoja kohtaan ei ole moittimisoikeutta heidän isillään eikä pojillaan enempää kuin heidän veljillään, veljiensä pojilla, sisartensa pojilla, vielä vähemmän heidän heimonsa naisilla tai orjattarilla. Tästä Jumalan määräyksestä on pidettävä vaari, sillä Jumala kelpaa kaiken todistajaksi.</p>
      <p>
      <span>56</span>Totisesti Jumala ja Hänen enkelinsä siunaavat Profeettaa; uskovaiset, rukoilkaa (Jumalan) siunausta hänelle ja tervehtikää häntä arvonsa mukaisesti.</p>
      <p>
      <span>57</span>Ne, jotka puhuvat pahaa Jumalasta ja Hänen sananjulistajastaan, Jumala on kironnut tässä maailmassa ja tulevassa elämässä sekä valmistanut heille häpeällisen rangaistuksen.</p>
      <p>
      <span>58</span>Ne, jotka aiheettomasti puhuvat pahaa uskovista miehistä ja uskovista naisista, ovat vikapäitä panetteluun ja julkeaan syntiin.</p>
      <p>
      <span>59</span>Profeetta, sano vaimoillesi ja tyttärillesi ja uskovaisille naisille, että heidän tulee hunnuttaa kasvonsa; näin on sopivinta, jotta heidät kunniallisiksi naisiksi huomataan, niin ettei heitä tunkeilevasti lähestytä; Jumala on kaikessa viisas ja laupias.</p>
      <p>
      <span>60</span>Jos teeskentelijät, sydämessään vilpilliset ja kaupungin yllyttäjät eivät lakkaa pahuutta levittämästä, Me totisesti annamme sinulle vallan heidän suhteensa, niin etteivät he kauankaan saa olla naapureinasi kaupungissa;</p>
      <p>
      <span>61</span>sellaiset joutuvat maanpakoon, ja missä ikinä heidät tavataan, heidät pidätetään ja armotta tapetaan.</p>
      <p>
      <span>62</span>Näin on Jumala menetellyt ennen muinoin, etkä tule havaitsemaan Hänen tapojensa muuttuneen.</p>
      <p>
      <span>63</span>Ihmiset kysyvät sinulta, milloin tämä tapahtuu; sano: »Vain Jumala tietää ajan.» Miten saisin teidät tajuamaan, että hetki voi olla lähellä?</p>
      <p>
      <span>64</span>Totisesti Jumala on kironnut uskottomat ja valmistanut heille polttavan tulen,</p>
      <p>
      <span>65</span>jossa heidän tuskansa kestävät eivätkä he löydä ketään suojelijaa eivätkä auttajaa.</p>
      <p>
      <span>66</span>Sinä päivänä, jolloin heidän kasvonsa painetaan tuleen, he voihkivat: »Voi, jospa olisimme totelleet Jumalaa ja sananjulistajaa!»</p>
      <p>
      <span>67</span>Ja he sanovat: »Herra, mehän olimme kuuliaisia johtajillemme ja suurmiehillemme, ja nämä johtivat meidät harhaan oikealta tieltä.</p>
      <p>
      <span>68</span>Herra, määrää heille kahdenkertainen rangaistus ja anna kauhean kirouksen kohdata heitä!»</p>
      <p>
      <span>69</span>Uskovaiset, älkää olko niiden kaltaisia, jotka puhuivat pahaa Mooseksesta. Mutta Jumala puhdisti hänet heidän parjauksistaan, koska hän oli Jumalalle otollinen.</p>
      <p>
      <span>70</span>Uskovaiset, täyttäkää tarkoin velvollisuutenne Jumalaa kohtaan ja puhukaa totuuden sanoja,</p>
      <p>
      <span>71</span>jotta hän sallisi töidenne onnistua ja antaisi anteeksi hairahduksenne; jokainen, joka tottelee Jumalaa ja Hänen sananjulistajaansa, saavuttaa varmasti suuren onnen.</p>
      <p>
      <span>72</span>Totisesti, Me panimme luottamuksemme taivaisiin ja maahan ja vuoriin, eivätkä ne pettäneet sitä, vaan pelolla sitä toteuttavat, mutta ihminen ei ole osoittautunut sen arvoiseksi, vaan on uskottomuudessaan typerä väärintekijä,</p>
      <p>
      <span>73</span>joten Jumala on rankaiseva ulkokultaisia miehiä ja naisia, monijumalaisia miehiä ja naisia, mutta Jumala kääntyy laupeudessaan oikeauskoisiin miehiin ja naisiin, sillä Jumala on anteeksiantava, laupias.</p>
    </div>
  </body>
</html>
