﻿<?xml version="1.0"?>
<html>
  <head>
    <meta http-equiv="Content-Type" content="text/html; charset=utf-8" />
    <title>Saban Suura</title>
  </head>
  <body>
    <h1>
    <span>34</span>Saban suura</h1>
    <div class="johdanto">
      <h2>JOHDANTO:</h2>
      <p>KOLMASKYMMENES NELJÄS SUURA: Saba (As-saba) Ilmoitettu Mekassa (54 jaetta )</p>
      <p>Saba saa nimensä jakeesta 15, jossa mainitaan Jemenissä sijaitsevan Saban seudun, joutuneen tulvan tuhoamaksi. Se varoittaa ylellisen elämän seurauksista.</p>
      <p>Kuuluu Mekassa ilmoitettujen suurain varhaiseen ryhmään.</p>
    </div>
    <div class="sura">
      <h2>Aloitan JUMALAN, laupiaan Armahtajan, nimeen.</h2>
      <p>
      <span>1</span>Ylistys ja kunnia Jumalalle, jolle kuuluu kaikki, mitä taivaissa ja maassa on; Hänelle kuuluu tulevienkin aikojen ylistys, sillä Hän on viisas, kaikkitietävä.</p>
      <p>
      <span>2</span>Hän tuntee kaiken, mikä joutuu maan uumeniin ja mikä maasta esille nousee, kaiken, mikä tulee taivaista tai sinne nousee; Hän on laupias, anteeksiantava.</p>
      <p>
      <span>3</span>Epäuskoiset sanovat: »Ei se (tuomion) hetki meille tule.» Sano: »Kyllä! Kautta Herrani, joka tuntee silmiltä salatut, teille varmasti koittaa (tuomionpäivä).» Ei taivaassa eikä maassa ole mitään Hänen valtansa ulkopuolella, ei hivenenkään verran eikä sitä vähemmän tahi enemmän, vaan kaikki on selvästi (Jumalan) kirjoissa,</p>
      <p>
      <span>4</span>joten Hän osaa palkita niitä, jotka uskovat ja hyvää harjoittavat: näille kuuluu anteeksiantamus ja ihana osa.</p>
      <p>
      <span>5</span>Mutta niitä, jotka koettavat halventaa Meidän ilmoituksiamme, odottaa tuskallinen ja ankara rangaistus.</p>
      <p>
      <span>6</span>Kyllä ne, jotka ovat saaneet Herrasi sinulle lähettämät ilmoitukset, tajuavat, että niissä on totuus, joka ohjaa kaikkivaltiaan, ylistetyn tielle.</p>
      <p>
      <span>7</span>Kieltäjät sanovat: »Näytämmekö sinulle miehen, joka sinulle sanoo, että sinun tomusi tyystin hajalle saatetaan ja että sinut sitten varmasti kootaan ja herätetään uudesti luotuna.</p>
      <p>
      <span>8</span>Hän on sepittänyt valheen Jumalasta tai hän on järjiltään.», Mutta ne, jotka eivät usko tulevaan elämään, saavat rangaistuksen ja ovat suuressa harhassa.</p>
      <p>
      <span>9</span>Eivätkö he ota vaaria maallisista ja taivaallisista, niistä, jotka ovat heillä edessään, tai menneistä ajoista heidän takanaan? Jos Me vain tahdomme, saamme maan nielemään heidät tai taivaan syöksymään heidän päällensä.</p>
      <p>
      <span>10</span>Daavidin Me ylensimme korkealle: »Kaiuttakaa, vuoret, ja te, linnut, hänen kiitostaan ja ylistystään!» ja Me panimme raudan taipumaan hänen takojainsa käsissä,</p>
      <p>
      <span>11</span>sanoen: »Valmistuta runsaasti haarniskoja ja liitä niiden renkaat tarkasti yhteen. Harjoita myös hyväntekeväisyyttä. Minä tarkkaan ja näen, mitä sinä teet.»</p>
      <p>
      <span>12</span>Ja Me teimme tuulen Salomolle alamaiseksi, niin että hänen purjelaivansa yhdessä aamussa kiitivät kuukauden kestävän maamatkan ja illassa niinikään kuukauden taipaleen; ja minkä paljouden sulaa vaskea Me annoimme hänelle! Henkiolennot hänelle töitä suorittivat hänen Herransa käskystä, ja ken ikinä heistä ei Meidän käskyjämme noudattanut, häntä kuritimme polttavalla tulella.</p>
      <p>
      <span>13</span>Ne valmistivat hänelle kaikkea, mitä hän toivoi: linnoituksia, kuvapatsaita, avaria maljoja kuin vesialtaat ja keittopatoja, joita ei paikoiltaan siirretä. Daavidin suvun jäsenet, teillä on syytä kiittää! Ja kuitenkin niin harvat palvelijoistani ovat kiitollisia.</p>
      <p>
      <span>14</span>Mutta kun Me päätimme, että hänen oli kuoltava, tuli tämä heille siten tiedoksi, että Salomon maallisiin kiintynyt perillinen saattoi valtakunnan hajoamistilaan; ja kun se luhistui, dzinnit havaitsivat, että jos he olisivat olleet näkymättömistä asioista perillä, ei heidän olisi tarvinnut ikeen alla tuskitella.</p>
      <p>
      <span>15</span>Saban kaupunki tunnettiin siitä merkistä, että puistot sijaitsivat sen kahden puolen; ei heidän tarvinnut kuin syödä Herranne antimia ja palkita Häntä kiitoksena, niin hyvä oli heidän maansa ja niin laupias oli heille Herra!</p>
      <p>
      <span>16</span>Mutta sitten seurasi heidän luopumuksensa, ja Me syöksimme heidän ylitsensä tulvan, jonka voimaa he eivät voineet vastustaa. Heidän kahden puistonsa tilalle Me jätimme heille kaksi, joissa kasvoi vain karvaita hedelmiä tamariskipuiden ja muutaman 1ootuksen lisäksi.</p>
      <p>
      <span>17</span>Näin teimme Me heille heidän epäuskonsa tähden, emmekä Me rankaise muita kuin kiittämättömiä.</p>
      <p>
      <span>18</span>Ja heidän kaupunkinsa sekä siunaamiemme kaupunkien välimaille annoimme Me nousta muita kaupunkeja niin tiheään, että toisesta saattoi helposti nähdä toisen, ja näin paloittelimme Me välimatkatkin, että he saattoivat turvallisesti tehdä taivalta, olipa yö tai päivä.</p>
      <p>
      <span>19</span>Mutta he alkoivat pyytää: »Herra, tee etäisemmiksi meidän välimatkamme!» Omaksi vahingokseen he näin menettelivät. Ja Me laskimme heidät harhateille ja hajoitimme heidät tyysti hajalleen. Tämän pitäisi riittämän tunnusmerkiksi kaikille kärsivällisille ja kiitollisille.</p>
      <p>
      <span>20</span>Totisesti perkele osasi voittaa heidät juonillaan: häntä he seuraavat kaikki, paitsi oikeauskoisten ryhmä.</p>
      <p>
      <span>21</span>Ei hänellä kuitenkaan ole valtaa heihin, vaan tämä tapahtuu siksi, että Me erottaisimme jokaisen, joka uskoo tulevaan elämään, toisesta, joka epäilee tätä totuutta, onhan Herrasi kaiken kaitsija.</p>
      <p>
      <span>22</span>Sano: »Huutakaa nyt avuksenne niitä jumalia, joita te Jumalan veroisina palvelette; eihän niillä ole vähäisintäkään valtaa taivaassa eikä maan päällä, ei kuulu niille mitään osuutta kumpaankaan, eikä kukaan niistä pysty Häntä tukemaan.</p>
      <p>
      <span>23</span>Eikä Hänen edessään kenenkään väliintulo merkitse mitään, paitsi sen, jonka Hän otolliseksi katsoo. Kun pelko heidän sydämistään poistetaan, he kyselevät: »Mitä kaikkea Herrasi on puhunut?» Ja he päättelevät: »Hän sanoi totuuden.» Hänhän on korkein ja ääretön.</p>
      <p>
      <span>24</span>Kysy: »Ken suo teille elatuksen taivaasta ja maasta käsin?» Sano: »Jumala. Eikä totisesti voi muuta päätellä, kuin että joko me olemme oikealla tiellä ja te ilmeisessä harhassa tahi päinvastoin.»</p>
      <p>
      <span>25</span>Sano: »Ei teitä panna vastaamaan meidän rikromuksistamme, eikä liioin meiltä tiliä vaadita teidän teoistanne.»</p>
      <p>
      <span>26</span>Sano: »Meidän Herramme on kokoava kaikki yhteen, ja silloin on Hän totuudessa antava tuomion meille; sillä Hän on tuomareista suurin, kaikkitietävä.»</p>
      <p>
      <span>27</span>Sano: »Näyttäkää minulle ne, joita olette Hänen veroisikseen kuvitelleet.» Ei, Hän yksin on Jumala, mahtava, viisas.</p>
      <p>
      <span>28</span>Sinutkin Me lähetimme kaikkien ihmisten tykö vain hyvän sanoman julistajana ja varoittajana, mutta sitä ei enin osa heistä ymmärrä.</p>
      <p>
      <span>29</span>Ja he tiukkaavat: »Koska siis täyttyy se, mitä uhkaat, jos totuutta ennustat.»</p>
      <p>
      <span>30</span>Sano: »Täyttymyksen päivä on teille määrätty, ette saata sitä vähääkään viivyttää ettekä jouduttaa.»</p>
      <p>
      <span>31</span>Epäuskoiset sanovat: »Emmehän mitenkään voi uskoa tuohon Koraaniin emmekä aikaisempiin ilmoituksiin.» Mutta jospa näkisit, kun väärintekijät pannaan seisomaan Herransa edessä. He vaihtavat silloin sanoja keskenään, ja ne, joita halpoina pidettiin, sanovat ylpeille: »Teidän tähtenne ei meistä uskovaisia tullut.»</p>
      <p>
      <span>32</span>Ylpeät taasen vastaavat halveksituille: »Mekö muka teidät pakotimme pois johdatuksesta sen jälkeen kuin se teille tarjottiin? Te itse syypäät olette.»</p>
      <p>
      <span>33</span>Mutta halveksitut inttävät ylpeille: »Yötä päivää te juonia punoitte, silloin kun meitä kehoititte epäilemään Jumalaa ja palvelemaan muita Hänen veroisinaan.» Ja he ilmaisevat katumuksensa, kun saavat nähdä, mikä rangaistus heitä odottaa, ja Me panemme kahleet epäuskoisten kaulaan eikä heille makseta muuta kuin tekojensa mukaan.</p>
      <p>
      <span>34</span>Koska ikinä Me lähetimme varoittajan johonkin kaupunkiin, niin suruttomasti siinä eläneet jo julistivat: »Emme todellakaan usko sanomaan, jonka sanot tuovasi.»</p>
      <p>
      <span>35</span>Ja he lisäävät: »Onhan meillä enemmän lapsia ja rikkautta, eikä meitä rangaista.»</p>
      <p>
      <span>36</span>Sano: »Herrani antaa elämän runsauden kenelle suvaitsee ja myös supistaa sen keneltä tahtoo, mutta useimmat ihmisistä eivät sitä ymmärrä.»</p>
      <p>
      <span>37</span>Ei rikkautenne eikä jälkeläistenne runsaus kohota teitä Meidän läheisyyteemme, mutta niille, jotka uskovat ja hyvää tekevät, on kaksinkertainen palkka teoistaan, ja heidän ovat ylhäiset asunnot.</p>
      <p>
      <span>38</span>Mutta ne, jotka yrittävät vastustella Meidän ilmoituksiamme, saatetaan kurituksen alaisiksi.</p>
      <p>
      <span>39</span>Sano: »Totisesti, Herrani antaa elämän runsauden otollisille palvelijoilleen ja tekee olot ahtaiksi kenelle suvaitsee; mitä uhraattekin, sen Hän teille palkitsee, sillä Hän on paras huoltaja.»</p>
      <p>
      <span>40</span>Ja päivänä, jolloin Hän heidät kaikki yhteen kokoaa, kysyy Hän enkeleiltä: »Palvelivatko nämä teitä?»</p>
      <p>
      <span>41</span>Ja ne sanovat: »Ylistys yksin Sinulle! Sinä olet meidän suojelijamme eivätkä he. He palvelivat peikkoja, joihin useimmat heistä uskoivat.»</p>
      <p>
      <span>42</span>Sinä päivänä ei yksikään teistä kykene toiselleen tuottamaan hyötyä eikä vahinkoa, ja väärintekijöille Me sanomme: »Maistakaa sen saman tulen tuskaa, joka teistä oli vain joutavaa puhetta.»</p>
      <p>
      <span>43</span>Ja kun Meidän selvät merkkimme heille ilmoitetaan, he sanovat: »Tämä on ihminen, joka pyrkii vierottamaan teidät siitä. mitä esi~isänne palvelivat.» Ja he lisäävät: »Hän puhuu keksittyjä valheita.» Ja totuudestakin, jota heille tarjotaan, sanovat epäuskoiset: »Tämähän on ilmeistä taikuutta.»</p>
      <p>
      <span>44</span>Sillä me emme ole heille yhtään kirjoitusta luettavaksi antanut, emmekä ketään varoittajaa ennen sinua lähettänyt.</p>
      <p>
      <span>45</span>Ennen heitä eläneet hylkäsivät totuuden, ja nämä profeettaa vastustavat kureishit eivät ole saaneet edes kymmenettä osaa siitä, jonka Me heidän edeltäjilleen annoimme. Ja sittenkin, millainen olikaan Minun närkästykseni, kun he sananjulistajiamme petkuttajiksi väittivät.</p>
      <p>
      <span>46</span>Sano: »Minä kehoitan teitä vain siihen ainoaan, että Jumalan tähden valveutuisitte ja joko parittain tai kukin yksinänne tulisitte Jumalan eteen ja tunnustaisitte, että heimolaisenne ei ole mielipuoli; hän on vain teidän varoittajanne ennen ankaraa rangaistusta.»</p>
      <p>
      <span>47</span>Sano: »Mitä palkkiota olen teiltä pyytänyt muuta kuin omaksi parhaaksenne, sillä minulle riittää palkkani Jumalan tykönä; Hän on kaiken todistaja.»</p>
      <p>
      <span>48</span>Sano: »Herrani saattaa julki totuuden, Hän on näkymättömien paras tietäjä.»</p>
      <p>
      <span>49</span>Totuus on tullut voimaan ja valhe häipyy eikä enää palaa.</p>
      <p>
      <span>50</span>Sano: »Jos jossakin suhteessa erehdyn, kärsii erehdyksestäni vain oma sieluni, ja jos oikeaan suuntaan toimin, on minun siitä kiitettävä Herrani ilmoituksia, sillä Hän on totisesti kuuleva ja läsnä oleva.»</p>
      <p>
      <span>51</span>Jospa silloin heidät näkisit, kun he joutuvat kauhun valtaan; mutta silloin ei heillä enää ole pelastusta, vaan heidät tavoitetaan läheltä.</p>
      <p>
      <span>52</span>Ja he sanovat silloin: »Me uskomme siihen.» Mutta kuinka voivat he enää totuuteen päästä niin etäältä?</p>
      <p>
      <span>53</span>Kielsiväthän he sen aikaisemmin.</p>
      <p>
      <span>54</span>Ja aita asetetaan estämään heitä saavuttamasta haluamaansa, samoin kuin muinoin tehtiin heidän kaltaisilleen, jotka epäilivät.</p>
    </div>
  </body>
</html>
