﻿<?xml version="1.0"?>
<html>
  <head>
    <meta http-equiv="Content-Type" content="text/html; charset=utf-8" />
    <title>Luojan Suura</title>
  </head>
  <body>
    <h1>
    <span>35</span>Luojan suura</h1>
    <div class="johdanto">
      <h2>JOHDANTO:</h2>
      <p>KOLMASKYMMENES VIIDES SUURA: Luoja (Fatir) Ilmoitettu Mekassa (45 jaetta )</p>
      <p>Fatir, »Luoja», tai, myöskin Al-Mälä'ikah, »Enkelit», saa nimensä kummassakin tapauksessa ensimmäisessä jakeessa esiintyvästä vastaavasta sanasta.</p>
      <p>Varhaiskauden mekkalainen suura.</p>
    </div>
    <div class="sura">
      <h2>Aloitan JUMALAN, laupiaan Armahtajan, nimeen.</h2>
      <p>
      <span>1</span>Ylistys olkoon Jumalalle, taivaiden ja maan alkuunpanijalle, enkelien luojalle, sanansaattajien, joita kahdet, kolmet ja neljät siipiparit liidättävät. Luomakunnassaan Hän kohtelee luotuja niinkuin suvaitsee; onhan Jumala totisesti kaikkivaltias.</p>
      <p>
      <span>2</span>Mitä Jumala suokin ihmisille laupeudessaan, sitä ei kukaan voi estää, ja minkä Jumala pidättää, sitä ei kukaan pysty antamaan, sillä Hän on mahtava ja viisas.</p>
      <p>
      <span>3</span>Ihmiset, pitäkää mielessänne Jumalan armo teitä kohtaan. Onko ketään muuta kuin Jumala, joka teille antaisi elatuksen taivaasta ja maasta käsin? Ei ole yhtään muuta jumalaa kuin Hän; miksi siis käännytte pois Hänestä?</p>
      <p>
      <span>4</span>Ja jos he kutsuvat sinua petkuttajaksi, niin samoin ennen sinuakin sananjulistajia kutsuttiin, mutta Jumalan luokse kaikki asiat palaavat.</p>
      <p>
      <span>5</span>Oi ihmiset, kun Jumalan lupaus on varma totuus, niin älkää salliko tämän maailman viekoitella itseänne! Älkää antako perivihollisenne pettää teitä Jumalan suhteen.</p>
      <p>
      <span>6</span>Sillä onhan perkele totisesti teidän vihollisenne, ja sellaisena häntä pitäkää; hän viekoittelee puolelleen, jotta hairahtuneet joutuisivat tulen omiksi.</p>
      <p>
      <span>7</span>Jotka epäuskon omaksuvat, saavat ankaran rangaistuksen, mutta jotka uskovat ja hyvää harrastavat, saavat anteeksiantamuksen ja suuren palkan.</p>
      <p>
      <span>8</span>Mitä välität siitä, jonka vääryys hänen silmissään niin kaunistuu, että hän sitä hyväksi luulee. Jumala jättää harhaan kenet tahtoo ja johdattaa oikeaan kenet suvaitsee, joten älä näännytä sieluasi murehtimalla tuommoisten puolesta; kyllä Jumala totisesti heidän tekonsa tietää.</p>
      <p>
      <span>9</span>Jumalahan lähettää tuulet, jotka nostavat pilvet. Sitten Me lähetämme ne kuolleeseen erämaahan ja annamme elinvoimaa kuihtuneelle maalle; samoin tapahtuu kuolleitten herättäminen.</p>
      <p>
      <span>10</span>Kuka haluaa kunniaa, muistakoon, että kaikki kunnia on Jumalan. Hänen tykönsä nousevat hyvät sanat, ja hyvät teot Hän ylentää; mutta niille, jotka pahoja tekoja suunnittelevat, on Hänellä ankara rangaistus, ja heidän juonensa raukeavat.</p>
      <p>
      <span>11</span>Jumala loi teidät tomusta, edelleen elämän idusta, sitten teki teidät aviopareiksi; eikä yksikään vaimo tule raskaaksi eikä synnytä Hänen tietämättään; ei liioin kenellekään elolliselle ole hänen ikäänsä pidennetty eikä lyhennetty sen kaiken olematta Jumalan kirjoissa, ja kaikki tämä on helppoa Jumalalle.</p>
      <p>
      <span>12</span>Eivätkä vedet ole samanlaisia: makea vesi sammuttaa janon ja on miellyttävää juotavaksi, suolainen polttaa kirpeydellään, ja kuitenkin te kummastakin pyydystätte elävää lihaa ravinnoksenne ja koristuksia kannettavaksenne, ja laivanne kyntävät vesiä hankkiaksenne Hänen runsauttaan ja ollaksenne Hänelle kiitolliset.</p>
      <p>
      <span>13</span>Hän lähettää yön peittämään päivän ja Hän lähettää päivän nousemaan yöstä; kumpikin kulkee rataansa säädetyin ajoin; sellainen on Jumala, teidän Herranne. Hänen on kuninkuus, mutta ne, joita te Hänen rinnallaan avuksenne huudatte, eivät omista oljenkorttakaan.</p>
      <p>
      <span>14</span>Jos te heitä kutsutte, eivät he sitä kuule, ja vaikkapa kuulisivat, eivät he teille vastaa. Kuolleista herättämisen päivänä he kieltäytyvät jumaluudesta, joka oli vain teidän luulotteluanne. Eihän kukaan muu voi teille olevaisia niin selvittää kuin Hän, ainoa kaikkitietävä.</p>
      <p>
      <span>15</span>Ihmiset, te Jumalaa tarvitsette, mutta Hän, ylistetty, on itsellensä kylliksi.</p>
      <p>
      <span>16</span>Jos Hän haluaa, Hän korjaa teidät pois ja nostaa uuden ihmispolven.</p>
      <p>
      <span>17</span>Ei sellainen ole vaikeata Jumalalle.</p>
      <p>
      <span>18</span>Toinen ei pysty toisen taakkaa kantamaan, ja jos joku kuormansa alla huutaisi toista auttamaan, ei käy tämän sitä kantaminen, vaikkapa hän olisi läheinen sukulainen. Sinä varoitat vain niitä, jotka Herraansa salassa pelkäävät ja rukousta harjoittavat. Ken puhdistaa itseään, tekee sen oman sielunsa parhaaksi, Jumalan luo on aikanaan tultava.</p>
      <p>
      <span>19</span>Sokea ei ole näkevän kaltainen,</p>
      <p>
      <span>20</span>eikä pimeys valkeuden,</p>
      <p>
      <span>21</span>eikä varjo helteen kaltainen.</p>
      <p>
      <span>22</span>Eivät liioin elävät ja kuolleet ole toistensa veroisia. Jumala kyllä antaa kuulon kenelle vain suvaitsee. Mutta sinä et saata niille kuuloa antaa, jotka haudoissa ovat.</p>
      <p>
      <span>23</span>Et ole muuta kuin varoittaja.</p>
      <p>
      <span>24</span>Olemme totisesti lähettänyt sinut totuudessa viemään hyvää sanomaa ja varoitusta, eikä vielä ole elänyt kansaa, jonka tykö ei varoittajaa olisi lähetetty.</p>
      <p>
      <span>25</span>Jos he sinua valehtelijaksi nimittävät, niin samoin nimittivät muinoiset kansat julistajiaan, vaikka nämä saapuivat heidän luokseen selvin todistuksin ja kirjoituksin.</p>
      <p>
      <span>26</span>Silloin kuritin epäuskoisia, ja kuinka ankara olikaan rangaistukseni.</p>
      <p>
      <span>27</span>Ettekö huomaa, miten Jumala vuodattaa vettä pilvistä ja siten kasvattaa erilaisia hedelmiä, ja että vuorissakin on suonia, valkoisia ja punaisia, eri vivahduksin, sekä perin mustia.</p>
      <p>
      <span>28</span>Samoin on muodoiltaan erilaisia ihmisiä, eläimiä ja karjaa. Vain ne Hänen palvelijoistaan, joilla tieto on, pelkäävät Jumalaa; totisesti Jumala on mahtava, anteeksiantava.</p>
      <p>
      <span>29</span>Totisesti ne, jotka julkilukevat Jumalan Kirjaa ja harjoittavat rukoilemista ja uhraavat kaikesta hyvästä, jota Me heille salaisesti tai avoimesti olemme lähettänyt, saavat panna toivonsa voittoon, joka on katoamaton.</p>
      <p>
      <span>30</span>Hän on maksava heille täyden palkan ja antava heille enemmänkin armostaan; sillä Hän on laupias, ylenpalttinen palkitsija.</p>
      <p>
      <span>31</span>Ja se kaikki, minkä sinulle olemme Koraanista jo ilmoittanut, on totuutta, mikä vahvistaa edelläkäyneet ilmoituksemme. Palvelijoitaan kohtaan Jumala totisesti on vaarinpitävä, kaukonäköinen.</p>
      <p>
      <span>32</span>Me kyllä annoimme Pyhän Kirjan perintönä niille, jotka palvelijoittemme keskuudesta valitsimme. Mutta heidän joukossaan on niitä, jotka tuottavat turmiota sielulleen, toisia, jotka valitsevat keskitien, ja on niitä, jotka Jumalan sallimuksesta ovat ensimmäisiä kaikissa hyvissä töissä; tämä on Jumalan suuri armo.</p>
      <p>
      <span>33</span>He saavat astua iäisyyden puutarhoihin, jossa he saavat rannerenkaat kullasta ja helmistä ja vaatteet silkistä.</p>
      <p>
      <span>34</span>Ja he sanovat: »Kunnia Jumalalle, joka on murheemme poistanut; totisesti on Herramme anteeksiantavainen, ylenpalttinen palkitsija.</p>
      <p>
      <span>35</span>Hän on armostaan ottanut meidät kotiin, jossa saamme iäti elää. Ei raatamista tule osaksemme siellä eikä väsymys meitä siellä rasita.»</p>
      <p>
      <span>36</span>Mutta kieltäjille on helvetin tuli varattu. Heistä ei siellä loppua tehdä, niin että he kuolisivat, mutta ei myöskään tulen tuskaa heille lievennetä. Näin kostamme Me uskottomille.</p>
      <p>
      <span>37</span>Ja sieltä he apua anovat: »Oi Herra, päästä meidät ulos, me teemme hyviä töitä, toisia kuin ennen.» Mutta emmekö Me antanut teidän elää kyllin kauan, jotta kuuliaiset totuudesta vaarin ottaisivat? Ja saapuihan luoksenne varoittaja. Siksi maistakaa tuskaa, ei ole väärintekijöille auttajaa.</p>
      <p>
      <span>38</span>Totisesti Jumala tietää kaiken näkymättömän taivaassa ja maan päällä. Totisesti hän tietää kaiken, mikä sydämiin on kätketty.</p>
      <p>
      <span>39</span>Hän nosti teidät valta-asemaan maassa. Sentähden jokaisen epäusko kääntyy häntä itseään vastaan, eikä kieltäjille heidän epäuskonsa mitään muuta tuota paitsi Jumalan vihaa, eikä kieltäjille heidän epäuskostaan muuta lisäänny kuin tappiota.</p>
      <p>
      <span>40</span>Sano: »Mitä ajattelette suojelijoistanne, joita Jumalan veroisina avuksenne huudatte? Näyttäkää, minkä osan maata he ovat luoneet, tai onko heillä osuus taivaassa, tahi olemmeko Me heille lähettänyt Pyhän Kirjoituksen, jonka selviä totuuksia he noudattaisivat.» Ei, väärintekijät eivät pidä lupauksiaan; niitä he toisilleen antavat vain pettääkseen.</p>
      <p>
      <span>41</span>Siksi Jumala taivaita ja maata ylläpitää, etteivät ne olemattomiin vaipuisi, ja jos ne luhistuisivat, ei ole ketään, joka Hänen jälkeensä voisi niitä ylläpitää; totisesti Hän on pitkämielinen, anteeksiantava.</p>
      <p>
      <span>42</span>He vannoivat mitä lujimman valan Jumalan nimeen, että jos heidän keskuuteensa varoittaja saapuisi, olisi heillä parempi johdatus kuin millään kansakunnalla; mutta kun varoittaja tuli heidän tykönsä, heissä heräsi vain vastenmielisyys.</p>
      <p>
      <span>43</span>Ja he esiintyivät ylpeästi maassaan sekä suunnittelivat pahaa, mutta pahat juonet eivät muita tavoita kuin suunnittelijoitaan. Mitä saattoivatkaan he muuta silloin odottaa kuin muinaisten kieltäjäin kohtaloa? Sillä Jumalan säädöksistä ei mikään horju, eikä Jumalan kaitselmus toiseksi vaihdu.</p>
      <p>
      <span>44</span>Eivätkö he ole maita vaeltaneet ja niiden ihmisten loppua havainneet, jotka ennen heitä elivät, ollen heitä mahtavammat? Jumalan katseelta ei jää salaan mikään taivaassa eikä maan päällä; totisesti Hän on tietävä, mahtava.</p>
      <p>
      <span>45</span>Ja jos Jumala pyrkisi rankaisemaan ihmisiä heidän ansionsa mukaan, ei jäisi maan kamaralle ainoatakaan elävää luotua, mutta Hän antaa heille armonaikaa määrähetkeen asti; ja kun Hänen tuomionsa hetki koittaa, silloin Jumala oikealla tavalla suhtautuu palvelijoihinsa.</p>
    </div>
  </body>
</html>
