﻿<?xml version="1.0"?>
<html>
  <head>
    <meta http-equiv="Content-Type" content="text/html; charset=utf-8" />
    <title>Jaa Siin:n Suura</title>
  </head>
  <body>
    <h1>
    <span>36</span>Jaa Siin:n suura</h1>
    <div class="johdanto">
      <h2>JOHDANTO:</h2>
      <p>KOLMASKYMMENES KUUDES SUURA: Jaa Siin Ilmoitettu Mekassa (83 jaetta )</p>
      <p>Jaa Siin saa nimensä kahdesta arabialaisesta kirjaimesta, jotka muodostavat ensimmäisen jakeen ja joiden yleisimmin otaksutaan tarkoittavan: Jaa Insaan (»!Oi ihminen»). Tätä suuraa pidetään erikoisessa arvossa, ja se luetaan vastoinkäymisen, sairauden ja paastoamisen aikoina sekä kuoleman lähestyessä.</p>
      <p>Suura on Mekan kauden keskivaiheilla.</p>
    </div>
    <div class="sura">
      <h2>Aloitan JUMALAN, laupiaan Armahtajan, nimeen.</h2>
      <p>
      <span>1</span>Oi ihminen!</p>
      <p>
      <span>2</span>Kautta Koraanin, jonka viisaus täyttää,</p>
      <p>
      <span>3</span>olethan totisesti yksi sananjulistajista</p>
      <p>
      <span>4</span>ja vaellat oikealla tiellä.</p>
      <p>
      <span>5</span>Tässä on ilmoitus mahtavalta, laupiaalta,</p>
      <p>
      <span>6</span>jotta voisit varoittaa kansaa, jonka esi-isiä ei varoitettu ja joka on välinpitämätön.</p>
      <p>
      <span>7</span>Sana on käynyt todeksi, että enin osa heistä on uskon hylännyt.</p>
      <p>
      <span>8</span>Kahleet Me olemme totisesti kietonut heidän kaulansa ympäri aina heidän leukansa korkeudelle, niin että heidän päänsä ovat pystyyn pönkitetyt.</p>
      <p>
      <span>9</span>Ja Me olemme asettanut esteen heidän eteensä ja esteen heidän taaksensa sekä heittänyt verhon heidän ylitsensä peittäen heidän näkönsä.</p>
      <p>
      <span>10</span>Yhdentekevää on heille varoitatko heitä vai et, sillä he eivät usko.</p>
      <p>
      <span>11</span>Varoittaa voi vain sitä, joka nuhteesta vaarin ottaa ja sisimmässään Armahtajaa pelkää; sellaiselle julista anteeksiantoa ja suurta palkintoa.</p>
      <p>
      <span>12</span>Totisesti Me herätämme kuolleet eloon ja pidämme kirjaa kaikista heidän teoistaan, jopa heidän jalkojensa jäljistäkin; ja kaiken tämän olemme selvästi kirjoittanut.</p>
      <p>
      <span>13</span>Esitä heille vertaus sen kaupungin asukkaista, johon sanansaattajamme saapuivat.</p>
      <p>
      <span>14</span>Kun Me lähetimme kaksi heidän luoksensa, torjuivat he pois nämä, ja kun Me vahvistimme heitä kolmannella ja kaikki vakuuttivat: »Me olemme totisesti (Jumalan) julistajia»,</p>
      <p>
      <span>15</span>Niin he sanoivat: »Ette ole muuta kuin kuolevaisia, kuten me itsekin, eikä hyvä Jumala ole mitään ilmoitustaan teille uskonut; te vain valehtelette.»</p>
      <p>
      <span>16</span>Nämä vastasivat: »Herramme tietää, että varmasti olemme Hänen julistuksensa tuojia teille,</p>
      <p>
      <span>17</span>eikä meillä ole muuta mielessämme kuin toimittaa perille selvä viestimme.»</p>
      <p>
      <span>18</span>He sanoivat: »Me aavistamme teidän tulostanne koituvan meille pahaa; ellette lakkaa, me kivitämme teidät ja tuotamme teille tuskallisen lopun.»</p>
      <p>
      <span>19</span>Nämä selittivät: »Itsestänne teistä kohtalonne johtuu eikä siitä, että me teitä varoitamme. Totisesti olette mieletöntä väkeä.»</p>
      <p>
      <span>20</span>Silloin riensi sinne juosten eräs mies ja huusi: »Kansa, ota vaari viestintuojista;</p>
      <p>
      <span>21</span>seuratkaa sitä, joka ei pyydä palkkiota teiltä, sillä lähettiläät ovat oikean tien vaeltajia.</p>
      <p>
      <span>22</span>Mistä syystä en palvelisi Häntä, joka antoi minulle elämän? Hänen tykönsähän teidätkin jälleen palautetaan.</p>
      <p>
      <span>23</span>Omaksuisinko Hänen lisäkseen jumalia, joiden suojelus ei minua vähääkään auttaisi ja jotka eivät kykenisi minua pelastamaan, jos hyvä Jumala minulle lähettäisi koettelemuksen.</p>
      <p>
      <span>24</span>Silloinhan olisin ilmeisesti harhassa.</p>
      <p>
      <span>25</span>Minä totisesti uskon teidän Herraanne, ja siksi kuulkaa minua!»</p>
      <p>
      <span>26</span>Ja sana tuli: »Astu sisään autuuden tarhaan!» Hän sanoi: »Voi, jospa kansani tietäisi,</p>
      <p>
      <span>27</span>miksi Herra antoi minulle anteeksi ja liitti minut armoitettujen joukkoon!»</p>
      <p>
      <span>28</span>Ja tämän todistajan puhuttua Me emme taivaasta syössyt tämän kansan päälle enkelien rankaisevaa joukkoa; niin emme kostoamme lähetä.</p>
      <p>
      <span>29</span>Ei muuta tapahtunut, kuin ääni kuului, ja katso, he vaikenivat.</p>
      <p>
      <span>30</span>Voi näitä palvelijoita! Milloin sananjulistaja saapuukin heidän tykönsä, he vain pilkkaavat häntä.</p>
      <p>
      <span>31</span>Eivätkö he tiedä, kuinka monta sukupolvea Me olemme jo ennen heitä tuhonnut siksi, etteivät he kääntyneet lähettiläittemme puoleen.</p>
      <p>
      <span>32</span>Ja ne kaikki tuodaan varmasti Meidän eteemme.</p>
      <p>
      <span>33</span>Heille olkoon tunnusmerkiksi kuollut maa. Me vuodatamme siihen eloa ja nostamme siitä esiin viljaa, jota he syövät.</p>
      <p>
      <span>34</span>Ja Me kasvatamme palmupuistoja sekä viinitarhoja ja Me vedämme esille lähteitä sitä kastelemaan,</p>
      <p>
      <span>35</span>jotta he söisivät sen hedelmiä sekä mitä heidän kätensä valmistaneet ovat. Eikö heidän siis tule olla kiitollisia?</p>
      <p>
      <span>36</span>Ylistys Hänelle, joka loi kaiken, mitä maasta kasvaa, sekä heidän tuntemansa lajit että nekin, joita he eivät tunne.</p>
      <p>
      <span>37</span>Yökin on heille tunnusmerkkinä. Yöstä vedämme päivän erilleen, ja katso, pimeys peittää heidät.</p>
      <p>
      <span>38</span>Aurinkokin kulkee vain määrätyn ratansa, noudattaen kaikkivaltiaan, kaikkitietävän käskyä.</p>
      <p>
      <span>39</span>Kuulle Me olemme sen vaiheet määrännyt, kunnes se muuttuu vanhan, kuivan palmunoksan näköiseksi.</p>
      <p>
      <span>40</span>Eikä auringon ole sallittu kulkea kuuta nopeammin, yhtä vähän kuin yön on sallittu niellä päivää; vaan kaikki kulkee omaa rataansa.</p>
      <p>
      <span>41</span>Vielä on sekin heille tunnusmerkiksi, että Me annamme laivojen kantaa heidän jälkeläisiään</p>
      <p>
      <span>42</span>ja muitakin aluksia olemme heille luonut, joilla he voivat matkustaa,</p>
      <p>
      <span>43</span>vaikka Me voisimme, jos tahtoisimme, hukuttaa heidät veteen, eikä heille löytyisi pelastajaa eikä pakotietä,</p>
      <p>
      <span>44</span>mutta armostamme Me sallimme heidän elää määräpäivään asti.</p>
      <p>
      <span>45</span>Heille sanotaan: »Varokaa sitä, mikä on teillä edessänne, ja varokaa sitä, mikä on takananne, jotta armo tulisi osaksenne.</p>
      <p>
      <span>46</span>Ja heidän Herransa viesteistä tuskin yksikään heille saapuu heidän sitä hylkäämättä.</p>
      <p>
      <span>47</span>Ja kun heille sanotaan: »Uhratkaa siitä, mitä Jumala on teille suonut!», niin uskottomat sanovat uskovaisille: »Miksi olisi meidän ruokittava niitä, jotka Jumala kuitenkin voisi ravita, jos vain tahtoisi? Te olette ilmeisen harhan vallassa.»</p>
      <p>
      <span>48</span>Ja vielä he kysyvät: »Koska oikeastaan tulee tapahtumaan se, millä te meitä uhkaatte, jos totta puhutte?»</p>
      <p>
      <span>49</span>Heitä odottaa vain äkillinen ääni, joka heidät yllättää vielä heidän väitellessään keskenänsä.</p>
      <p>
      <span>50</span>Eivät he ehdi edes jälkisäädöstänsä tehdä eivätkä perheittensä luo kiiruhtaa.</p>
      <p>
      <span>51</span>Ja kun pasuunoihin puhalletaan, niin, katso, he rientävät haudoistaan Herransa luo.</p>
      <p>
      <span>52</span>Ja he sanovat: »Voi meitä, kuka on meidät nostanut nukkumasijoiltamme ? Tämänhän Armahtaja meille lupasi, ja Hänen sanansaattajansa ovat julistaneet totuutta.»</p>
      <p>
      <span>53</span>Ja vain ääni kajahtaa, ja katso, heidät kaikki tuodaan Meidän eteemme,</p>
      <p>
      <span>54</span>eikä sinä päivänä tehdä vähääkään vääryyttä ainoallekaan sielulle; teille punnitaan vain sen mukaan, kuin tekonne ansaitsivat.</p>
      <p>
      <span>55</span>Sinä päivänä ovat paratiisin asukkaat autuaallisissa toimissaan.</p>
      <p>
      <span>56</span>Vaimojensa seurassa he ovat varjossa leväten istuimillaan.</p>
      <p>
      <span>57</span>Siellä nauttivat he hedelmiä ja heillä on kaikkea, mitä haluavat.</p>
      <p>
      <span>58</span>»Rauhaa!» on heille laupiaan Herran tervehdys.</p>
      <p>
      <span>59</span>Mutta te, väärintekijät, väistykää loitolle tänä päivänä!</p>
      <p>
      <span>60</span>Enkö Minä velvoittanut teitä, Aadamin lapset, olemaan palvelematta perkelettä? Totisesti hän on teidän ilmivihollisenne.</p>
      <p>
      <span>61</span>Ja enkö sen sijaan käskenyt palvelemaan Minua ollaksenne oikealla tiellä.</p>
      <p>
      <span>62</span>Onhan perkele totisesti johtanut harhaan lukuisia sieluja joukostanne. Kuinka ette sittenkään älynneet?</p>
      <p>
      <span>63</span>Tämä on helvetti, jolla teitä uhattiin.</p>
      <p>
      <span>64</span>Käykää nyt siihen tänä päivänä epäuskonne tähden.</p>
      <p>
      <span>65</span>Ja sinä päivänä sinetöimme Me heidän suunsa, mutta heidän kätensä tulevat meille huitoen puhumaan sekä jalkansa heidän ansaitsemastaan todistamaan.</p>
      <p>
      <span>66</span>Ja jos Me tahdomme, voimme puhkaista heidän silmänsä; silloin vasta he pyrkisivät löytämään tien, mutta kuinka he näkisivät?</p>
      <p>
      <span>67</span>Samoin voisimme varmasti, jos tahtoisimme, heidät siihen paikkaan jähmettää, niin etteivät he voisi edemmäksi päästä eivätkä takaisin palata.</p>
      <p>
      <span>68</span>Jos Me jollekulle suomme pitkän iän, Me annamme hänen vartensa köyristyä; eivätkö he ymmärrä?</p>
      <p>
      <span>69</span>Emmekä ole hänelle (profeetalle) runoilua opettanut, sillä hänelle se ei ole soveliasta. Hänen sanottavansa on vain varoitus ja selvä Koraani.</p>
      <p>
      <span>70</span>Hänen on varoitettava jokaista, joka elää haluaa, ja julistetun sanan on osoittauduttava voimakkaaksi uskottomia vastaan.</p>
      <p>
      <span>71</span>Eivätkö he havaitse, että Me olemme luonut heille karjan luontokappaleittemme joukosta ja totuttanut sen heidän alaisuuteensa?</p>
      <p>
      <span>72</span>Ja me olemme pannut kotieläimet heitä tottelemaan, niin että he muutamilla ajavat ja muutamia käyttävät ruoaksensa.</p>
      <p>
      <span>73</span>Tästä kaikesta heille on etua ja he saavat niistä juomiakin; eivätkö he osaa tästäkään kiittää?</p>
      <p>
      <span>74</span>Mutta he ovat omaksuneet itselleen jumalia ainoan Jumalan rinnalle, saadakseen heiltä apua.</p>
      <p>
      <span>75</span>Mutta nämä eivät kykene heitä auttamaan, vaikka niitä on laumoittain.</p>
      <p>
      <span>76</span>Tästä syystä älä anna heidän puheensa itseäsi huolestuttaa; Me tiedämme, mitä he tekevät salaa ja mitä toimivat julkisesti.</p>
      <p>
      <span>77</span>Eikö ihminen ole huomannut, että Me olemme luonut hänet pienestä elonidusta? Ja katso, kohta hän on valmis kanssamme kiistelemään.</p>
      <p>
      <span>78</span>Ja hän laittaa Meidän kaltaisiksemme tarkoitettuja kuviaan unohtaen oman luomisensa. Hän sanoo: »Kuka pystyy elämän paluttamaan luihin, kun ne jo ovat lahonneet?»</p>
      <p>
      <span>79</span>Sano: »Hän niihin elämän palauttaa, joka ne alkujaankin elämään synnytti, sillä Hän sulkee itseensä koko luomakunnan.</p>
      <p>
      <span>80</span>Hän, joka loi teille tulen, joka voi vihreässä puussakin palaa, niin että sytykkeillä sitä jatkaa saatatte.</p>
      <p>
      <span>81</span>Eikö Hän, joka loi taivaat ja maan, kykene niiden kaltaisia luomaan? Totisesti! Hänhän on kaiken Luoja, taituri.</p>
      <p>
      <span>82</span>Kun Hän jotakin aikoo, riittää, että Hän käskee: »Tulkoon!» niin se tulee.</p>
      <p>
      <span>83</span>Sentähden ylistys olkoon Hänelle, jonka käsissä on valta kaiken yli ja jonka tykö kaikki palautetaan aikanaan.</p>
    </div>
  </body>
</html>
