﻿<?xml version="1.0"?>
<html>
  <head>
    <meta http-equiv="Content-Type" content="text/html; charset=utf-8" />
    <title>Rivistöjen Suura</title>
  </head>
  <body>
    <h1>
    <span>37</span>Rivistöjen suura</h1>
    <div class="johdanto">
      <h2>JOHDANTO:</h2>
      <p>KOLMASKYMMENES SEITSEMÄS SUURA: Rivistöt (As-Saaffaat) Ilmoitettu Mekassa (182 jaetta )</p>
      <p>As-Saaffaat, johtuu ensimmäisessä jakeessa olevasta sanasta. Kolmessa ensimmäisessä jakeessa tarkoitetaan enkeleitä, kuten käy ilmi jakeista 164-166, joissa ilmoittava enkeli puhuu henkilökohtaisesti. Perimätieto kertoo Itämaiden tietäjien ja astrologien joutuneen ymmälle profeetan tulon aikaan taivaalle ilmestyneen pyrstötähden ja monen meteorin takia, jotka tekivät tyhjäksi heidän tietonsa ja saivat heidät karttamaan istumista öisin korkeilla huipuilla tähtiä tutkimassa, kuten heidän oli ollut tapana tehdä. He sanoivat kysyjille, että heidän parhaat ystävänsä eivät voineet heitä enää ohjata ollen itsekin kokonaan ymmällä ja kauhuissaan. Tämä selitys tavallisesti annetaan jakeista 7-9 ja samansisältöisestä kohdasta suurassa LXXII, jakeissa 8-10.</p>
      <p>Suura on ensimmäisiä Mekan kauden keskivaiheilta.</p>
    </div>
    <div class="sura">
      <h2>Aloitan JUMALAN, laupiaan Armahtajan, nimeen.</h2>
      <p>
      <span>1</span>Julistukseni vetoaa niihin, jotka rivistöinä ulos marssivat,</p>
      <p>
      <span>2</span>sekä niihin, jotka mielenlujuudella itsensä hillitsevät</p>
      <p>
      <span>3</span>ja niihin, jotka (Koraania) julkilukevat Jumalaa muistaen,</p>
      <p>
      <span>4</span>totisesti Jumalanne on ainoa Jumala,</p>
      <p>
      <span>5</span>taivaiden ja maan Herra sekä kaiken, mikä niiden välisessä avaruudessa on, niidenkin maanäärien Herra, joista päivä nousee.</p>
      <p>
      <span>6</span>Me olemme koristanut lähimmän taivaan laen tähdillä,</p>
      <p>
      <span>7</span>ja suoja on asetettu jokaista kapinallista henkeä vastaan.</p>
      <p>
      <span>8</span>He eivät siedä (muslimien) seurakunnan rukoilemista eivätkä eri tahoilta tulevia arvosteluja,</p>
      <p>
      <span>9</span>vaan he joutuvat ankaran rangaistuksen alaisiksi,</p>
      <p>
      <span>10</span>ja jos kenen heistä onnistuu harhauttaa joitakuita pois, valaisee kirkas (profeetan viisauden) leimahdus hänen työnsä jäljet.</p>
      <p>
      <span>11</span>Vaatikaa heitä vastaamaan, hekö vankemmin ovat luotuja vai ne, jotka Me olemme luonut. Totisesti Me loimme (omamme) vahvasta aineesta.</p>
      <p>
      <span>12</span>Ihmeeksesi he vain pilkkaavat sinua</p>
      <p>
      <span>13</span>ja varoittavista muistutuksista he eivät välitä,</p>
      <p>
      <span>14</span>nähdessään tunnusmerkin he yllyttävät toinen toistaan ivaan</p>
      <p>
      <span>15</span>sanoen: »Eihän tämä ole muuta kuin ilmeistä noituutta.</p>
      <p>
      <span>16</span>Pitäisikö uskoa siihenkin, että kuoltuamme ja luiksi sekä tomuksi muututtuamme meidät muka varmasti eloon herätetään,</p>
      <p>
      <span>17</span>vieläpä muka muinaiset esi-isämmekin?»</p>
      <p>
      <span>18</span>Sano: Aivan niin, ja hylkiöiksi silloin joudutte</p>
      <p>
      <span>19</span>ja, katso, saatte osaksenne kirouksen.</p>
      <p>
      <span>20</span>Silloin voihkitte: »Voi meitä! Tämä on pahan palkkamme päivä! »</p>
      <p>
      <span>21</span>Totisesti onkin tämä tuomionpäivä, jota te valheeksi väititte.</p>
      <p>
      <span>22</span>Kootkaa yhteen vääryyttä harjoittaneet ja heidän kumppaninsa sekä kaikki ne, joita he palvelivat</p>
      <p>
      <span>23</span>Jumalan vertaisina, ja viekää heidät helvetin tielle,</p>
      <p>
      <span>24</span>mutta pysäyttäkää heidät, sillä heiltä kysytään:</p>
      <p>
      <span>25</span>»Miksi ette nyt auta toisianne?»</p>
      <p>
      <span>26</span>Kyllä he sinä päivänä alistuvat</p>
      <p>
      <span>27</span>ja jotkut heistä lähestyvät toisia kysellen toinen toiseltaan</p>
      <p>
      <span>28</span>ja sanovat: »Tehän aikanaan tulitte luoksemme oikeauskoisina.»</p>
      <p>
      <span>29</span>Toiset vastaavat: »Ei, te ette olleet uskovaisia,</p>
      <p>
      <span>30</span>eikä meillä ollut teidän suhteenne valtaa, sillä te olitte kuritonta väkeä.</p>
      <p>
      <span>31</span>Nyt on Herramme tuomio langennut meille ja saamme totisesti maistaa rangaistusta,</p>
      <p>
      <span>32</span>sillä saatoimmehan me teidät harhaan, kun itse olimme harhassa.»</p>
      <p>
      <span>33</span>Näin joutuvat he sinä päivänä osallisiksi rangaistuksesta.</p>
      <p>
      <span>34</span>Niin me totisesti menettelemme väärintekijäin suhteen.</p>
      <p>
      <span>35</span>Totisesti he olivat pöyhkeitä, kun heille sanottiin: »Ei ole muita jumalia kuin Jumala.»</p>
      <p>
      <span>36</span>Ja he sanovat: »Meidänkö todella pitäisi luopua jumalistamme mielipuolen runoilijan tähden?»</p>
      <p>
      <span>37</span>Sano: »Ei, hän toi mukanaan totuuden ja vahvisti entisten sananjulistajien sanat.»</p>
      <p>
      <span>38</span>Nyt saatte totisesti maistaa tuskallista rangaistusta,</p>
      <p>
      <span>39</span>eikä teitä tällöin muusta rangaista kuin omista teoistanne.</p>
      <p>
      <span>40</span>Toisin on Jumalan palvelijain, puhdistettujen, laita.</p>
      <p>
      <span>41</span>Heille annetaan luvattu osansa,</p>
      <p>
      <span>42</span>he nauttivat hyvien töittensä hedelmiä ja heidät korotetaan kunniaan,</p>
      <p>
      <span>43</span>autuuden tarhoissa</p>
      <p>
      <span>44</span>he istuvat kunniaistuimilla, katsoen toistensa kasvoihin,</p>
      <p>
      <span>45</span>ja malja pannaan kiertämään kädestä käteen täynnä raikkainta lähdevettä,</p>
      <p>
      <span>46</span>kirkasta, ihanaa nautittavaksi.</p>
      <p>
      <span>47</span>Siinä ei ole sameutta eikä se heiltä ehdy.</p>
      <p>
      <span>48</span>Ja heidän seurassaan on oleva neitsyitä, jotka siveydessään hillitsevät kauniiden silmiensä katseet</p>
      <p>
      <span>49</span>kuin olisivat heidän silmänsä hellästi varjeltavia linnun munia.</p>
      <p>
      <span>50</span>He tekevät toisilleen kysymyksiä.</p>
      <p>
      <span>51</span>Joku heidän joukostaan sanoo: »Totisesti, olihan minulla ystävä,</p>
      <p>
      <span>52</span>joka minulta kyseli: 'Kuulutko sinäkin niihin, jotka uskovat sen todeksi?</p>
      <p>
      <span>53</span>Viedäänkö meidät todellakin tuomiolle sitten, kun olemme kuolleet ja muuttuneet luiksi ja tomuksi?'»</p>
      <p>
      <span>54</span>Ja puhuva jatkaa: »Katso alas!»</p>
      <p>
      <span>55</span>Ja tämä katsoo alas ja näkee ystävänsä keskellä helvettiä.</p>
      <p>
      <span>56</span>Ja hän huudahtaa: »Jumalan nimessä, vähällä olit saattaa minut turmioon,</p>
      <p>
      <span>57</span>sillä ellei Jumala olisi armahtanut laupeudessaan, olisin varmasti joutunut kadotettujen joukkoon.</p>
      <p>
      <span>58</span>Eikö meidän siis todellakaan tarvitse kuolla</p>
      <p>
      <span>59</span>kuin kerran ja eikö meitä kuriteta?</p>
      <p>
      <span>60</span>Totisesti tämä on ylin autuus.</p>
      <p>
      <span>61</span>Tällaisen saavuttamiseksi antakaamme kaikkien ponnistella.</p>
      <p>
      <span>62</span>Eikö olekin tämä osa parempi kuin niiden, jotka saavat ravintonsa Zakkuum-puusta?»</p>
      <p>
      <span>63</span>Tämän Me olemme totisesti tehnyt koettelemukseksi väärintekijöille,</p>
      <p>
      <span>64</span>puun, joka kasvaa helvetin pohjasta,</p>
      <p>
      <span>65</span>ja sen hedelmät ovat kuin käärmeiden päät.</p>
      <p>
      <span>66</span>Tästä puusta he totisesti saavat syödä ja vatsansa täyttää,</p>
      <p>
      <span>67</span>ja yhtä varmasti saavat he sen jälkeen juoda kiehuvaa vettä</p>
      <p>
      <span>68</span>ja sitten palata taas helvettiin.</p>
      <p>
      <span>69</span>Totisesti he aikanaan huomasivat esi~isiensä kulkevan harhaan</p>
      <p>
      <span>70</span>ja riensivät kuitenkin seuraamaan heidän jälkiään.</p>
      <p>
      <span>71</span>Useimmat sukupolvet ennen heitä kulkivat harhaan,</p>
      <p>
      <span>72</span>ja Me kuitenkin lähetimme varoittajia heidän keskuuteensa.</p>
      <p>
      <span>73</span>Mutta katsokaa, mikä loppu oli varoitusten saajilla</p>
      <p>
      <span>74</span>paitsi Jumalan vilpittömillä palvelijoilla heidän keskuudessaan.</p>
      <p>
      <span>75</span>Nooa huusi Meitä avukseen ja koki, kuinka Me rukouksiin vastaamme.</p>
      <p>
      <span>76</span>Me vapahdimme hänet seuralaisineen valtavasta hävityksestä</p>
      <p>
      <span>77</span>tehden hänen jälkeläisistään suvun jatkajia.</p>
      <p>
      <span>78</span>Me ikuistimme hänen maineensa myöhemmissä sukupolvissa,</p>
      <p>
      <span>79</span>rauha olkoon Nooalle kaikissa heimoissa.</p>
      <p>
      <span>80</span>Näin Me totisesti palkitsemme hyvää tekeviä.</p>
      <p>
      <span>81</span>Hän oli totisesti uskollinen palvelijamme.</p>
      <p>
      <span>82</span>Muut me hukutimme veteen.</p>
      <p>
      <span>83</span>Aabraham kuului totisesti Nooan jälkeläisiin.</p>
      <p>
      <span>84</span>Hän lähestyi Herraansa puhtain sydämin</p>
      <p>
      <span>85</span>ja sitten puhui isälleen sekä heimolleen: »Ketä palvelette?</p>
      <p>
      <span>86</span>Itseännekö tahdotte pettää väärillä jumalilla?</p>
      <p>
      <span>87</span>Mikä on ajatuksenne kaikkien maailmojen valtiaasta?»</p>
      <p>
      <span>88</span>Sitten hän katsoi tähtiin</p>
      <p>
      <span>89</span>ja sanoi: »En voi sietää teidän tähtienpalvontaanne.»</p>
      <p>
      <span>90</span>Silloin he käänsivät selkänsä ja poistuivat hänen luotaan.</p>
      <p>
      <span>91</span>Ja hän salaa lähestyi heidän epäjumaliaan ivaten niitä: »Ettekö syödäkään taida?</p>
      <p>
      <span>92</span>Miksi ette puhu?»</p>
      <p>
      <span>93</span>Sitten hän hiipi niiden kimppuun ja iski niitä oikealla kädellään.</p>
      <p>
      <span>94</span>Tällöin hänen heimolaisensa kiireesti lähestyivät häntä</p>
      <p>
      <span>95</span>ja hän sanoi: »Sellaisiako te jumalinanne palvelette, jotka itse olette veistäneet?</p>
      <p>
      <span>96</span>Jumalahan on luonut teidät ja teidän tekeleenne.»</p>
      <p>
      <span>97</span>Nämä sanoivat: »Pystyttäkäämme hänelle paalu ja heittäkäämme hänet tuleen!»</p>
      <p>
      <span>98</span>Ja he alkoivat vainota häntä, mutta Me pidimme heidät alallaan.</p>
      <p>
      <span>99</span>Ja Aabraham sanoi: »Minä pakenen Herrani tykö, sillä Hän ei minua jätä.</p>
      <p>
      <span>100</span>Herra, anna minulle hyvän asian jatkaja!»</p>
      <p>
      <span>101</span>Ja Me annoimme lupauksen pojasta, jolla on kärsivällisyyttä.</p>
      <p>
      <span>102</span>Mutta kun tämä varttui ja kykeni auttamaan häntä, sanoi hän: »Poikani, olen totisesti unessa saanut käskyn uhrata sinut, mikä on ajatuksesi siitä?» Tämä sanoi: »Oi isäni, tee saamasi käskyn mukaan; jos niin on Jumalan tahto, tulet havaitsemaan minut kärsivälliseksi.»</p>
      <p>
      <span>103</span>Kun he nyt kumpikin alistuivat ja isä heitti pojan maahan kasvoilleen,</p>
      <p>
      <span>104</span>kutsuimme Me häntä nimeltä sanoen: »Aabraham!</p>
      <p>
      <span>105</span>Olet antanut unesi käydä toteen, ja Me varmasti palkitsemme niitä, jotka hyvää tekevät.»</p>
      <p>
      <span>106</span>Tämä oli totisesti ilmeinen koetus.</p>
      <p>
      <span>107</span>Ja Me annoimme hänelle lunastuksen arvokkaalla sijaisuhrilla.</p>
      <p>
      <span>108</span>Ja Me ikuistimme hänen maineensa jälkipolvissa näillä sanoilla:</p>
      <p>
      <span>109</span>»Rauha olkoon Aabrahamille!»</p>
      <p>
      <span>110</span>Näin palkitsemme Me hyvää tekevät.</p>
      <p>
      <span>111</span>Hän oli todella Meidän uskollinen palvelijamme.</p>
      <p>
      <span>112</span>Ja Me annoimme hänelle hyvän lupauksen Iisakista, josta oli tuleva profeetta Jumalaa pelkääväisille.</p>
      <p>
      <span>113</span>Ja Me annoimme siunauksemme vuotaa hänelle sekä Iisakille. Ja heidän jälkeläisissään on sellaisia, jotka hyvää tekevät, mutta myöskin sellaisia, jotka ilmeisesti vahingoittavat omaa sieluaan.</p>
      <p>
      <span>114</span>Me ulotimme tosisuosiomme myös Moosekseen ja Aaroniin</p>
      <p>
      <span>115</span>ja pelastimme heidät ja heidän kansansa suuresta tuhosta</p>
      <p>
      <span>116</span>ja autoimme heitä pääsemään voitolle</p>
      <p>
      <span>117</span>sekä annoimme heille molemmille Kirjan, joka saattoi asiat selvyyteen.</p>
      <p>
      <span>118</span>Myös johdatimme heidät oikealle tielle</p>
      <p>
      <span>119</span>ja siunasimme heidän nimensä jälkipolvissa näillä sanoilla:</p>
      <p>
      <span>120</span>»Rauha olkoon Moosekselle ja Aaronille!»</p>
      <p>
      <span>121</span>Näin Me palkitsemme hyvää tekevät.</p>
      <p>
      <span>122</span>Totisesti he kumpikin olivat uskollisia palvelijoitamme.</p>
      <p>
      <span>123</span>Myös Elias totisesti kuului sanamme julistajiin.</p>
      <p>
      <span>124</span>Hän sanoi kansalleen: »Kuinka ette karta pahaa?</p>
      <p>
      <span>125</span>Kuinka saatattekin huutaa Baalia avuksenne ja hyljätä ylhäisen Luojanne,</p>
      <p>
      <span>126</span>Jumalan, joka on Herranne ja esi-isienne Herra ammoisista ajoista.</p>
      <p>
      <span>127</span>Mutta he kutsuivat häntä pimittäjäksi, ja siitä syystä heitä varmasti kuritetaan,</p>
      <p>
      <span>128</span>ei kuitenkaan Jumalaa pelkääväisiä, puhdistuneita, heidän keskuudessaan.</p>
      <p>
      <span>129</span>Ja Me siunasimme hänen nimensä jälkipolvissa näillä sanoilla:</p>
      <p>
      <span>130</span>»Rauha olkoon Eliaalle!»</p>
      <p>
      <span>131</span>Tällä tavoin palkitsemme Me hyvää tekeviä.</p>
      <p>
      <span>132</span>Totisesti hän kuului uskollisiin palvelijoihimme.</p>
      <p>
      <span>133</span>Samoin Loot oli totinen sanamme julistaja.</p>
      <p>
      <span>134</span>Kun Me pelastimme hänen sukunsa, kaikki</p>
      <p>
      <span>135</span>paitsi vanhan vaimon, joka kuului viivyttelijöihin,</p>
      <p>
      <span>136</span>tuhosimme Me toiset.</p>
      <p>
      <span>137</span>Varmaan olette (heidän tuhonsa paikkojen ohi matkustaneet aamuisin</p>
      <p>
      <span>138</span>tai iltaisin. Ettekö siis ota niistä vaaria?</p>
      <p>
      <span>139</span>Joona myös oli totisesti sananjulistaja.</p>
      <p>
      <span>140</span>Kun hän pakeni lastattuun laivaan,</p>
      <p>
      <span>141</span>sai hän heidän kanssaan kokea merihätää ja joutui mereen heitetyksi.</p>
      <p>
      <span>142</span>Mutta kala nieli hänet, kun hän oli veden vallassa.</p>
      <p>
      <span>143</span>Ja ellei hän olisi kuulunut niihin, jotka Meitä ylistävät,</p>
      <p>
      <span>144</span>hän olisi jäänyt sen vatsaan yhteiseen ylösnousemukseen asti.</p>
      <p>
      <span>145</span>Mutta Me heitimme hänet merestä autiolle rannalle, ja hän oli sairas.</p>
      <p>
      <span>146</span>Ja Me annoimme kurpitsan kasvaa hänen autiolle paikalleen</p>
      <p>
      <span>147</span>sekä lähetimme hänet sataantuhanteen nousevan kansan luo, joka eli irstaasti,</p>
      <p>
      <span>148</span>ja he tulivat uskoon, minkä tähden Me myönsimme heille armonaikaa.</p>
      <p>
      <span>149</span>Kysy nyt heiltä, Muhammed, onko Herrallasi tyttäriä siten kuin heillä on poikia,</p>
      <p>
      <span>150</span>tai loimmeko Me heidän silmiensä nähden enkelit naisiksi?</p>
      <p>
      <span>151</span>Tietysti on pelkkää heidän omaa valhettaan, kun he väittävät,</p>
      <p>
      <span>152</span>että Jumala muka on synnyttänyt lapsia. Totisesti he ovat valehtelijoita!</p>
      <p>
      <span>153</span>Ja Hänkö olisi itselleen valinnut tyttäriä mieluummin kuin poikia?</p>
      <p>
      <span>154</span>Miten on teidän laitanne? Kuinka voittekaan tuollaista itseksenne päätellä?</p>
      <p>
      <span>155</span>Ettekö ota totuutta huomioon?</p>
      <p>
      <span>156</span>Vai onko teillä selvä todistus?</p>
      <p>
      <span>157</span>Esittäkää sitten kirjoituksenne, jos olette tosissanne.</p>
      <p>
      <span>158</span>Vielä väittivät he Jumalan olevan sukua dzinnien kanssa, vaikka itse dzinnit tietävät varmasti saavansa rangaistuksen.</p>
      <p>
      <span>159</span>Kunnia olkoon Jumalalle! Hän on kaukana kaikesta, mitä he Hänestä väittävät,</p>
      <p>
      <span>160</span>eivät kuitenkaan vilpittömät palvelijat.</p>
      <p>
      <span>161</span>Sillä te, jotka tiedätte, ketä palvelette,</p>
      <p>
      <span>162</span>ette saata johdattaa ketään tottelemattomuuteen Häntä vastaan,</p>
      <p>
      <span>163</span>paitsi helvettiin menossa olevia.</p>
      <p>
      <span>164</span>Ei meissä muslimeissa ole ketään, jolla ei olisi määrättyä paikkaansa,</p>
      <p>
      <span>165</span>olemmehan totisesti niitä, jotka rivistöinä ulos marssivat,</p>
      <p>
      <span>166</span>ja niitä, jotka Jumalan kunniaa julistavat.</p>
      <p>
      <span>167</span>Totisesti heillä oli tapana sanoa:</p>
      <p>
      <span>168</span>»Jospa olisitte meitä varoittaneet,</p>
      <p>
      <span>169</span>meistä olisi varmasti tullut Jumalan vilpittömiä palvelijoita.»</p>
      <p>
      <span>170</span>Mutta kun he nyt jäävät epäuskoonsa, niin saavat kokea sen seuraukset.</p>
      <p>
      <span>171</span>Onhan Meidän varma sanamme jo julistettu palvelijoillemme, lähettiläille,</p>
      <p>
      <span>172</span>heitä totisesti tulemme auttamaan,</p>
      <p>
      <span>173</span>ja varmasti Meidän sotajoukkomme on voitokas.</p>
      <p>
      <span>174</span>Tästä syystä käänny pois heistä joksikin aikaa.</p>
      <p>
      <span>175</span>Mutta tarkasta heitä, ja totisesti he saavat nähdä.</p>
      <p>
      <span>176</span>Vai tahtoisivatko he vielä jouduttaakin Meidän kuritustamme</p>
      <p>
      <span>177</span>Mutta kun se kerran heitä kohtaa, niin ankea on aamu silloin heille, joita niin varoitettiin.</p>
      <p>
      <span>178</span>Käänny siis pois heistä ajaksi.</p>
      <p>
      <span>179</span>Mutta tarkasta heitä, ja totisesti he saavat nähdä.</p>
      <p>
      <span>180</span>Ylistys olkoon Herrallenne, kunnian Kuninkaalle, joka on yläpuolella kaiken, mitä he Hänestä väittävät.</p>
      <p>
      <span>181</span>Ja rauha olkoon sananjulistajille.</p>
      <p>
      <span>182</span>Ja kaikki kunnia kuuluu Jumalalle, maailmojen valtiaalle.</p>
    </div>
  </body>
</html>
