﻿<?xml version="1.0"?>
<html>
  <head>
    <meta http-equiv="Content-Type" content="text/html; charset=utf-8" />
    <title>Saad:n Suura</title>
  </head>
  <body>
    <h1>
    <span>38</span>Saad:n suura</h1>
    <div class="johdanto">
      <h2>JOHDANTO:</h2>
      <p>KOLMASKYMMENES KAHDEKSAS SUURA: Saad Ilmoitettu Mekassa (88 jaetta )</p>
      <p>Saad. Suuraa kutsutaan arabialaisen kirjaimen nimellä, joka yksistään muodostaa ensimmäisen jakeen. Perimätiedon mukaan ensimmäiset kymmenen jaetta ilmoitettiin silloin, kun kureishit koettivat houkutella Abu Talibia luopumaan suojelemasta profeettaa, tai silloin, kun Abu Talib kuoli. Edellinen on luultavampaa.</p>
      <p>Suura on ilmoitettu varhain Mekan kauden keskivaiheilla.</p>
    </div>
    <div class="sura">
      <h2>Aloitan JUMALAN, laupiaan Armahtajan, nimeen.</h2>
      <p>
      <span>1</span>Saad. Kautta Koraanin, ylevän todistajan!</p>
      <p>
      <span>2</span>Totisesti epäuskoiset ovat omahyväisiä ja itsepintaisia!</p>
      <p>
      <span>3</span>Kuinka monta sukupolvea jo ennen heitä Me hävitimmekään! Mutta he parkuivat vasta kun pelastuksen aika jo oli ohi.</p>
      <p>
      <span>4</span>Nyt he taas kummeksuvat, että varoittaja on heille tullut heidän omasta keskuudestaan, ja epäuskoiset sanovat: »Tämä on valehtelija, taikuri.</p>
      <p>
      <span>5</span>Eikö hän pyri vähentämään jumalia yhdeksi ainoaksi? Kummallista hän toimittelee todellakin.»</p>
      <p>
      <span>6</span>Ja johtavat henkilöt heidän keskuudessaan ratkaisevat pulman sanomalla: »Menkää ja pysykää uskollisina entisille jumalillenne, ei tämä hänen yrityksensä onnistu.</p>
      <p>
      <span>7</span>Emme koskaan ole tällaista kuulleet isiemme uskossa, tämä on pelkkää väärentämistä.</p>
      <p>
      <span>8</span>Onko hän meidän keskuudessamme saanut ilmoituksensa, joiden perusteella hän meitä varoittaa?»</p>
      <p>
      <span>9</span>He epäilevät minun varoitustani. He eivät ole maistaneet vielä Minun kuritustani. Heidänkö kädessään ovat Herrani, mahtavan, anteliaan, armonaarteet?</p>
      <p>
      <span>10</span>Heidänkö on taivaan ja maan ja niiden välisen avaruuden valtakunta, niin että he voivat paisua rikkaudessaan.</p>
      <p>
      <span>11</span>Tällä paikalla tullaan ajamaan pakosalle (muslimeja vastaan) liittoutuneiden vahvat joukot.</p>
      <p>
      <span>12</span>Niinhän ennen heitä Nooan, Aadin ja faraon, sotajoukkojen valtiaan, kansat torjuivat pois luotaan Meidän sananjulistajamme,</p>
      <p>
      <span>13</span>samoin Tamuud, Lootin kansa ja viidakkojen asukkaat.</p>
      <p>
      <span>14</span>Kaikki he kohtelivat sananjulistajiani valehtelijoina; siksi rankaisinkin heitä oikeuden mukaisesti.</p>
      <p>
      <span>15</span>Nämäkin viivyttelevät itsepäisesti siksi, kunnes tuomiopäivän huuto kajahtaa, eikä silloin ole yhtään armonaikaa.</p>
      <p>
      <span>16</span>Ja he sanovat: »Herra! Joudu mittaamaan meille osamme (rangaistuksesta jo maallisessa elämässä) ennen tuomiopäivää!»</p>
      <p>
      <span>17</span>Siedä kärsivällisesti (Muhammed) heidän puheitaan ja muistele palvelijaamme Daavidia, jolle me annoimme voimaa ja joka oli altis kuulemaan ääntämme.</p>
      <p>
      <span>18</span>Siksi teimmekin Me vuoret hänelle alamaisiksi julistamaan Jumalan kunniaa illansuussa ja aamun sarastaessa.</p>
      <p>
      <span>19</span>Ja linnut kokoontuivat hänen luokseen kuuliaisina.</p>
      <p>
      <span>20</span>Me lujitimme hänen valtakuntansa antaen hänelle viisautta ja selvän arvostelukyvyn.</p>
      <p>
      <span>21</span>Onko korviinne tullut kertomus siitä, kuinka kaksi riitapuolta nousi hänen huoneeseensa kiiveten yli muurien?</p>
      <p>
      <span>22</span>Kun he ilmestyivät Daavidin eteen ja tämä heitä pelästyi, sanoivat he: »Älä pelkää, tässä on kaksi riitapuolta, joista toinen on tehnyt vääryyttä toiselle. Tuomitse siis oikein meidän asiamme, älä rankaise väärin, vaan saata meidät oikeuksiimme.</p>
      <p>
      <span>23</span>Tässä on minun veljeni, hänellä oli yhdeksänkymmentä yhdeksän karitsaa ja minulla yksi ainoa. Mutta hän vaati: 'Luovuta se minulle' - ja hän sai minut suostumaan.»</p>
      <p>
      <span>24</span>Daavid sanoi: »Totisesti hän oli väärässä vaatiessaan sinun karitsasi omiensa lisäksi. Varmaan enin osa asiapuolista menettelee väärin toisiaan kohtaan, paitsi ne, jotka uskovat ja hyvää tekevät, mutta harvoin on sellaisia.» Mutta Daavid pääsi selvyyteen siitä, että Me olimme tällä koetellut häntä itseään, ja hän pyysi Herralta anteeksiantoa, lankesi kasvoilleen ja kumartaen yhä uudelleen teki katumusta.</p>
      <p>
      <span>25</span>Sentähden Me annoimme hänelle anteeksi ja hän pääsi nauttimaan Meidän läheisyydestämme ylhäisissä asunnoissa.</p>
      <p>
      <span>26</span>»Daavid, Me olemme nostanut sinut hallitsijaksi maassasi. Tuomitse siis ihmisiä oikeudenmukaisesti äläkä seuraa mielihalujasi, jotteivät ne johtaisi sinua harhaan Jumalan tieltä. Ne, jotka eksyvät Jumalan tieltä, saavat totisesti kärsiä ankaran rangaistuksen, sillä he ovat tilintekopäivän unohtaneet.»</p>
      <p>
      <span>27</span>Emme ole turhaan luonut taivaita ja maata ja kaikkea niiden välillä. Vain epäuskoisilla on sellainen luulo. Mutta voi niitä, jotka eivät usko, sillä he joutuvat tulen kuritukseen!</p>
      <p>
      <span>28</span>Vai olisiko meidän kohdeltava uskovaisia, hyvää tekeviä samoin kuin pahuuden levittäjiä maan päällä? Tai rinnastaisimmeko jumalaapelkääväiset väärintekijöihin?</p>
      <p>
      <span>29</span>Olemme sinulle (Muhammmed) antanut ylhäältä Pyhän Kirjan, joka on runsaaksi siunaukseksi, jotta he voisivat miettiä sen jakeita ja jotta ymmärtäväiset ottaisivat vaarin.</p>
      <p>
      <span>30</span>Daavidille annoimme Salomon, josta tuli altis palvelijamme. Hän totisesti kääntyi kaikessa Meidän puoleemme.</p>
      <p>
      <span>31</span>Kun hänen eteensä illalla (rukouksien aikaan) tuotiin kilpahevosia, jotka seistessään ovat alallaan, mutta juostessaan kiitävät nopeasti,</p>
      <p>
      <span>32</span>sanoi hän: »Herraa kiittäessäni mieleni iloitsee näistä hyvistä hevosista; ja kun hevoset olivat kiitäneet kilpaa hänen näkyvistään, hän sanoi:</p>
      <p>
      <span>33</span>»Tuokaa ne takaisin luokseni!» Ja hän alkoi taputtaa niiden jalkoja ja kaulaa.</p>
      <p>
      <span>34</span>Ja Me lähetimme Salomolle koettelemuksia. Kun Me annoimme perilliseksi hänen valtaistuimelleen pelkän tomumajan, hän huusi Herraansa,</p>
      <p>
      <span>35</span>sanoen: »Herra, armahda minua ja anna minulle valtakunta, joka ei joudu kenellekään kelvottomalle perinnöksi; Sinä olet totisesti armossasi antelias.»</p>
      <p>
      <span>36</span>Me teimme tuulenkin hänen käskyläisekseen. Se totteli hänen tahtoaan ja puhalsi lauhasti milloin hän halusi.</p>
      <p>
      <span>37</span>Hänen alamaisiaan olivat myös taiturit, kaikki rakentajat, sukeltajat</p>
      <p>
      <span>38</span>ja muut kahleissa olevat.</p>
      <p>
      <span>39</span>»Tämä on Meidän vapaa lahjamme, josta voit tuhlata tai pidättää ilman tilintekoa.»</p>
      <p>
      <span>40</span>Ja hän pääsi ylhäisiin asuntoihin nauttimaan Meidän läheisyydestämme.</p>
      <p>
      <span>41</span>Muistakaa myös palvelijaamme Jobia, joka huusi Herralleen: »Saatana on lyönyt minua vaivalla ja tuskalla!»</p>
      <p>
      <span>42</span>(Ja Herra vastasi:) »Polje jalallasi maahan, ja siitä nousee viileä lähde peseytyäksesi ja sammuttaaksesi janosi!»</p>
      <p>
      <span>43</span>Ja Me annoimme hänelle takaisin perheensä ja yhtä monta lisäksi armonosoituksenamme ja tunnusmerkkinä ymmärtäväisille.</p>
      <p>
      <span>44</span>»Ota haltuusi jonkun verran maallista omaisuutta ja tyydy siihen halaamatta sitä, mikä pettää.» Me havaitsimme Jobin todella kelvolliseksi palvelijaksemme. Herkeämättä kääntyi hän rukoillen Meidän puoleemme.</p>
      <p>
      <span>45</span>Muistakaa myös palvelijoitamme Aabrahamia, Iisakkia ja Jaakobia, miehiä, joilla oli voimaa ja viisautta.</p>
      <p>
      <span>46</span>Totisesti Me kasvatamme heidät puhtaaksi koko olemukseltaan ja alinomaa pitämään silmällä lopullista määränpäätään.</p>
      <p>
      <span>47</span>Ja totisesti he pääsivätkin Meidän tykömme valittuina, parhaina.</p>
      <p>
      <span>48</span>Muistakaa Ismaelia, Elisaa ja Hesekieliä, jotka myös parhaitten joukkoon kuuluivat.</p>
      <p>
      <span>49</span>Tämä olkoon muistutukseksi ja lupaukseksi, että ylhät asunnot odottavat jumalaapelkääväisiä,</p>
      <p>
      <span>50</span>iäisyyden tarhat, joihin ovet ovat heille avoinna,</p>
      <p>
      <span>51</span>joissa he saavat leväten aterioida, nauttien kaikenlaisia hedelmiä ja juomia.</p>
      <p>
      <span>52</span>Heidän seuraansa liittyvät heidän ikäisensä naiset, jotka siveästi katseensa hillitsevät.</p>
      <p>
      <span>53</span>Kaikki tämä luvataan teille tuomionpäiväksi.</p>
      <p>
      <span>54</span>Voitte olla varmat näistä meidän lahjoistamme, jotka eivät konsanaan ehdy.</p>
      <p>
      <span>55</span>Näin on oleva, mutta yhtä varmasti on valmistettu surkea tyyssija pahoille,</p>
      <p>
      <span>56</span>helvetti, johon he saavat astua, kamala kitumispaikka.</p>
      <p>
      <span>57</span>Näin pitää olla, heidän on annettava maistaa sitä ja myös kiehuvaa juomaa</p>
      <p>
      <span>58</span>sekä muita yhtä tuskallisia rangaistuksia.</p>
      <p>
      <span>59</span>Sinne syöksyy päistikkaa ihmispaljous teidän mukananne, eikä kajahda heille tervehdys, kun he tuleen joutuvat.</p>
      <p>
      <span>60</span>Nämä sanovat nyt houkuttelijoilleen: »Ei, teitä emme tahdo tuntea, te tämän surkean paikan meille valmistitte.»</p>
      <p>
      <span>61</span>He sanovat myös: »Herra, sille, joka tämän meille valmisti, lisää kaksinkertaisiksi tulen tuskat.»</p>
      <p>
      <span>62</span>Vielä ihmettelevät he: »Miksi emme täällä näe ihmisiä, joita pidimme paheellisina?</p>
      <p>
      <span>63</span>Aiheettako me heitä ylenkatsoimme, vai ovatko silmämme nyt heistä poispäin kääntyneet?»</p>
      <p>
      <span>64</span>Sellainen on riitelevien tulen asukkaiden todellinen tila.</p>
      <p>
      <span>65</span>Sano: »Minä olen vain varoittaja. Ei ole muuta jumalaa kuin Jumala, ainoa, kaikkivaltias,</p>
      <p>
      <span>66</span>taivaiden ja maan ja niiden välisen avaruuden Herra, mahtava, armahtavainen.»</p>
      <p>
      <span>67</span>Sano: »Tämä on tärkeä sanoma,</p>
      <p>
      <span>68</span>mutta kuitenkin te käännytte poispäin.»</p>
      <p>
      <span>69</span>Minulla (Muhammedilla) ei ollut tietoa ylhäisistä valtiaista, kun heidän välillään syntyi kiistaa,</p>
      <p>
      <span>70</span>eihän minulle muuta ilmoitettu, kuin että minut lähetettiin varoittajaksi.»</p>
      <p>
      <span>71</span>Kun Herra sanoi enkeleille: »Totisesti, tahdon luoda kuolevaisen ihmisen maan tomusta,</p>
      <p>
      <span>72</span>ja kun olen tehnyt hänet täydelliseksi sekä puhaltanut häneen henkeni, langetkaa kasvoillenne luvaten hänelle kuuliaisuutta! »</p>
      <p>
      <span>73</span>niin enkelit ilmaisivat kuuliaisuutensa, kaikki tyynni,</p>
      <p>
      <span>74</span>ei kuitenkaan Iblis, joka oli ylpeä ja kuului uskottomiin.</p>
      <p>
      <span>75</span>Jumala sanoi: »Iblis, mikä esti sinua ilmaisemasta kuuliaisuuttasi hänelle, jonka olen omilla käsilläni luonut? Oletko ylpeä vai oletko niin korkealle korotettu?»</p>
      <p>
      <span>76</span>Tämä vastasi: »Olen parempi kuin hän: Sinä olet luonut minut tulesta, ja hänet loit maan tomusta.»</p>
      <p>
      <span>77</span>Ja Herra sanoi: »Silloin mene tiehesi, sillä totisesti karkoitan sinut,</p>
      <p>
      <span>78</span>ja minun kiroukseni langetkoon ylitsesi tuomiopäivään asti.»</p>
      <p>
      <span>79</span>Hän sanoi: »Herra, anna minulle aikaa siihen päivään saakka, kunnes heidät uuteen elämään herätetään!»</p>
      <p>
      <span>80</span>Herra sanoi: »Olkoon sinulla aikaa</p>
      <p>
      <span>81</span>siihen hetkeen asti, joka on tarkoin määrätty.»</p>
      <p>
      <span>82</span>Hän sanoi: »Sinulta saamallani voimalla minä totisesti saatan heidät lankeamaan kaikki tyynni,</p>
      <p>
      <span>83</span>paitsi vilpittömät palvelijasi heidän keskuudessaan.»</p>
      <p>
      <span>84</span>Herra sanoi: »Totuuden nimessä, jonka nyt julistan,</p>
      <p>
      <span>85</span>Minä totisesti täytän teillä helvetin, heittäen sinne sinut sekä kaikki ne, jotka sinua seuraavat.»</p>
      <p>
      <span>86</span>Sano: »En pyydä teiltä mitään palkkiota, enkä kuulu niihin, jotka teeskentelevät.</p>
      <p>
      <span>87</span>Tämä on vain varoitus kansoille,</p>
      <p>
      <span>88</span>ja aivan varmaan tulette kaiken kokemaan aikanaan.»</p>
    </div>
  </body>
</html>
