﻿<?xml version="1.0"?>
<html>
  <head>
    <meta http-equiv="Content-Type" content="text/html; charset=utf-8" />
    <title>Joukkojen Suura</title>
  </head>
  <body>
    <h1>
    <span>39</span>Joukkojen suura</h1>
    <div class="johdanto">
      <h2>JOHDANTO:</h2>
      <p>KOLMASKYMMENES YHDEKSÄS SUURA: Joukot (Az-Zumar) Ilmoitettu Mekassa (75 jaetta )</p>
      <p>Az-Zumar, »Joukot», saa nimensä merkillisestä sanasta, joka tarkoittaa joukkoja tai laumoja ja esiintyy jakeessa 71 ja jälleen jakeessa 73. Muutamat selittäjät ovat sitä mieltä, että jakeet 53 ja 54 on ilmoitettu Medinassa.</p>
      <p>Suura tuntuu ilmeisesti kuuluvan Mekassa ilmoitettujen keskiryhmään, vaikkakin Nöldeke sijoittaa sen viimeiseen ryhmäänsä.</p>
    </div>
    <div class="sura">
      <h2>Aloitan JUMALAN, laupiaan Armahtajan, nimeen.</h2>
      <p>
      <span>1</span>Pyhän Kirjan ilmoitus on tullut mahtavalta, viisaalta Jumalalta.</p>
      <p>
      <span>2</span>Me olemme kaikessa totuudessa sinulle ilmoittanut Pyhän Kirjan, joten sinun on palveltava Jumalaa vilpittömässä kuuliaisuudessa Häntä kohtaan.</p>
      <p>
      <span>3</span>Tämä vilpitön kuuliaisuus kohdistukoon ainoastaan Jumalaan, mitä taasen niihin tulee, jotka pitävät itsellään Jumalan vertaisia suojelijoita sanoen: »Me palvelemme vain niitä, jotta ne lähentäisivät meitä Jumalaan», Jumala kyllä totisesti heidän riitansa ratkaisee; varma on, ettei Jumala johdata oikeaan valehtelijoita eikä kiittämättömiä.</p>
      <p>
      <span>4</span>Jos Jumala olisi halunnut hankkia pojan itselleen, Hän olisi varmasti valinnut niistä luomistaan, joihin Hänellä on mielisuosio. Kunnia olkoon yksin Hänelle! Hän on Jumala, ainoa, kaikkivaltias.</p>
      <p>
      <span>5</span>Hän on luonut taivaat ja maan totuuden voimalla. Hän antaa yön verhota päivän ja päivän yllättää yön; Hän on luonut auringon ja kuun palvelemaan itseään, kumpikin kiitää aikansa kohti määränpäätä; Hän on todellakin valtava, suuri anteeksiantamuksessaan.</p>
      <p>
      <span>6</span>Hän on luonut teidät kaikki yhdestä olennosta antamalla tälle veroisensa parikseen. Hän on antanut teille kahdeksan elukkaa pareina karjaksenne. Hän antaa teille elämän äitienne kohduissa; tämä on luomistyötä jälkeen luomisen, kolminkertaisessa pimeydessä; sellainen on Jumala, teidän Herranne, Hänen on kuninkuus, ei ole muuta jumalaa kuin Hän, miksi siis kääntyisitte poispäin?</p>
      <p>
      <span>7</span>Jos olette kiittämättömiä, niin onhan Jumala ylenpalttisesti itselleen riittävä, tarvitsematta teiltä hituistakaan. Hän ei pidä palvelijainsa kiittämättömyydestä. Mutta jos te olette kiitollisia, Häntä ilahduttaa tämä ominaisuutenne, eikä kukaan joudu toisen kuormaa kantamaan; Herranne tykö on teidän palattava, ja Hän silloin luettelee teille tekonne, sillä Hän totisesti tietää kaiken, mitä povessanne piilee.</p>
      <p>
      <span>8</span>Ja kun ahdinko piirittää ihmisen, tämä huutaa Herraansa avukseen kääntyen alinomaa Hänen puoleensa; mutta kun Hän sitten antaa ihmiselle suosiotaan, tämä unohtaa sen, jonka vuoksi hän Häneltä taannoin apua anoi, ja asettaa Jumalan rinnalle kilpailijoita johdattaen siten ihmisiä harhaan Hänen tieltään. Sano: »Nauttikaa nyt vähän aikaa elämästä kiittämättömyydessänne, olettehan kuitenkin tulen omat!»</p>
      <p>
      <span>9</span>Vai saisitteko saman osan kuin se, joka palvelee Herraa yönkin tunteina, langeten kasvoilleen tai rukoillen seisoaltaan, joka pitää mielessään tulevaa elämää ja luottaa Herransa armoon? Sano: »Ovatko tietävät ja tietämättömät samanarvoisia? Vain ymmärtäväiset ottavat vaarin.»</p>
      <p>
      <span>10</span>Sano: »Palvelijani, te, jotka uskossa vaellatte, täyttäkää tarkoin velvollisuutenne Herraanne kohtaan: Hän on hyvä niille, jotka tässä maailmassa hyvää harrastavat, ja Jumalan maanääret ovat laajat; vain kärsivälliset palkitaan täyden ansionsa mukaan, mittailematta.</p>
      <p>
      <span>11</span>Sano: »Minun on käsketty palvella Jumalaa vilpittömässä kuuliaisuudessa,</p>
      <p>
      <span>12</span>ja minun on myös käsketty olla ensimmäinen muslimeista.»</p>
      <p>
      <span>13</span>Sano: »Jos olisin tottelematon Herralleni, saisin pelätä murhepäivän kuritusta.»</p>
      <p>
      <span>14</span>Sano: »Yksin Jumalaa minä palvelen ja olen vilpitön kuuliaisuudessani.»</p>
      <p>
      <span>15</span>Palvelkaa siis Hänen rinnallaan ketä mielenne tekee! Sano: »Ne vasta hävinneitä ovat, jotka ylösnousemuspäivänä itsensä ja perheensä kadottavat; se on totisesti ilmeinen häviö.»</p>
      <p>
      <span>16</span>Tuli on oleva peitteenä heidän yllänsä, ja tuli levittäytyy heidän alustakseen; niin peloittava on Jumalan varoitus palvelijoilleen; ottakaa siis tarkoin vaari velvollisuuksistanne Minua kohtaan, palvelijana.</p>
      <p>
      <span>17</span>Niille, jotka pidättyvät epäjumalien palvelemisesta ja kääntyvät ainoastaan Jumalan puoleen, on varattu hyvä sanoma. Julista siis ilosanomaa Minun palvelijoilleni,</p>
      <p>
      <span>18</span>niille, jotka kuulevat sanani ja sitten parhaansa mukaan sitä toteuttavat; sellaisilla on oleva Jumalan johdatus, sellaiset ovat ymmärtäväisiä.</p>
      <p>
      <span>19</span>Vai ajatteletko niiden osaa, joita vastaan on kuritustuomio valmiina. Miten voisitkaan pelastaa ketään tulen omaa?</p>
      <p>
      <span>20</span>Mutta niille, jotka hartaasti täyttävät velvollisuutensa Jumalaa kohtaan, on varattu ylhäiset sijat, joiden yläpuolellakin avautuu heille valmistettuja sijoja ja joiden alapuolella virtaavat vedet; tällainen on Jumalan lupaus, eikä Jumala lupaustaan petä.</p>
      <p>
      <span>21</span>Etkö ole huomannut, kuinka Jumala lähettää vettä ylhäältä pilvistä, sitten antaa sen virrata maahan, taas nousta pinnalle lähteinä; ja veden mukana ilmestyy kaikenlaista vihantaa, joka sitten lakastuu, niin että näet sen kellastuvan; vihdoin Hän antaa sen mureta ja hajota. Tässä on todellakin muistutus ymmärtäväisille.</p>
      <p>
      <span>22</span>Luuletteko, että se, jonka sydämen Jumala on avannut Islaamille, niin että hän on tullut Herransa valon levittäjäksi, on kovasydämisten kaltainen. Mutta voi niitä, joiden sydämet ovat paatuneet eivätkä Jumalaa muistele; he ovat ilmeisessä harhassa.</p>
      <p>
      <span>23</span>Jumala on ilmoittanut parhaan sanomansa, Kirjan, jonka eri osat toisiinsa sopeutuvat ja josta väliin luetaan sellaista, mikä panee jumalaapelkääväisten ihon väreilemään ja sitten heidän sydämensä heltyen Jumalaa mietiskelemään; sellainen on Jumalan johdatus, Hän ohjaa sillä ketä suvaitsee, ja kenet Jumala jättää harhaan, sille ei löydy opasta.</p>
      <p>
      <span>24</span>Minkä arvoinen silloin on se, jonka täytyy ylösnousemuspäivänä omin neuvoin varjella itseään kaameata kuritusta vastaan? Silloin väärintekijöille sanotaan: »Saakaa se, minkä ansaitsitte! »</p>
      <p>
      <span>25</span>Heidän edeltäjänsäkin, jotka myös torjuivat luotansa profeetat, yllätti kuritus taholta, jota he eivät osanneet arvata.</p>
      <p>
      <span>26</span>Siten pani Jumala heidät maistamaan ahdistusta jo tässäkin elämässä, mutta tulevassa on heille varmasti varattu vielä suurempi kuritus; jospa he sen vain oivaltaisivat!</p>
      <p>
      <span>27</span>Tässä Koraanissa Me totisesti olemme esittänyt ihmisille kaikenlaatuisia vertauksia, jotta he voisivat käsittää.</p>
      <p>
      <span>28</span>Tämä on arabiankielinen Koraani, ilman mitään kaarteluja, jotta he osaisivat karttaa pahaa.</p>
      <p>
      <span>29</span>Jumala esittää vertauksen: Tuossa on ihminen, joka on liittynyt useampiin keskenään eripuraisiin seuralaisiin, ja tässä on ihminen, joka on kokonaan omistanut itsensä yhdelle. Onko näiden kahden tila samanlainen? Ei, kunnia olkoon Jumalalle; mutta enin osa ei tätä tajua.</p>
      <p>
      <span>30</span>Mutta kuolema tulee teille ja yhtä varmasti heille,</p>
      <p>
      <span>31</span>ja ylösnousemuksen päivänä ratkaistaan kiistanne Herran edessä.</p>
      <p>
      <span>32</span>Ken onkaan enemmän väärässä kuin se, joka väittää valheellista Jumalasta ja joka vääristelee totuuden, kun se hänelle ilmoitetaan; eikö muka helvetissä riitä tilaa sellaisille uskottomille?</p>
      <p>
      <span>33</span>Mutta ne, jotka tuovat totuuden ja jotka totuutena sen vastaanottavat, nämä ovat pahaa karttavia.</p>
      <p>
      <span>34</span>Herransa luona heillä tulee olemaan mitä he haluavat; sellainen on palkkio hyvää tekeville;</p>
      <p>
      <span>35</span>Jumala ei lue heidän syykseen pahinta heidän tekemästään, vaan antaa heille palkinnon parhaasta, minkä he tekivät.</p>
      <p>
      <span>36</span>Eikö Jumalassa ole kyllin hänen palvelijalleen? Sellaisillako he yrittävät teitä peloitella, joita he Jumalan asemesta palvelevat? Kenet Jumala päästää harhaan, hänelle ei opasta löydy.</p>
      <p>
      <span>37</span>Mutta joka elää Jumalan johdatuksessa, häntä ei kukaan saata eksyttää. Eikö Jumala ole mahtava, kaikki palkitseva Herra?</p>
      <p>
      <span>38</span>Jos te heiltä kysytte, kuka on luonut taivaat ja maan, he varmaan vastaavat: »Jumala.» Sano: »Ettekö niin ollen voi päätellä, mahtaisivatko ne, joita Jumalan sijasta kumarratte, torjua vahingon, jos Jumala tahtoisi ihmistä vahingoittaa, tai mahtaisivatko he estää Hänen armonsa tulemista, jos Jumala suvaitsisi armoaan osoittaa? Sano: »Minulle on Jumalassani kyllin. Häneen luottavat luottavaiset.»</p>
      <p>
      <span>39</span>Sano: »Kansalaiseni, tehkää työtä kukin paikallanne, minäkin olen työni tekevä, ja te tulette oivaltamaan,</p>
      <p>
      <span>40</span>kuka kuuluu niihin, joita kohtaa masentava kuritus, ja kuka on loppumattoman rangaistuksen ansainnut.»</p>
      <p>
      <span>41</span>Kun Me totisesti olemme sinulle ilmoitusten kautta antanut Pyhän Kirjan ja siinä totuuden ihmisiä varten, niin ken ikinä noudattaa oikeata tietä, hän tekee sen oman sielunsa parhaaksi, ja ken ikinä harhailee, harhailee omaksi turmiokseen, etkä sinä sellaisista ole vastuussa.</p>
      <p>
      <span>42</span>Jumala ottaa huostaansa joka ihmisen sielun hänen kuollessaan, ja sellaisilta, joiden aika ei ole kuolla, heidän nukkuessaan. Niiden sielut Hän pidättää, joiden Hän on kuolla määrännyt, ja muiden sielut palauttaa Hän määrähetkeen asti. Tässä on tunnusmerkki ihmisille, jotka mietiskelevät.</p>
      <p>
      <span>43</span>Entä ne, jotka ovat Jumalan ohella itselleen puolustajia omaksuneet. Sano: »Ne eivät ole ikinä vallinneet eivätkä mitään ymmärrä.»</p>
      <p>
      <span>44</span>Sano: »Jumala yksin kykenee puolustamaan, Hänen on taivasten ja maan valtakunta, Hänen luokseen teidän on palattava.»</p>
      <p>
      <span>45</span>Kun Jumalan nimi vain mainitaan, niin tulevan elämän kieltäjäin sydämet kouristuvat, mutta kun niistä puhutaan, joita he Hänen sijastaan kumartavat, katso, se heitä ilahduttaa.</p>
      <p>
      <span>46</span>Sano: »Oi, Jumala! Taivaiden ja maan alkuunpanija, silmiltä salatun ja näkyväisten tietäjä! Vain Sinä voit tuomita palvelijoitasi siinä, missä he ovat eri mieltä.»</p>
      <p>
      <span>47</span>Vaikkapa väärintekijät omistaisivat kaiken, mitä maailmassa on, ja saman verran lisää, he varmasti tarjoisivat sen lunnaiksi pelastuakseen pahalta, jolla heitä kuritetaan ylösnousemuksen päivänä, ja sen, mikä ei koskaan heidän mieleensä juolahtanut, Jumala nyt ilmaisee heille.</p>
      <p>
      <span>48</span>Heidän tekojensa pahat seuraukset selkenevät heille, ja juuri se, mitä he pilkkanaan pitivät, on heitä kohtaava.</p>
      <p>
      <span>49</span>Kun isku kohtaa ihmistä, hän huutaa Meitä avukseen: mutta kun Me annamme hänelle armoamme, hän sanoo: »Minä sain sen tietoni avulla.» Ei, häntä vain koetellaan, mutta enin osa heistä ei tajua sitä.</p>
      <p>
      <span>50</span>Ennen heitä eläneet myös sanoivat samaa, mutta se, mitä he aikaansaivat, ei heitä auttanut.</p>
      <p>
      <span>51</span>Sen sijaan heille jäi pahat seuraukset ansioistaan; kaikille väärintekijöille jäävät pahat seuraukset heidän ansaitsemakseen kuormaksi, eivätkä he sitä voi välttää.</p>
      <p>
      <span>52</span>Eivätkö he tiedä, että Jumala kenelle tahtoo enentää elinvaroja ja myös niitä supistaa. Nämä ovat varmoja tunnusmerkkejä uskoville ihmisille.</p>
      <p>
      <span>53</span>Sano: »Te palvelijani, jotka olette toimineet sielujenne vahingoksi, älkää olko epätoivoisia Jumalan laupeuden suhteen; aivan varmasti Jumala antaa syntinne kokonaan anteeksi, sillä Hän on totisesti armahtava, laupias.</p>
      <p>
      <span>54</span>Mutta kääntykää Herranne puoleen yhä uudelleen ja alistukaa kuuliaisuudessa, ennenkuin kuritus teitä kohtaa, jolloin teitä ei auteta.</p>
      <p>
      <span>55</span>Ja noudattakaa parhainta, minkä Herranne ylhäältä on teille ilmoittanut, ennenkuin rangaistus tulee niin äkkiä, että sitä ette edes huomaa,</p>
      <p>
      <span>56</span>jottei kukaan joutuisi sanomaan: 'Voi minua, mitä minä laiminlöinkään Jumalaa kohtaan! Varmasti kuuluin minäkin niihin, jotka pilkkasivat!'</p>
      <p>
      <span>57</span>Tai ettei kukaan sanoisi: 'Jospa Jumala olisi minua johdattanut, olisin varmasti kuulunut pahaa karttavien lukuun.'</p>
      <p>
      <span>58</span>Tai sanoisi nähdessään kurituksen: 'Jospa vain minun sallittaisiin palata maan päälle, kuuluisin hyvää harrastaviin.'</p>
      <p>
      <span>59</span>Toden totta, Minun sanomani saavuttivat teidät, mutta te torjuitte ne, olitte ylpeitä ja epäuskoisia.</p>
      <p>
      <span>60</span>Ylösnousemuspäivänä olette näkevä ne. jotka Jumalasta valheita puhuivat: heidän kasvonsa mustuvat. Eikö helvetissä riittäisi tilaa ylpeille?</p>
      <p>
      <span>61</span>Mutta ne, jotka pahaa karttavat, Jumala vapahtaa, paha ei voi heihin tarttua eikä heidän tarvitse murehtia.</p>
      <p>
      <span>62</span>Jumala on kaiken luonut ja pitää kaiken vallassaan.</p>
      <p>
      <span>63</span>Hänen ovat taivaiden ja maan aarteet, mutta kaikkensa menettävät ne, jotka eivät usko Jumalan ilmoituksiin.</p>
      <p>
      <span>64</span>Sano: »Neuvotteko minua palvelemaan muita kuin Jumalaa, te tietämättömät ihmiset?»</p>
      <p>
      <span>65</span>Onhan sinulle ilmoitettu, kuten edeltäjillesikin, että jos sinä ketään muuta paitsi Jumalaa julistat, koko työsi raukeaa tyhjiin ja itse olet varmasti hukassa.</p>
      <p>
      <span>66</span>Ei, palvelkaa ainoastaan Jumalaa ja olkaa kiitollisia.</p>
      <p>
      <span>67</span>Mutta he eivät ole palvelleet Jumalaa Hänelle tulevalla kunnioituksella, vaikka ylösnousemuspäivänä koko maa on Hänen käsissään ja Hän käärii taivaat oikeaan käteensä. Ylistys olkoon Hänelle, olkoon Hän kohotettu yli kaikkien, joita he Hänen rinnalleen asettavat.</p>
      <p>
      <span>68</span>Ja kun pasuunaan puhalletaan, niin kaikki taivaassa ja kaikki maan päällä menevät tainnoksiin paitsi Jumalan vahvistamat; sitten puhalletaan uudestaan, ja katso, he nousevat odottaen.</p>
      <p>
      <span>69</span>Ja maa säteilee Herransa valkeutta, ja Pyhä Kirja otetaan esille, niinikään profeetat ja todistajat, ja tuomio langetetaan ihmisille oikeudenmukaisesti, ei heitä väärin tuomita.</p>
      <p>
      <span>70</span>Ja joka sielulle maksetaan palkkansa kaikesta, mitä se on tehnyt; Hän tietää kaikki heidän tekonsa.</p>
      <p>
      <span>71</span>Ja ne, jotka uskon kielsivät, ajetaan joukoittain helvettiin, kunnes portit avataan ja vartijat heille sanovat: »Eikö teidän luoksenne tullut sananjulistajia omasta keskuudestanne lausuen teille Herransa ilmoituksia ja varoittaen teitä tämän päivän saapumisesta?» He sanovat: »Kyllä.» Mutta olihan uskon kieltäjille valmiina rangaistustuomio.</p>
      <p>
      <span>72</span>Ja heille sanotaan: »Käykää helvetin porteista sisään siellä ikuisesti kitumaan!» Kurja on ylpeiden olinpaikka.</p>
      <p>
      <span>73</span>Mutta ne, jotka täyttivät Herransa tahdon, opastetaan myöskin joukoittain paratiisiin, jonka portit avautuvat heidän saapuessaan, ja vartijat sanovat heille: »Rauha olkoon teille, te onnelliset, astukaa sisälle ja asukaa täällä ikuisesti!»</p>
      <p>
      <span>74</span>Ja he sanovat: »Kaikki kunnia olkoon Jumalan, Hän on hyvyydessään toteuttanut meille lupauksensa ja antanut meidän periä maan, ja me saamme asua paratiisissa missä vain haluamme.» Niin ylenpalttinen on palkkio työnsä tehneille.</p>
      <p>
      <span>75</span>Ja sinä saat nähdä enkelien kiertävän valtaistuimen ympäri veisaten ylistystä Herralleen. Kaikki tuomitaan oikeudenmukaisesti ja sanotaan: »Kaikki kunnia olkoon Jumalan, maailmojen valtiaan!»</p>
    </div>
  </body>
</html>
