﻿<?xml version="1.0"?>
<html>
  <head>
    <meta http-equiv="Content-Type" content="text/html; charset=utf-8" />
    <title>Uskovaisen Suura</title>
  </head>
  <body>
    <h1>
    <span>40</span>Uskovaisen suura</h1>
    <div class="johdanto">
      <h2>JOHDANTO:</h2>
      <p>NELJÄSKYMMENES SUURA: Uskovainen (Al-Mû´min) Ilmoitettu Mekassa (85 jaetta )</p>
      <p>Al-Mû´min, »Uskovainen», saa nimensä jakeista 28-45, joissa kerrotaan faraon talossa asuvan uskovaisen yrityksestä kehoittaa kansaansa olemaan vastustamatta Moosesta ja Aaronia. Se on ensimmäinen niistä seitsemästä suurasta, joihin kaikkiin toisinaan viitataan nimellä Haa, Miim, koska ne alkavat näillä arabialaisilla kirjaimilla.</p>
      <p>Se kuuluu Mekassa ilmoitettujen suurain keskiryhmään. Muutamien selittäjien mielestä jakeet 56 ja 57 on ilmoitettu Medinassa.</p>
    </div>
    <div class="sura">
      <h2>Aloitan JUMALAN, laupiaan Armahtajan, nimeen.</h2>
      <p>
      <span>1</span>Ylistetty, kunnian Jumala.</p>
      <p>
      <span>2</span>Kirjoituksen on ilmoittanut Jumala, jonka on mahti ja tieto,</p>
      <p>
      <span>3</span>joka antaa vikamme anteeksi ja kuulee katumuksemme, rankaisee ankarasti, Jalo Herra; ei ole muuta Jumalaa kuin Hän, Hänen luokseen kaikki palaa.</p>
      <p>
      <span>4</span>Jumalan ilmoituksista kiistelevät vain ne, jotka eivät usko: älä sentähden anna sen johtaa sinua harhaan, että he menestyvät maailmassa.</p>
      <p>
      <span>5</span>Ennen heitä Nooan kansa ja jälkeentulevat sukupolvet hylkäsivät profeetat; joka kansalla on ollut surmanhankkeita sananjulistajiaan vastaan, ja ne ovat taistelleet valheen avulla tehdäkseen tyhjäksi totuuden. Siksi tuhosin heidät, millainen olikaan silloin Minun kostoni!</p>
      <p>
      <span>6</span>Näin osoittautui todeksi uskottomia vastaan se Herrasi sana, että he joutuvat tulen omiksi.</p>
      <p>
      <span>7</span>Ne, joille on uskottu valta, ja ne, jotka ympäröivät Häntä, julistavat Herransa kunniaa, uskovat Häneen ja anovat varjelusta uskovaisille: »Herra, Sinä suljet kaiken armoosi ja tietoosi; varjele sentähden niitä, jotka kääntyvät puoleesi ja noudattavat tietäsi; säästä heidät helvetin rangaistuksesta.</p>
      <p>
      <span>8</span>Herra, salli heidän asettua niihin ikiaikojen tarhoihin, jotka olet luvannut heille ja niille heidän isillensä, vaimoillensa ja jälkeläisillensä, jotka tekevät hyvää. Totisesti, Sinun on mahti ja viisaus.</p>
      <p>
      <span>9</span>Pidätä heidät pahoista teoista! » Sillä sen, joka tässä ajassa pahaa karttaa, Sinä todella armahdat tuomion päivänä; niin, se on suurin autuus.</p>
      <p>
      <span>10</span>Totisesti huudetaan niille, jotka eivät usko: »Jumalan viha teitä kohtaan on suurempi kuin omanne, koska teidät kutsuttiin uskoon, mutta te sen hylkäsitte.»</p>
      <p>
      <span>11</span>He sanovat: »Herra, kaksi kertaa olet pannut meidät kuolemaan ja kaksi kertaa olet antanut meille elämän; me tunnustamme syntimme, mutta onko nyt meille pelastuksen tietä?»</p>
      <p>
      <span>12</span>Näin kävi siksi, että te ette uskoneet, kun oli palveltava yksin Jumalaa; mutta uskoitte kyllä, jos joku muu asetettiin Hänen rinnalleen. Tuomio kuuluu Jumalalle, korkealle, suurelle.</p>
      <p>
      <span>13</span>Yksin Hän näyttää teille merkkinsä ja lähettää teille antimensa taivaasta, mutta vain se ottaa niistä vaarin, joka turvautuu Häneen.</p>
      <p>
      <span>14</span>Huutakaa siis Jumalaa avuksi ollen Hänelle vilpittömän kuuliaiset, vaikka uskottomat olisivatkin nurjamielisiä.</p>
      <p>
      <span>15</span>Hän, joka on kaikkien arvojen yläpuolella, Herra, jolla on valta, lähettää oman henkensä voiman otolliselle palvelijalleen, jotta tämä varoittaisi ihmisiä tuomiopäivästä,</p>
      <p>
      <span>16</span>siitä päivästä, jolloin heidän on astuttava esiin. Mikään heidän ajatuksensa ei pysy Jumalalta salassa. Kuka hallitsee tuona päivänä? Jumala, ainoa, kaikkivaltias.</p>
      <p>
      <span>17</span>Sinä päivänä jokainen sielu palkitaan ansionsa mukaan; vääryyttä ei kellekään tehdä tuona päivänä. Totisesti, Jumala tekee tilinsä nopeasti.</p>
      <p>
      <span>18</span>Ja varoita heitä lähestyvästä päivästä, jolloin sydän nousee kurkkuun sisäisestä ahdingosta. Jumalattomilla ei ole yhtään ystävää eikä puoltajaa, jota kuunneltaisiin.</p>
      <p>
      <span>19</span>Hän tuntee silmien vilpin ja sen, mitä mieleen on kätketty.</p>
      <p>
      <span>20</span>Jumalan tuomio on vanhurskas, mutta ne, joiden puoleen he kääntyvät Hänen asemestaan, eivät saata lainkaan tuomita; totisesti Jumala on kuuleva, näkevä.</p>
      <p>
      <span>21</span>Eivätkö he ole kiertäneet maata ja nähneet, minkälainen on ollut niiden loppu, jotka elivät ennen heitä? Ne olivat aikanaan mahtavampia voimiltaan ja varustuksiltaan kuin nämä, mutta Jumala tuhosi heidät heidän syntiensä tähden; ja heillä ei ollut yhtään puolustajaa Jumalaa vastaan.</p>
      <p>
      <span>22</span>Tämä tapahtui siksi, että vaikka sananjulistajat tulivat heidän luokseen selvin todistuksin, he torjuivat ne, ja niin Jumala löi heidät; totisesti Hän on väkevä ja ankara tilinteossaan.</p>
      <p>
      <span>23</span>Olemme lähettänyt Mooseksen tunnusmerkkeinemme ja selvin valtuuksin</p>
      <p>
      <span>24</span>faraon, Haamanin ja Korahin luo, mutta he sanoivat: »Hän on valehtelija ja noita.»</p>
      <p>
      <span>25</span>Kun hän näin toi heille Meiltä totuuden sanoman, sanoivat he: »Surmatkaa niiden pojat, jotka uskovat samoin kuin hän, mutta jättäkää naiset henkiin!» Mutta uskottomien juonet raukesivat tyhjiin.</p>
      <p>
      <span>26</span>Ja farao sanoi: »Odottakaa, niin surmaan Mooseksen, ja huutakoon hän avuksi Herraansa! Totisesti pelkään, että hän turmelee uskontonne tai saa aikaan epäjärjestystä maassa.»</p>
      <p>
      <span>27</span>Ja Mooses sanoi omilleen, »Totisesti turvaudun Herraani ja teidän Herraanne jokaista vastaan, joka ylpeilee eikä usko tuomion päivään.»</p>
      <p>
      <span>28</span>Silloin sanoi eräs faraon väkeen kuuluva uskova mies, joka salasi uskontonsa: »Surmaatteko miehen sentähden, että hän sanoo: 'Jumala on Herrani?' Hän on totisesti tuonut teille selvät todistukset Herralta. Jos hän valehtelee, lankeaa valhe hänen päällensä, mutta jos hän puhuu totta, niin teille koituu jotakin siitä, millä hän teitä uhkaa. Totisesti, Jumala ei ohjaa sitä, joka on pöyhkeäsanainen ja petollinen.</p>
      <p>
      <span>29</span>Kansalaiseni, tänä päivänä on herruus ja valta maassa teidän, mutta kuka auttaa meitä välttymään Jumalan rangaistuksesta, jos se meidät kohtaa?» Mutta farao sanoi: »En neuvo teille muuta kuin sitä, mitä itse pidän hyvänä, enkä kehoita teitä seuraamaan muuta kuin oikeata tietä.»</p>
      <p>
      <span>30</span>Mutta tuo uskovainen sanoi: »Kansalaiseni, pelkään teille tapahtuvan jotakin sellaista kuin samanmielisille,</p>
      <p>
      <span>31</span>niinkuin tapahtui Nooan kansalle, Aadille, Tamuudille ja niille, jotka elivät heidän jälkeensä; Jumala ei tahdo vääryyttä tehtävän palvelijoilleen.</p>
      <p>
      <span>32</span>Kansani, pelkään puolestanne viimeistä tuomiota,</p>
      <p>
      <span>33</span>päivää, jolloin käännytte pakoon eikä teillä ole ketään, joka pelastaisi teidät Jumalan vihalta, sillä kenen Jumala antaa kulkea harhaan, sillä ei ole lainkaan opasta.</p>
      <p>
      <span>34</span>Totisesti on Joosef tullut aikaisemmin luoksenne selvin todistuksin, mutta te yhä epäilitte hänen sanomaansa, aina siihen saakka, kunnes hän kuoli ja te sanoitte: »Jumala ei enää milloinkaan hänen jälkeensä lähetä sananjulistajaa». Näin saattaa Jumala pöyhkeäsanaiset ja epäilijät harhaan.</p>
      <p>
      <span>35</span>Niitä, jotka kiistelevät Jumalan ilmoituksista saamatta Häneltä siihen valtaa, kohtaa ankarana Jumalan ja uskovien viha. Näin sinetöi Jumala jokaisen pöyhkeän ja ylenkatseisen sydämen.</p>
      <p>
      <span>36</span>Ja farao sanoi: »Haaman, rakenna minulle torni, jotta minulla olisi tie</p>
      <p>
      <span>37</span>ja pääsy taivaaseen saavuttaakseni Mooseksen Jumalan; totisesti pidän häntä valehtelijana.» Näin näyttivät faraosta hänen pahat tekonsa kauniilta ja hän eksyi tieltä; mutta faraon juonet johtivat vain turmioon.</p>
      <p>
      <span>38</span>Ja tuo uskovainen sanoi: »Kansalaiseni, seuratkaa minua, minä johdan teidät oikealle tielle.</p>
      <p>
      <span>39</span>Kansalaiseni, tämän maailman elämä on vain katoavaa iloa, mutta se, mikä tulee tämän jälkeen, on pysyväinen kotimme.</p>
      <p>
      <span>40</span>Se, joka tekee pahan teon, saa sen mukaisen palkan; mutta ne, jotka tekevät hyvää ja uskovat, olkoot he sitten miehiä tai naisia, pääsevät paratiisiin, jossa heitä yltäkyllin ravitaan.</p>
      <p>
      <span>41</span>Kansalaiseni, miksi kutsun teitä pelastukseen, vaikka te kutsutte minua tuleen?</p>
      <p>
      <span>42</span>Te kehoitatte minua kieltämään Jumalan ja asettamaan Hänen rinnalleen jotakin sellaista, mistä minulla ei ole mitään tietoa, mutta minä kutsun teitä Hänen luokseen, jolla on valta ja armahdus.</p>
      <p>
      <span>43</span>Varmaa on, että sillä, jonka puoleen minua kutsutte, ei ole valtaa tässä eikä tulevassa maailmassa, ja että me palaamme Jumalan tykö, mutta väärintekijäin asuinpaikka on tuli.</p>
      <p>
      <span>44</span>Muistakaa siis, mitä sanon teille, ja minä uskon asiani Jumalan haltuun. Totisesti, Jumala näkee palvelijansa.»</p>
      <p>
      <span>45</span>Ja jumala varjeli häntä heidän pahoilta juoniltaan, ja mitä ankarin rangaistus kohtasi faraon kansan.</p>
      <p>
      <span>46</span>Tulen eteen viedään heidät joka aamu ja ilta, ja sinä päivänä, jolloin hetki lyö, julistetaan: »Faraon kansalle antakaa pahin rangaistus!»</p>
      <p>
      <span>47</span>Ja kun he riitelevät toinen toisensa kanssa tulessa, sanovat heikot ylvästelijöille: »Totisesti, me olimme teidän seuraajianne; ettekö siis tahdo ottaa meiltä osaa tulen tuskasta?»</p>
      <p>
      <span>48</span>Ne, jotka ovat ylpeitä, sanovat: »Totisesti, me olemme kaikki samassa kadotuksessa; Jumala on totisesti jakanut oikeuttaan palvelijoillensa.»</p>
      <p>
      <span>49</span>Ja ne, jotka ovat tulessa, sanovat helvetin kaitsijoille: »Anokaa Herraltanne, että Hän lievittäisi kuritustamme edes yhdellä päivällä.»</p>
      <p>
      <span>50</span>Nämä vastaavat: »Eivätkö apostolinne ole tulleet tykönne selvin todistein?» He sanovat: »Kyllä», ja vartijat sanovat: »Siis huutakaa apua.» Mutta uskottomien huuto menee hukkaan.</p>
      <p>
      <span>51</span>Apostoleitamme ja niitä, jotka uskovat, Me totisesti autamme tämän maailman elämässä ja sinä päivänä, jolloin todistajat nousevat ylös.</p>
      <p>
      <span>52</span>Sinä päivänä, jolloin ei auta jumalattomia heidän anteeksipyyntönsä, vaan näiden osana on kirous ja kurja paikka.</p>
      <p>
      <span>53</span>Totisesti olemme antanut Moosekselle johdatuksen ja Israelin lapsille perinnöksi pyhän Kirjan.</p>
      <p>
      <span>54</span>Ohjeeksi ja muistutukseksi niille, jotka ymmärtävät.</p>
      <p>
      <span>55</span>Ole sentähden kärsivällinen. Jumalan lupaus on varmasti tosi; pyydä varjelusta synneistäsi kiittäen ja ylistäen Herraasi aamuin ja illoin.</p>
      <p>
      <span>56</span>Ne, jotka ilman valtuutta kiistelevät Jumalan merkeistä, ovat mielessään pelkkää ylpeyttä täynnä ja himoitsevat suuruutta, jota he eivät milloinkaan saavuta. Etsi sentähden turvaa Jumalasta; totisesti Hän on näkevä ja kuuleva.</p>
      <p>
      <span>57</span>Totisesti, taivaan ja maan luominen on enemmän kuin ihmisen luominen, mutta useimmat ihmiset ovat tietoa vailla.</p>
      <p>
      <span>58</span>Sokea ja näkevä eivät ole toistensa kaltaisia, eivätkä ne, jotka uskovat ja tekevät hyvää, ole pahantekijän kaltaisia. Vähäistä on vaarinottonne.</p>
      <p>
      <span>59</span>Totisesti, hetki tulee, siitä ei ole epäilystä, mutta useimmat ihmiset eivät usko.</p>
      <p>
      <span>60</span>Teidän Herranne sanoo: »Kutsukaa Minua, Minä vastaan teille; totisesti, ne, jotka ovat liian ylpeitä palvelemaan Minua, joutuvat pian masennettuina helvettiin.»</p>
      <p>
      <span>61</span>Jumala teille loi yön levoksi ja päivän silmienne valoksi, totisesti on Jumala ihmisille armollinen, mutta useimmat ihmiset ovat kiittämättömiä.</p>
      <p>
      <span>62</span>Tämä on Jumala, teidän Herranne, kaiken Luoja; ei ole muuta jumalaa kuin Hän. Miksi siis käännytte Hänestä pois?</p>
      <p>
      <span>63</span>Niin hylkäsivät Hänet myös ne, jotka kielsivät Jumalan ilmoitukset.</p>
      <p>
      <span>64</span>Jumala loi maan leposijaksenne ja taivaan sille katokseksi; Hän antoi teille muodon, teki muotonne kauniiksi ja jakeli teille hyvyyttä. Tämä on Jumala, teidän Herranne; siunattu on siis Jumala, maailmojen valtias.</p>
      <p>
      <span>65</span>Hän on elävä, ei ole muuta Jumalaa kuin Hän. Kutsukaa siis Häntä, ollen Hänelle vilpittömiä ja kuuliaisia. Ylistys olkoon Jumalalle, maailmojen valtiaalle.</p>
      <p>
      <span>66</span>Sano: »Minua on kielletty palvelemasta niitä, joita te Jumalan ohella avuksi huudatte, koska Herra on antanut minulle selvät todistukset ja olen saanut käskyn alistua koko maailman Herran tahtoon.»</p>
      <p>
      <span>67</span>Hän on luonut teidät tomusta, sitten pienestä elämänidusta, sitten hyytyneestä verestä; sitten saattaa Hän teidät lapseksi saavuttaaksenne senjälkeen kypsyysiän ja sitten vanhuuden, vaikka joukossanne on muutamia, joiden on kuoltava sitä ennen; näin saavutatte määrätyn ajan, jotta ymmärtäisitte.</p>
      <p>
      <span>68</span>Hän se antaa elämän ja lähettää kuoleman; kun Hän päättää jotakin, Hän sanoo vain: »Tulkoon!» ja niin tapahtuu.</p>
      <p>
      <span>69</span>Etkö ole nähnyt, kuinka ne, jotka väittelevät Jumalan ilmoituksista, ovat harhaan johdettuja?</p>
      <p>
      <span>70</span>Ne, jotka hylkäävät pyhän Kirjan ja sen sanoman, jonka Me olemme lähettänyt sananjulistajamme mukana, tulevat pian huomaamaan erehdyksensä,</p>
      <p>
      <span>71</span>kun kahleet ja vitjat pannaan heidän kaulaansa ja heidät raastetaan</p>
      <p>
      <span>72</span>kuumaan veteen ja senjälkeen kärvennetään tulella.</p>
      <p>
      <span>73</span>Silloin heille sanotaan: »Missä on se, joka teidän oli tapana asettaa Jumalan rinnalle?»</p>
      <p>
      <span>74</span>He sanovat: »Ne ovat pettäneet meidät; ei, meillä ei ennen ollut tapana ketään palvella.» Näin Jumala johtaa harhaan uskottomat.</p>
      <p>
      <span>75</span>Sillä ilonne maailmassa oli jumalatonta ja käytöksenne pöyhkeätä.</p>
      <p>
      <span>76</span>Astukaa sisään helvetin porteista jäädäksenne sinne. Kurja on ylpeäin olinpaikka.</p>
      <p>
      <span>77</span>Ole siis kärsivällinen, Jumalan lupaus on totisesti varma. Joko annamme sinun nähdä osan siitä, millä heitä uhkaamme, tai otamme sinut pois, heidän on palattava Meidän tykömme.</p>
      <p>
      <span>78</span>Totisesti Me lähetimme sananjulistajia ennen sinua; heidän joukossaan on muutamia, joista olemme sinulle ilmoittanut, ja toisia, joista emme ole sinulle ilmoittanut. Apostolin ei ollut sallittu antaa merkkejä ilman Jumalan lupaa. Kun Jumalan käsky tulee, silloin tuomio totisesti toimeenpannaan, ja ne, jotka pitävät sitä valheena, ovat tuhon omia.</p>
      <p>
      <span>79</span>Jumala teille antoi kotieläimet ratsastaaksenne toisilla niistä ja toisista saadaksenne ravintonne.</p>
      <p>
      <span>80</span>Niistä on teille hyötyä, niiden avulla toimitatte asianne, sillä ne sekä laivat kantavat teitä.</p>
      <p>
      <span>81</span>Hän osoittaa teille tunnusmerkkinsä. Minkä Jumalan merkeistä tahdotte kieltää?</p>
      <p>
      <span>82</span>Eivätkö he ole kiertäneet maata ja nähneet, millainen oli niiden loppu, jotka elivät ennen heitä? Nämä olivat maan päällä lukuisammat kuin he ja suuremmat voimaltaan ja varustuksiltaan, mutta heidän saavutuksensa eivät heitä hyödyttäneet.</p>
      <p>
      <span>83</span>Kun sitten heidän apostolinsa tulivat heidän luokseen selvin todistuksin, he pöyhkeilivät tiedoillaan, ja se, mitä he ivasivat, kohtasi heitä itseänsä.</p>
      <p>
      <span>84</span>Mutta kun he näkivät Meidän kurituksemme, he sanoivat: »Me uskomme vain Jumalaan ja kiellämme sen, minkä asetimme Hänen rinnalleen.»</p>
      <p>
      <span>85</span>Mutta heidän uskonsa ei heitä enää hyödyttänyt, kun he jo olivat kokeneet Meidän kostomme. Tämä on Jumalan laki, joka on ollut tehokas Hänen palvelijoihinsa nähden, mutta uskottomat ovat tuhon omat.</p>
    </div>
  </body>
</html>
