﻿<?xml version="1.0"?>
<html>
  <head>
    <meta http-equiv="Content-Type" content="text/html; charset=utf-8" />
    <title>Erottelemisen Suura</title>
  </head>
  <body>
    <h1>
    <span>41</span>Erottelemisen suura</h1>
    <div class="johdanto">
      <h2>JOHDANTO:</h2>
      <p>NELJÄSKYMMENES ENSIMMÄINEN SUURA: Fussilat (Erottelemisen) Ilmoitettu Mekassa (54 jaetta )</p>
      <p>Fussilat , »Erottelemisen» ,Kuuluu Mekassa ilmoitettujen suurain keskiryhmään.</p>
    </div>
    <div class="sura">
      <h2>Aloitan JUMALAN, laupiaan Armahtajan, nimeen.</h2>
      <p>
      <span>1</span>Ylistetty, kunnian Jumala.</p>
      <p>
      <span>2</span>Katso, tämä on ilmoitus laupiaalta, armolliselta Jumalalta,</p>
      <p>
      <span>3</span>kirjoitus, jonka säkeet ovat selvät, arabialainen Koraani kansalle, jolla on tieto,</p>
      <p>
      <span>4</span>hyvien sanomain lähetti ja varottaja, mutta useimmat heistä kääntyvät pois, niin etteivät kuule,</p>
      <p>
      <span>5</span>ja he sanovat: »Sydämemme ovat suljetut siltä, jonka puoleen kutsut meitä; korvamme ovat kuurot, ja sinun ja meidän välillämme riippuu verho. Toimi siis; kyllä mekin toimimme.»</p>
      <p>
      <span>6</span>Sano: »Minä olen vain kuolevainen niinkuin tekin. Minulle on ilmoitettu, että Jumalanne on ainoa Jumala. Seuratkaa siis oikeata tietä, joka johtaa Hänen luokseen, ja anokaa Häneltä anteeksiantoa. Voi monijumalaisia,</p>
      <p>
      <span>7</span>niitä, jotka eivät anna almuja eivätkä usko tämänjälkeiseen elämään.»</p>
      <p>
      <span>8</span>Ne, jotka uskovat ja tekevät hyviä töitä, saavat totisesti verrattoman palkinnon.</p>
      <p>
      <span>9</span>Sano: »Kiellättekö todella Hänet, joka loi maan kahdessa päivässä, ja asetatteko Hänen rinnalleen vertaisia?» Hän on maailmojen valtias.</p>
      <p>
      <span>10</span>Hän pystytti vuoret maan pinnalle, siunasi maan ja varusti sen ravinnolla neljässä päivässä, yhtä runsaasti kaikille tarvitsijoille.</p>
      <p>
      <span>11</span>Sitten tuli vuoro taivaan, joka oli pelkkää usvaa, ja Hän sanoi sille sekä maalle: »Tulkaa esiin kumpikin, suosiolla tai vastahakoisesti.» Ja ne sanoivat kumpikin: » Me tulemme suosiolla».</p>
      <p>
      <span>12</span>Niin Hän järjesti ne kahdessa päivässä seitsemäksi taivaaksi ja ilmoitti kullekin taivaalle sen tehtävän. Ja Me koristimme alemman taivaan loistavin tähdin, jotka panimme sen vartijoiksi; tämä on Hänen asetuksensa, jonka on valta ja tieto.</p>
      <p>
      <span>13</span>Mutta jos he kääntyvät pois, sano: »Olen varoittanut teitä kurituksesta, sellaisesta rangaistuksesta kuin Aadin ja Tamuudin.»</p>
      <p>
      <span>14</span>Kun näille lähetetyt sananjulistajat tulivat heidän luokseen sekä edestä että takaa sanoen: »Älkää palkelko muuta kuin Jumalaa!» niin he sanoivat: »Jos Herramme olisi tahtonut, Hän olisi varmasti lähettänyt alas enkelinsä; niinpä emme totisesti usko sanomaa, joka on lähetetty teidän mukananne.»</p>
      <p>
      <span>15</span>Aadin kansa pöyhkeili suotta ja sanoi: »Kuka on meitä mahtavampi?» Eivätkö he havainneet, että Jumala, joka heidät oli luonut, oli heitä mahtavampi? Ja he kielsivät ilmoituksemme.</p>
      <p>
      <span>16</span>Niin Me lähetimme raivoisan tuulen heidän ylitseen useana onnettomuutta tuottavana päivänä antaaksemme heidän maistaa häpeällistä rangaistusta maallisessa elämässä. Mutta totisesti on tulevan elämän rangaistus vielä paljon häpeällisempi, eivätkä he saa mitään apua.</p>
      <p>
      <span>17</span>Mitä tulee Tamuudiin, osoitimme heille oikean tien, mutta he valitsivat harhan välittämättä johdatuksesta. Niin kohtasi heitä nöyryyttävän rangaistuksen ruoska heidän ansionsa mukaan.</p>
      <p>
      <span>18</span>Mutta niitä armahdimme, jotka kavahtivat pahaa ja uskoivat.</p>
      <p>
      <span>19</span>Sinä päivänä, jolloin Jumalan viholliset kootaan tulen eteen, heidät jaetaan ryhmiin.</p>
      <p>
      <span>20</span>Ja kun he saapuvat sinne, heidän silmänsä, korvansa ja ihonsa todistavat heitä vastaan siitä, mitä he ovat tehneet.</p>
      <p>
      <span>21</span>Ja he sanovat iholle: »Miksi todistat meitä vastaan»? Tämä sanoo: »Jumala, joka antaa kaikille ilmaisukyvyn, on pannut minut puhumaan; Hän on alussa luonut teidät, ja Hänen tykönsä joudutte palaamaan.</p>
      <p>
      <span>22</span>Te ette voineet niin kätkeytyä, etteivät korvanne, silmänne ja ihonne todistaneet teitä vastaan, vaikka ajattelitte, että Jumalalle oli tuntematonta suuri osa siitä, minkä te teitte.</p>
      <p>
      <span>23</span>Tämä ajatus Herrastanne on syössyt teidät kadotukseen, ja teistä on tullut turmion omia.»</p>
      <p>
      <span>24</span>Jos he kestävät, pysyy tuli yhä heidän asuntonaan, ja jos he anovat armoa, eivät he niihin kuulu, joille armoa suodaan.</p>
      <p>
      <span>25</span>Me olemme määrännyt heille seuralaisia, jotka kuvailivat kauniiksi sen, mikä odotti heitä, ja myös sen, mikä heillä oli takanaan. Ja niin kävi heidän suhteensa toteen sana, joka dzinnien ja ihmisten keskuudessa jo ennen on sanottu, että he totisesti joutuvat kadotukseen.</p>
      <p>
      <span>26</span>Ja ne, jotka eivät usko, sanovat: »Alkää kuunnelko tämän Koraanin lukemista, vaan pitäkää melua; ehkä pääsette voitolle.»</p>
      <p>
      <span>27</span>Sentähden Me totisesti annamme uskottomien maistaa ankaraa kuritusta ja totisesti annamme heille palkan pahoista töistä, joita he tekivät.</p>
      <p>
      <span>28</span>Jumalan vihollisten palkka on tuli; se on oleva heidän asuntonaan ikuisesti, palkaksi siitä, että he kielsivät Meidän ilmoituksemme.</p>
      <p>
      <span>29</span>Ja ne, jotka eivät usko, sanovat: »Herra, osoita meille dzinnien ja ihmisten joukosta ne, jotka johtivat meidät harhaan, jotta saattaisimme polkea heidät jalkoihimme, niin että he alimpaan paikkaan joutuisivat.»</p>
      <p>
      <span>30</span>Niiden luokse, jotka sanovat: »Jumala on Herramme» ja pysyvät oikealla tiellä, laskeutuvat enkelit sanoen: »Alkää pelätkö älkääkä olko murheissanne, vaan ottakaa vastaan ilosanoma paratiisista, joka teille on luvattu.</p>
      <p>
      <span>31</span>Me olemme teidän suojelijanne sekä tämän maailman elämässä että sitä seuraavassa; siinä olette saavat mitä pyydätte ja mitä sielunne halajaa.</p>
      <p>
      <span>32</span>Lahjaksi Häneltä, joka on anteeksiantava, armahtava.</p>
      <p>
      <span>33</span>Ken puhuu paremmin kuin se, joka kutsuu muita Jumalan luokse, tekee hyvää ja sanoo: »Totisesti olen Jumalalle alamainen»?</p>
      <p>
      <span>34</span>Hyvä ja paha eivät ole samanlaisia. Karkoita paha sillä, mikä on parempaa, ja katso se, jonka kanssa olit vihoissa, on kuin hyvä ystäväsi.</p>
      <p>
      <span>35</span>Mutta sen saavuttavat vain pitkämieliset; sen saavat vain ne, joiden osana on suuri onni.</p>
      <p>
      <span>36</span>Ja jos Saatana sinua tahtoisi johtaa kiusaukseen, turvaudu Jumalaan; totisesti, Hän on kuuleva, kaikkitietävä.</p>
      <p>
      <span>37</span>Hänen tunnusmerkkejään ovat yö ja päivä, aurinko ja kuu. Älkää kumartako aurinkoa ja kuuta, vaan kumartakaa Jumalaa, joka ne loi, jos Häntä tahdotte palvoa!</p>
      <p>
      <span>38</span>Mutta jos he osoittautuvat ylpeiksi, niin kyllä ne, jotka ovat Herrasi luona, ylistävät Häntä päivin ja öin, väsymättä.</p>
      <p>
      <span>39</span>Hänen merkkejään on sekin, että näette maan kuivuneena, mutta kun Me lähetämme sille vettä, se saa elon ja kasvuvoiman; totisesti Hän, joka antaa sille elon, on antava elämän kuolleille, totisesti Hänellä on valta kaiken yli.</p>
      <p>
      <span>40</span>Totisesti eivät ne, jotka poikkeavat oikealta tieltä kieltäen ilmoituksemme, pääse Meiltä piiloon. Kumpi on parempi, sekö, joka on heitetty tuleen, vai se, joka pääsee turvaan ylösnousemuksen päivänä? Tehkää mitä tahdotte, Hän totisesti näkee mitä teette,</p>
      <p>
      <span>41</span>näkee ne, jotka eivät usko varoitukseen, kun se tulee heidän luokseen. Totisesti, Koraani on ylevä Kirjoitus,</p>
      <p>
      <span>42</span>valhe ei siihen ylety, ei edestä eikä takaa; se on sanoma viisaalta, ylistetyltä.</p>
      <p>
      <span>43</span>Sinulle ei sanota mitään muuta, kuin mitä sanottiin jo sananjulistajille ennen sinua; Herrasi voi anteeksi antaa, mutta myös ankarasti rangaista.</p>
      <p>
      <span>44</span>Jos Me olisimme tehnyt siitä vieraskielisen Koraanin, niin olisivat he varmasti sanoneet: »Miksi hänen merkkinsä eivät ole selviä? Vierastako kieltä arabialaiselle?» Sano: »Se on niille, jotka uskovat, ojennus ja parannus.» Mutta epäuskoisten korvat ovat kuurot ja heidän silmänsä sokeat; he kuulevat huudot vain heikosti.</p>
      <p>
      <span>45</span>Totisesti, Me annoimme Moosekselle Kirjoituksen, mutta siitä on kiistelty. Ja ellei Herrasi olisi toisin määrännyt, olisi tuomio totisesti jo annettu heille; mutta rauhattomina he yhä pelkäävät sitä.</p>
      <p>
      <span>46</span>Kuka tahansa tekee hyvää, sille se koituu hänen oman sielunsa hyväksi, ja kuka pahaa tekee, sille koituu se hänen sielunsa vahingoksi. Herrasi ei tee vääryyttä palvelijoilleen.</p>
      <p>
      <span>47</span>Hänestä riippuu hetki, ja Hän sen tietää. Ei tule hedelmä kuorestaan, ei nainen kanna eikä synnytä Hänen tietämättään. Ja sinä päivänä, jolloin Hän huutaa heille: »Missä ovat ne, joita vertaisinani palvelitte?» he sanovat: » Me vakuutamme Sinulle, että meidän joukossamme ei ole yhtään niiden todistajaa.»</p>
      <p>
      <span>48</span>Ja ne, joita he ennen kumarsivat, häipyvät heiltä, ja he huomaavat, ettei heillä ole pelastuksen mahdollisuutta.</p>
      <p>
      <span>49</span>Ihminen ei milloinkaan väsy pyytämään hyvää, mutta jos paha kohtaa häntä, joutuu hän epätoivon valtaan.</p>
      <p>
      <span>50</span>Mutta jos Me annamme hänen kokea armoamme ahdistuksen jälkeen, hän sanoo varmasti: »Tämä on minulle kuuluvaa, enkä usko tuomion päivään; mutta jos minut lähetetään takaisin Herrani luo, olen Hänen luonaan varmasti kokeva hyvää.» Mutta totisesti Me osoitamme epäuskoisille, mitä he ovat tehneet, ja annamme heidän kokea kovan rangaistuksen.</p>
      <p>
      <span>51</span>Kun Me osoitamme suosiota ihmiselle, hän kääntyy pois ja etääntyy, mutta kun vastoinkäyminen kohtaa häntä, hänen rukouksensa ovat pitkät ja nöyrät.</p>
      <p>
      <span>52</span>Sano: »Katso, jos se on Jumalalta, te kiellätte sen; kuka erehtyy enemmän kuin se, joka näin kauaksi harhautuu?»</p>
      <p>
      <span>53</span>Me osoitamme heille pian merkkimme sekä kaukaisilla seuduilla että heidän oman kansansa keskuudessa, kunnes totuus kirkastuu heille kokonaan. Eikö riitä, että Herrasi on kaiken todistaja?</p>
      <p>
      <span>54</span>Toden totta, he epäilevät joutumistaan Herransa eteen, mutta Hän totisesti ohjaa maailman menoa.</p>
    </div>
  </body>
</html>
