﻿<?xml version="1.0"?>
<html>
  <head>
    <meta http-equiv="Content-Type" content="text/html; charset=utf-8" />
    <title>Neuvonpidon Suura</title>
  </head>
  <body>
    <h1>
    <span>42</span>Neuvonpidon suura</h1>
    <div class="johdanto">
      <h2>JOHDANTO:</h2>
      <p>NELJÄSKYMMENES TOINEN SUURA: Neuvottelu (Ash-Shuura) Ilmoitettu Mekassa (53 jaetta )</p>
      <p>Ash-Shuura, »Neuvottelu», saa nimensä jakeessa 38 olevasta sanasta. Se kuuluu Mekassa ilmoitettujen suurain keskiryhmään.</p>
    </div>
    <div class="sura">
      <h2>Aloitan JUMALAN, laupiaan Armahtajan, nimeen.</h2>
      <p>
      <span>1</span>(Haa, Miim) Ylistetty, kunnian Jumala,</p>
      <p>
      <span>2</span>Kaikkitietävä ja kaikkivaltias Jumala.</p>
      <p>
      <span>3</span>Näin antaa sinulle Jumala, mahtava, viisas, ilmoituksensa kuten antoi niillekin, jotka elivät ennen sinua.</p>
      <p>
      <span>4</span>Hänen ovat taivaat ja maat; Hän on korkea, suuri.</p>
      <p>
      <span>5</span>Taivas on repeämäisillään ylhäältä saakka, ja enkelit kiittävät ja ylistävät Herraansa ja pyytävät anteeksiantoa niille, jotka ovat maan päällä; totisesti on Jumala armollinen, anteeksiantava.</p>
      <p>
      <span>6</span>Ja niitä, jotka Hänen sijaansa ottavat itselleen muita suojelijoita, Jumala vartioi, eivätkä he ole sinun valvontasi alaisia.</p>
      <p>
      <span>7</span>Näin olemme sinulle ilmoittanut arabialaisen Koraanin, jotta varoittaisit pääkaupunkia ja sen ympärillä asuvia päivästä, jolloin kaikki kootaan yhteen ja jonka tulosta ei ole epäilystä; osa joutuu paratiisiin, osa helvetin tuleen.</p>
      <p>
      <span>8</span>Jos Jumala olisi tahtonut, niin olisi Hän totisesti tehnyt heistä yhden ainoan kansan, mutta Hän sulkee armoonsa kenet haluaa, eikä ole jumalattomilla oleva suojelijaa eikä auttajaa.</p>
      <p>
      <span>9</span>Vai ovatko he Hänen lisäkseen varanneet itselleen muita suojelijoita? Vain Jumala on varjelija; Hän antaa kuolleille elämän, ja kaikki on Hänen vallassaan.</p>
      <p>
      <span>10</span>Ja mistä asiasta hyvänsä olettekin eri mieltä, sen ratkaisu on Jumalan kädessä; tämä on Jumala, Herrani, Häneen luotan ja Häneen turvaan yhä uudelleen.</p>
      <p>
      <span>11</span>Hän on taivaan ja maan Luoja; Hän määräsi teille aviopuolisoita keskuudestanne ja myös eläimille parinsa, siten lisääntyäksenne. Ei ole mitään Hänen vertaistaan; Hän on kuuleva, näkevä.</p>
      <p>
      <span>12</span>Hänelle kuuluvat taivaan ja maan aarteet; Hän jakelee elatusta runsaasti tai niukasti tahtonsa mukaan. Hän on totisesti kaikkitietävä.</p>
      <p>
      <span>13</span>Hän on teille määrännyt saman uskonnon, jonka Hän asetti Nooalle, saman, jonka Me olemme ilmoittanut sinulle ja määrännyt Aabrahamille, Moosekselle ja Jeesukselle ja joka kuuluu: »Pysykää kuuliaisina uskonnollenne ja välttäkää hajaannusta.» Vaikeaa on epäuskoisille se, mihin sinä heitä kehoitat; Jumala valitsee kenet haluaa ja ohjaa luoksensa sen, joka usein kääntyy Hänen puoleensa.</p>
      <p>
      <span>14</span>Eivätkä he hajaantuneet ennen kuin vasta sitten, kun tieto oli tullut heidän osakseen, ja he tekivät sen keskinäisestä kateudesta. Ja ellei Herraltasi jo olisi tullut tietoa määräajasta, olisi totisesti tuomio langetettu heille, mutta ne, joille Kirjoitus heidän jälkeensä annettiin perinnöksi, ovat levottomia ja epäilevät sitä.</p>
      <p>
      <span>15</span>Kehoita siis edelleenkin heitä oikeaan uskoon ja käy vakaana oikeaa tietä, niinkuin sinua on käsketty, äläkä noudata heidän alhaisia toiveitaan, vaan sano: »Minä uskon siihen, mitä Jumala on Kirjoituksessa ilmoittanut, ja minut on määrätty jakamaan teille oikeutta. Jumala on meidän ja teidän Herranne. Meillä on oleva tekomme ja teillä tekonne. Riita ei ole tarpeen välillämme; Jumala kokoaa meidät, ja Hänen tykönänsä on matkamme pää.»</p>
      <p>
      <span>16</span>Jotka kiistelevät Jumalasta senjälkeen, kun kuuliaisuutta on osoitettu Hänelle, heidän väitteensä on mitätön heidän Herransa edessä, heitä kohtaa viha ja odottaa ankara kuritus.</p>
      <p>
      <span>17</span>Jumala lähetti Kirjoituksen, totuuden sanoman ja vaa'an, sekä myös tiedon, että hetki on ehkä lähellä.</p>
      <p>
      <span>18</span>Ne, jotka eivät usko siihen, tahtoisivat jouduttaa sitä, ja ne, jotka uskovat, pelkäävät sitä, sillä he tietävät, että se on totuus. Totisesti erehtyvät ne suuresti, jotka uppiniskaisina väittelevät tuosta hetkestä.</p>
      <p>
      <span>19</span>Jumala on lempeä palvelijoitaan kohtaan, Hän antaa ravintoa kenelle tahtoo; Hän on voimakas, mahtava.</p>
      <p>
      <span>20</span>Sille, joka toivoo saavansa nauttia sadon tulevassa elämässä. Me annamme sen runsaana, ja sille, joka haluaa tämän maailman voittoa, annamme sen, mutta tämän jälkeisessä elämässä ei hänellä ole osuutta.</p>
      <p>
      <span>21</span>Vai onko heillä Meidän sijaisiamme, jotka ovat määränneet heille jonkin uskonnon, jota Jumala ei ole asettanut? Ilman tuomion sanomaa olisi päätös heidän suhteensa totisesti jo tehty, ja toden totta, jumalattomien rangaistus on oleva tuskallinen.</p>
      <p>
      <span>22</span>Sinä olet näkevä, kuinka jumalattomat pelkäävät sitä, mitä ovat ansainneet, mutta sen täytyy langeta heidän osalleen. Ne, jotka uskovat ja tekevät hyvää, pääsevät paratiisin kedoille ja saavat Herransa luona, mitä tahtovat; tämä on suuri armo.</p>
      <p>
      <span>23</span>Tämä on se hyvä sanoma, minkä Jumala antaa palvelijoilleen, niille, jotka uskovat ja tekevät hyviä tekoja. Sano: »En pyydä teiltä siitä muuta palkkaa kuin rakkautta heimolaisianne kohtaan.» Sille, joka ansaitsee hyvää, annamme sitä runsain määrin; totisesti on Jumala anteeksiantava, kiitollinen.</p>
      <p>
      <span>24</span>Vai sanovatko he: »Hän on sepittänyt valheita Jumalasta?» Mutta jos Jumala tahtoo, Hän voi tehdä sydämesi kärsivälliseksi. Jumala pyyhkii pois valheen ja lujittaa totuuden sanoillaan; totisesti Hän tietää kaikki ajatuksenne.</p>
      <p>
      <span>25</span>Hän ottaa vastaan palvelijainsa katumuksen ja antaa anteeksi pahat teot, ja Hän tietää, mitä te teette.</p>
      <p>
      <span>26</span>Hän kuulee niiden rukoukset, jotka uskovat ja tekevät hyviä tekoja, ja jakaa heille runsaasti armoaan, mutta uskottomat saavat ankaran rangaistuksen.</p>
      <p>
      <span>27</span>Ja jos Jumala jakaisi palvelijoilleen runsaammin ravintoa, nämä varmasti pöyhistyisivät, mutta Hän lähettää sitä hyväksi näkemänsä määrän. Totisesti, Hän on kaikki näkevä ja tuntee palvelijansa.</p>
      <p>
      <span>28</span>Hän lähettää sateen, kun he ovat käyneet epätoivoisiksi, ja levittää armoaan. Hän on suojelija, ylistetty.</p>
      <p>
      <span>29</span>Hänen tunnusmerkkejään ovat taivaan ja maan luominen ja ne elävät olennot, jotka Hän asetti kumpaankin. Hänellä on myös valta koota ne yhteen milloin tahtoo.</p>
      <p>
      <span>30</span>Mikä tahansa vaiva teitä kohtaakin, se tapahtuu kättenne töiden ansiosta; ja kuitenkin antaa Hän anteeksi paljon.</p>
      <p>
      <span>31</span>Te ette voi paeta eikä teillä paitsi Jumalaa ole muuta suojelijaa eikä auttajaa.</p>
      <p>
      <span>32</span>Hänen merkkejään ovat merellä laivat, jotka ovat kuin vuoria.</p>
      <p>
      <span>33</span>Jos Hän tahtoo, Hän vaimentaa tuulen, niin että laivat seisovat liikkumattomina meren pinnalla. Totisesti tässä on merkkejä jokaiselle, joka on kärsivällinen ja kiitollinen.</p>
      <p>
      <span>34</span>Tai Hän antaa niiden hukkua ansionsa mukaan; mutta Hän antaa anteeksi paljon.</p>
      <p>
      <span>35</span>Ja ne, jotka väittelevät ilmoituksistamme, tietäkööt, että heillä ei ole mitään turvapaikkaa.</p>
      <p>
      <span>36</span>Kaikki, mitä teille siis on annettu, on vain tämän maallisen elämän aarteita; mutta se, mikä odottaa Jumalan tykönä, on parempaa ja kestävämpää niille, jotka uskovat ja turvaavat Herraansa,</p>
      <p>
      <span>37</span>niille, jotka karttavat pahoja syntejä ja riettautta ja vihastuessaan antavat anteeksi,</p>
      <p>
      <span>38</span>jotka täyttävät Herransa tahdon, rukoillen lakkaamatta, joilla on tapana neuvotella keskenään ja jotka jakelevat siitä, mitä Me olemme heille antanut.</p>
      <p>
      <span>39</span>Ja niille, jotka puolustautuvat, kun jokin suuri vääryys kohtaa heitä.</p>
      <p>
      <span>40</span>Pahan palkka olkoon samankaltainen rangaistus, mutta jos joku antaa anteeksi ja tekee parannuksen, hän on saava palkkansa Jumalalta; totisesti, Hän ei rakasta jumalattomia.</p>
      <p>
      <span>41</span>Ja jos joku puolustaa itseään, kun häntä sorretaan, niin ei ole mitään syytä soimata häntä siitä.</p>
      <p>
      <span>42</span>Tuomittakoon vain niitä, jotka sortavat ihmisiä ja väärämielisyydessään kapinoitsevat maan päällä; näillä on oleva tuskallinen rangaistus.</p>
      <p>
      <span>43</span>Jos joku on kärsivällinen ja anteeksiantavainen, niin on hän totisesti menetellyt oikein.</p>
      <p>
      <span>44</span>Ja kenet Jumala päästää harhaan, sillä ei ole suojelijaa. Ja sinä saat nähdä, kuinka jumalattomat, kun he näkevät kurituksensa, sanovat: »Onko mahdollisuutta pelastua?»</p>
      <p>
      <span>45</span>Sinä saat myös nähdä, miten heidät tuodaan esiin, nöyryytyksen masentamina ja katse maahan painuneena. Mutta uskovaiset sanovat: »Totisesti, kadotettuja ovat ne, jotka hukkaavat omat ja perheensä sielut ylösnousemuksen päivänä. Toden totta, jumalattomien on saatava ikuinen rangaistus.</p>
      <p>
      <span>46</span>Eikä heillä ole ystäviä, jotka heitä auttaisivat Jumalan sijasta, sillä kenet Jumala saattaa eksyksiin, hän ei löydä tietä.</p>
      <p>
      <span>47</span>Kuunnelkaa Herraamme, ennenkuin tulee päivä, josta ei ole oleva pelastusta. Tuona päivänä ei teillä ole pakopaikkaa eikä kieltämisen mahdollisuutta.</p>
      <p>
      <span>48</span>Mutta jos he kääntyvät pois, niin Me emme ole lähettänyt sinua heidän valvojakseen; sinun tehtäväsi on vain julistaa ilmoitusta. Ja totisesti, kun annamme ihmisen kokea armoamme, hän iloitsee siitä, mutta jos häntä kättensä töiden tähden kohtaa jokin onnettomuus, tulee hänestä kiittämätön.</p>
      <p>
      <span>49</span>Jumalan on valta taivaassa ja maan päällä; Hän luo mitä tahtoo, tahtonsa mukaan suo Hän jollekulle tyttäriä, toiselle poikia.</p>
      <p>
      <span>50</span>Tai Hän antaa molempia, poikia sekä tyttäriä, Hän saattaa myös hedelmättömäksi kenet tahtoo. Totisesti Hänellä on tieto ja valta.</p>
      <p>
      <span>51</span>Yhdellekään kuolevaiselle ei sovi, että Jumala puhuu hänelle muutoin kuin ilmoituksen kautta tai verhon takaa tai lähettämällä sanansaattajan, joka Hänen luvallaan ilmoittaa Hänen tahtonsa; Hän on totisesti korkea, viisas.</p>
      <p>
      <span>52</span>Näin ilmitoimme sinulle pyhän Kirjoituksen käskymme mukaan. Sinä et tiennyt, mitä Kirja oli, etkä mitä usko oli, mutta Me asetimme sen valoksi, jonka avulla voit johtaa sitä palvelijoistamme, jonka otolliseksi näemme; totisesti, sinä näytät pääsyn oikealle polulle,</p>
      <p>
      <span>53</span>Jumalan polulle, Jumalan, jolle kuuluu kaikki, mitä on taivaissa ja maassa. Totisesti, Jumalan luokse kaikki lopulta palaa.</p>
    </div>
  </body>
</html>
