﻿<?xml version="1.0"?>
<html>
  <head>
    <meta http-equiv="Content-Type" content="text/html; charset=utf-8" />
    <title>Koreuden Suura</title>
  </head>
  <body>
    <h1>
    <span>43</span>Koreuden suura</h1>
    <div class="johdanto">
      <h2>JOHDANTO:</h2>
      <p>NELJÄSKYMMENES KOLMAS SUURA: Kultaisia koruja (Az-Zukhruf) Ilmoitettu Mekassa (89 jaetta )</p>
      <p>Az-Zukhruf, »Kultaisia koruja», on neljäs Haa Miim suura. Se saa nimensä 35. jakeessa esiintyvästä sanasta.</p>
      <p>Kuuluu Mekassa ilmoitettujen suurain keskiryhmään.</p>
    </div>
    <div class="sura">
      <h2>Aloitan JUMALAN, laupiaan Armahtajan, nimeen.</h2>
      <p>
      <span>1</span>Ylistetty olkoon kunnian Jumala.</p>
      <p>
      <span>2</span>Pitäkää arvossa Kirjoitus, joka ilmituo totuuden.</p>
      <p>
      <span>3</span>Totisesti olemme tehnyt siitä arabialaisen Koraanin, jotta ymmärtäisitte.</p>
      <p>
      <span>4</span>Ja se on totisesti ylevä ja viisautta täynnä niinkuin alkuperäinen Kirjoitus Meidän luonamme.</p>
      <p>
      <span>5</span>Pitääkö Meidän kokonaan luopua muistuttamasta teitä sentähden, että olette syntistä kansaa?</p>
      <p>
      <span>6</span>Kuinka monta profeettaa olemmekaan lähettänyt ihmisille ennen muinoin!</p>
      <p>
      <span>7</span>Mutta yksikään profeetta ei käynyt heidän luonaan saamatta osakseen pilkkaa.</p>
      <p>
      <span>8</span>Silloin tuhosimme ne, jotka olivat nykyisiä mahtavammat, mutta se, miten kävi ihmisille ennen vanhaan, kuuluu menneisyyteen.</p>
      <p>
      <span>9</span>Jos kysyt heiltä, kuka on luonut taivaat ja maan, he vastaavat varmasti: »Mahtava, ainoa tietävä on luonut ne.»</p>
      <p>
      <span>10</span>Hän, joka loi maan teille olinpaikaksi ja raivasi sen kamaralle tiet voidaksenne kulkea oikeaan,</p>
      <p>
      <span>11</span>Hän, joka lähettää pilvistä vettä määrän mukaan, niin että Me sillä herätämme kuolleen maan eloon - näin teidätkin herätetään -</p>
      <p>
      <span>12</span>ja Hän, joka loi kaikki parittain ja hankki teille laivat ja kotieläimet matkataksenne niiden avulla,</p>
      <p>
      <span>13</span>voidaksenne turvallisesti istua niiden selässä ja sitten muistaa Herranne armoa, kun niillä kuljette, ja sanoa: »Kunnia olkoon Hänelle, joka saattoi tämän alamaisuuteemme; me emme siihen kyenneet,</p>
      <p>
      <span>14</span>Mutta Herramme luokse on meidän totisesti palattava.»</p>
      <p>
      <span>15</span>Ja he määräävät Hänelle vain osan Hänen palvelijoistaan; totisesti, ihminen on selvästi kiittämätön.</p>
      <p>
      <span>16</span>Onko Hän ottanut luomistaan olennoista tyttäret itselleen ja mieluummin antanut teille pojat?</p>
      <p>
      <span>17</span>Ja kun joku heistä saa tiedon sellaisen lapsen syntymästä, minkä katsotaan armolliselle Jumalalle kuuluvan, tummuvat hänen kasvonsa vihasta.</p>
      <p>
      <span>18</span>Jumalalleko sellainen lapsi, joka kasvaa koreudessa eikä kiistan tullen saa selvää sanaa suustaan?</p>
      <p>
      <span>19</span>He tekevät myös enkeleistä, niistä, jotka ovat laupiaan Jumalan palvelijoita, naisolentoja. Olivatko he edes silminnäkijöinä, kun loimme nämä enkelit? Heidän todistuksensa kirjoitetaan muistiin, ja heitä tullaan kuulustamaan.</p>
      <p>
      <span>20</span>He sanovat myös: »Jos laupias Jumala olisi tahtonut, me emme olisi milloinkaan palvelleet niitä.» Heillä ei ole tästä mitään tietoa; he vain valehtelevat,</p>
      <p>
      <span>21</span>vai olemmeko Me antanut heille mitään Kirjoitusta sitä ennen, niin että he voivat pitää siitä kiinni?</p>
      <p>
      <span>22</span>Ei, he sanovat: »Olemme nähneet isiemme kulkevan määrättyä suuntaa, ja totisesti me olemme seuranneet heidän jälkiään.»</p>
      <p>
      <span>23</span>Niin emme myöskään ennen sinua saattanut lähettää varoittajaa mihinkään kaupunkiin suruttomien sanomatta: »Varmasti olemme nähneet isäimme käyneen määrättyä suuntaa, ja totisesti me kuljemme heidän jäljissään.»</p>
      <p>
      <span>24</span>Varoittaja sanoi: »Entäpä jos antaisin teille paremman opastajan kuin se, jota isienne näitte seuranneen?» He sanoivat: »Totisesti emme usko siihen sanomaan, mikä on lähetetty sinun mukanasi.»</p>
      <p>
      <span>25</span>Silloin määräsimme heille koston, ja katso, minkälainen oli kieltäjäin loppu!</p>
      <p>
      <span>26</span>Aabraham sanoi isälleen ja kansalleen: »Totisesti tahdon olla vapaa kaikesta mitä te jumaloitte,</p>
      <p>
      <span>27</span>paitsi Hänestä, joka minut on luonut, sillä totisesti, Hän johtaa minua.»</p>
      <p>
      <span>28</span>Ja tästä hän teki säännön jälkeläisilleen, jotta he kääntyisivät.</p>
      <p>
      <span>29</span>Niin annoin heidän ja heidän isiensä nauttia elämästä, kunnes totuus ja sananjulistaja, joka vahvisti totuuden, tulivat heidän luokseen.</p>
      <p>
      <span>30</span>Mutta kun totuus tuli heidän luokseen, he sanoivat: »Tämä on taikuutta, totisesti, emme usko siihen.»</p>
      <p>
      <span>31</span>He sanoivat myös: »Miksi ei tätä Koraania ole ilmoitettu johtomiehille kummassakaan kaupungissa?»</p>
      <p>
      <span>32</span>Jakelevatko he Herrasi armoa? Me jaamme heille elantonsa maallisessa elämässä ja Me olemme korottanut heistä muutamia arvossa toisten yläpuolelle, jotta toiset eläisivät toisille alamaisina, mutta Herrasi armo on parempi kuin se, mitä he kokoavat.</p>
      <p>
      <span>33</span>Elleivät kaikki ihmiset olisi olleet kuin yksi ainoa kansa, Me olisimme antanut niille, jotka eivät usko laupiaaseen Jumalaan, hopeasta katot heidän asumuksiinsa ja portaat, joita he nousevat,</p>
      <p>
      <span>34</span>ovet heidän taloihinsa ja vuoteet, joille he laskeutuvat lepäämään,</p>
      <p>
      <span>35</span>ja kultaiset koristeet; mutta kaikki nämä ovat vain maallisen elämän tarpeita, ja tämänjälkeinen elämä Herrasi luona on varattu vain niille, jotka karttavat pahaa.</p>
      <p>
      <span>36</span>Sille, joka hylkää laupiaan Jumalan muistutuksen, Me annamme saatanan seuralaiseksi.</p>
      <p>
      <span>37</span>Tämä totisesti saattaa heidät harhaan polulta. Mutta he luulevat, että heitä ohjataan oikeaa tietä,</p>
      <p>
      <span>38</span>kunnes joku heistä tulee Meidän tykömme ja sanoo: »Ah, olisimmepa olleet toisistamme yhtä kaukana kuin itä ja länsi!» Mikä katala seuralainen!</p>
      <p>
      <span>39</span>Ja koska teitte väärin, teitä ei tuona päivänä hyödytä se, että muitakin osallistuu rangaistukseenne.</p>
      <p>
      <span>40</span>Voitko saada kuurot kuulemaan tai ohjata sokeita ja kokonaan eksyneitä?</p>
      <p>
      <span>41</span>Mutta vaikka otamme sinut pois, annamme kuitenkin koston kohdata heitä;</p>
      <p>
      <span>42</span>mieluummin Me totisesti tahdomme näyttää sinulle, mitä olemme heille luvannut, sillä totisesti, Meillä on kaikki valta heihin.</p>
      <p>
      <span>43</span>Pidä sentähden kiinni siitä, mikä sinulle on ilmoitettu. Olet varmasti oikealla tiellä.</p>
      <p>
      <span>44</span>Se on totisesti sinulle ja kansallesi kehoitus, ja teidän on tehtävä siitä pian tili.</p>
      <p>
      <span>45</span>Kysy myös niiltä sananjulistajilta, jotka lähetimme ennen sinua, olemmeko milloinkaan määrännyt palvelemaan muita jumalia kuin Armahtajaa.</p>
      <p>
      <span>46</span>Totisesti olemme lähettänyt Mooseksen viemään ilmoitustamme faraolle ja hänen päälliköillensä, ja hän sanoi: »Totisesti, olen maailmojen Herran julistaja.»</p>
      <p>
      <span>47</span>Mutta kun hän tuli heidän luokseen tuomaan tunnusmerkkejämme, katso, he nauroivat niille.</p>
      <p>
      <span>48</span>Ja Me näytimme heille tunnustekoja toinen toistaan suurempia, ja Me yllätimme heidät kurituksella, jotta he kääntyisivät.</p>
      <p>
      <span>49</span>Mutta he sanoivat: »Noita, huuda Herraasi avuksemme, niinkuin Hän on sopinut kanssasi; me kuljemme varmasti oikeata tietä.»</p>
      <p>
      <span>50</span>Mutta kun Me otimme heidän päältään kurituksen, katso, he rikkoivat lupauksensa.</p>
      <p>
      <span>51</span>Ja farao julisti kansalleen: »Kansani, eikö valta Egyptissä kuulu minulle? Niin myös nämä virrat, jotka virtaavat alueellani? Ettekö huomaa?</p>
      <p>
      <span>52</span>Olen parempi kuin tämä mies, joka on viheliäinen raukka ja tuskin osaa selvästi puhua.</p>
      <p>
      <span>53</span>Miksi ei hänelle ole annettu kultaisia rannerenkaita? Ja miksi ei hänen mukanaan ole tullut enkeleitä?»</p>
      <p>
      <span>54</span>Näin yllytti hän kansaansa epäuskoon, ja he tottelivat häntä; he olivat totisesti syntistä kansaa.</p>
      <p>
      <span>55</span>Koska he nostattivat vihamme, kostimme heille ja hukutimme heidät kaikki veteen.</p>
      <p>
      <span>56</span>Ja asetimme heidät varoitukseksi ja esimerkiksi myöhemmille sukupolville.</p>
      <p>
      <span>57</span>Kun Marian poika asetettiin esikuvaksi, nosti kansasi siitä melun,</p>
      <p>
      <span>58</span>ja he sanoivat: »Mikä on parempi, meidän jumalamme vai hän? » Tämän he sanoivat sinulle vain saadakseen aikaan väittelyn; niin, he olivat riidanhaluista kansaa.</p>
      <p>
      <span>59</span>Hän oli vain palvelija, jolle Me osoitimme armoamme ja jonka Me asetimme esikuvaksi Israelin lapsille.</p>
      <p>
      <span>60</span>Ja jos Me tahtoisimme, voisimme luoda joukostanne enkeleitä seuraajiksenne maan päälle.</p>
      <p>
      <span>61</span>Hän on totisesti merkki hetkestä; älkää siis epäilkö sitä, vaan seuratkaa minua. Tämä on oikea tie.</p>
      <p>
      <span>62</span>Älkää antako saatanan estää teitä; hän on totisesti ilmeinen vihollisenne.</p>
      <p>
      <span>63</span>Kun Jeesus tuli selvin todistuksin, hän sanoi: » Olen tullut luoksenne ja tuonut teille viisauden selvittääkseni teille osan siitä, mistä olette eri mieltä. Pitäkää siis huoli velvollisuudestanne Jumalaa kohtaan ja totelkaa minua.</p>
      <p>
      <span>64</span>Totisesti on Jumala minun ja teidän Herranne; palvelkaa sentähden Häntä. Tämä on oikea tie.»</p>
      <p>
      <span>65</span>Mutta eri ryhmät heidän keskuudessaan riitelivät, ja voi rangaistusta, jonka väärämieliset saavat tuskan päivänä!</p>
      <p>
      <span>66</span>Voivatko he odottaa muuta kuin hetkeä, joka yllättää heidät äkkiä, silloin kun he eivät mitään aavista?</p>
      <p>
      <span>67</span>Ystävät tulevat tuona päivänä olemaan toinen toistensa vihamiehiä, lukuunottamatta niitä, jotka karttavat pahaa.</p>
      <p>
      <span>68</span>Palvelijani, teidän ei tarvitse pelätä eikä murehtia tuota päivää,</p>
      <p>
      <span>69</span>teidän, jotka uskoitte ilmoituksiini ja olitte Minulle kuuliaisia!</p>
      <p>
      <span>70</span>Käykää paratiisiin, te ja vaimonne, ja teidät tehdään onnellisiksi.</p>
      <p>
      <span>71</span>Siellä kiertävät kultaiset kulhot ja pikarit; siellä saavat he, mitä heidän sielunsa halajaa ja mistä heidän silmänsä iloitsevat, ja siellä te saatte asua ikuisesti.</p>
      <p>
      <span>72</span>Se on paratiisi, joka on annettu teille perinnöksi siitä, mitä teitte.</p>
      <p>
      <span>73</span>Teille on siellä varattu runsaasti hedelmiä syödäksenne.</p>
      <p>
      <span>74</span>Syntiset saavat ikuisesti asua helvetin piinassa.</p>
      <p>
      <span>75</span>Sitä ei heille huojenneta vaan he joutuvat siellä epätoivoon.</p>
      <p>
      <span>76</span>Me emme ole tehnyt heille vääryyttä, vaan he itse tekivät väärin.</p>
      <p>
      <span>77</span>Ja he huutavat: »Maalik , anna Herrasi tehdä loppu meistä!» Hän vastaa: »Teidän on totisesti jäätävä sinne.»</p>
      <p>
      <span>78</span>Olemmehan lähettänyt teille totuuden, mutta useimmille teistä on totuus vastenmielinen.</p>
      <p>
      <span>79</span>Hekö ovat päättäneet jotakin? Totisesti, Meillä on ratkaisu.</p>
      <p>
      <span>80</span>Vai ajattelevatko he, että Me emme tiedä, mitä he kätkevät, emmekä kuule heidän salaisia keskustelujaan? Meidän sanansaattajamme heidän luonaan kirjoittavat kaiken muistiin.</p>
      <p>
      <span>81</span>Sano: »Jos armollisella Jumalalla olisi poika, olisin ensimmäinen palvelemaan Häntä.»</p>
      <p>
      <span>82</span>Kunnia taivaitten ja maan Herralle, jolla on valta ja joka on kaukana siitä, mitä he Hänestä väittävät.</p>
      <p>
      <span>83</span>Anna heidän siis antautua valheellisiin jaaritteluihinsa ja ilveilyihinsä, kunnes heidät kohtaa se päivä, jolla heitä uhataan.</p>
      <p>
      <span>84</span>Hän on Jumala taivaassa ja maan päällä; niin, Hän on viisas ja Hänen on tieto.</p>
      <p>
      <span>85</span>Siunattu on Hän, jonka on valta taivaassa ja maan päällä sekä niiden välillä; Hän tietää, milloin hetki tulee, ja Hänen luoksensa on teidän palattava.</p>
      <p>
      <span>86</span>Niillä, joita he Hänen rinnallaan palvelevat, ei ole mitään välittäjän valtuutta, vaan ainoastaan hänellä, joka todistaa totuudesta, ja he tuntevat hänet.</p>
      <p>
      <span>87</span>Ja jos kysyt heiltä, kuka on heidät luonut, he varmasti vastaavat: »Jumala.» Miksi he siis kääntyvät pois?</p>
      <p>
      <span>88</span>Hänen huutonsa kuuluu: »Herra, totisesti he ovat kansa, joka ei usko.»</p>
      <p>
      <span>89</span>Käänny siis pois heistä ja sano: »Rauha», sillä pian he saavat osansa.</p>
    </div>
  </body>
</html>
