﻿<?xml version="1.0"?>
<html>
  <head>
    <meta http-equiv="Content-Type" content="text/html; charset=utf-8" />
    <title>Savun suura</title>
  </head>
  <body>
    <h1>
    <span>44</span>Savun suura</h1>
    <div class="johdanto">
      <h2>JOHDANTO:</h2>
      <p>NELJÄSKYMMENES NELJÄS SUURA: Savu (Ad-Dukhân) Ilmoitettu Mekassa (59 jaetta )</p>
      <p>Ad-Dukhân, »Savu», saa nimensä jakeessa 10 olevasta sanasta. Perimätiedon mukaan savu tässä tarkoittaa sitä ilmassa olevaa hiekan paljoutta, joka ympäröi Mekkaa suuren kuivuuden ja nälänhädän aikana, vähän ennen kuin muslimit valloittivat kaupungin.</p>
      <p>Kuuluu Mekassa ilmoitettujen suurain keskiryhmään.</p>
    </div>
    <div class="sura">
      <h2>Aloitan JUMALAN, laupiaan Armahtajan, nimeen.</h2>
      <p>
      <span>1</span>Ylistetty, kunnian Jumala!</p>
      <p>
      <span>2</span>Pitäkää arvossa Kirjoitus, joka tuo ilmi totuuden.</p>
      <p>
      <span>3</span>Totisesti olemme ilmoittanut sen siunattuna yönä; Me totisesti varoitamme herkeämättä.</p>
      <p>
      <span>4</span>Siinä kaikki viisaus selvitetään,</p>
      <p>
      <span>5</span>niinkuin Me käskemme; totisesti, Me lähetämme sananjulistajat,</p>
      <p>
      <span>6</span>armona, joka on lähtöisin Herrastasi; Hän on totisesti kuuleva, tietävä,</p>
      <p>
      <span>7</span>Herra taivaassa ja maan päällä sekä niiden välillä. Jospa te sen uskoisitte!</p>
      <p>
      <span>8</span>Ei ole muuta Jumalaa kuin Hän; Hän antaa elämän ja tuottaa kuoleman, sinun ja muinaisten esi-isiesi Herra.</p>
      <p>
      <span>9</span>Ei, he epäilevät, he tekevät pilkkaa.</p>
      <p>
      <span>10</span>Jääkää siis odottamaan sitä päivää, jolloin taivas lähettää suuren savupilven,</p>
      <p>
      <span>11</span>joka yllättää ihmiset. Se on tuskallinen rangaistus.</p>
      <p>
      <span>12</span>»Herra, poista meiltä rangaistus! Totisesti, me uskomme.»</p>
      <p>
      <span>13</span>Miten heitä siis pitää muistuttaa? Heidän luokseen tuli jo sananjulistaja, joka ilmoitti heille totuuden,</p>
      <p>
      <span>14</span>mutta he käänsivät hänelle selkänsä sanoen: »Toisten opettama, hullu.»</p>
      <p>
      <span>15</span>Me viivytämme rangaistusta vähän aikaa, mutta te tulette varmasti palaamaan vääryyteen.</p>
      <p>
      <span>16</span>Päivänä, jolloin Me tartumme heihin väkevällä otteella, Me totisesti määräämme koston.</p>
      <p>
      <span>17</span>Ennen heitä panimme totisesti faraon kansan koetukselle, ja sen luokse tuli jalo sananjulistaja</p>
      <p>
      <span>18</span>sanoen: »Luovuttakaa minulle Jumalan palvelijat, olen totisesti teidän uskollinen sananjulistajanne.</p>
      <p>
      <span>19</span>Älkää nousko Jumalaa vastaan. Minä tulen totisesti luoksenne selvin valtuuksin;</p>
      <p>
      <span>20</span>etsin turvaa Häneltä, joka on minun ja teidän Herranne, jotta ette surmaisi minua,</p>
      <p>
      <span>21</span>ja ellette usko minua, niin poistukaa luotani!»</p>
      <p>
      <span>22</span>Ja hän kutsui avuksi Herraansa, koska he olivat syntisiä.</p>
      <p>
      <span>23</span>Lähde siis matkaan palvelijoitteni kanssa öiseen aikaan; teitä tullaan varmasti ajamaan takaa,</p>
      <p>
      <span>24</span>mutta jätä meri välillenne. Heidän sotajoukkonsa on totisesti hukkuva.»</p>
      <p>
      <span>25</span>Kuinka monta puutarhaa ja lähdettä he saivatkaan jättää jälkeensä,</p>
      <p>
      <span>26</span>viljavainioita ja ihania asumuksia</p>
      <p>
      <span>27</span>ja hyvinvoinnin, josta he iloitsivat.</p>
      <p>
      <span>28</span>Näin kävi, ja Me annoimme sen perinnöksi muille ihmisille.</p>
      <p>
      <span>29</span>Mutta ei taivas eikä maa itkenyt heidän tähtensä, eikä heidän tuomionsa täytäntöönpanoa siirretty.</p>
      <p>
      <span>30</span>Totisesti Me vapahdimme Israelin lapset häpeällisestä kurituksesta</p>
      <p>
      <span>31</span>ja faraosta. Hän oli ylpeä ja kuului häikäilemättömien joukkoon.</p>
      <p>
      <span>32</span>Totisesti Me kaikkiviisaudessamme valitsimme heidät kaikista kansakunnista</p>
      <p>
      <span>33</span>ja annoimme heille ilmoituksemme, joka sisälsi selvän koetuksen.</p>
      <p>
      <span>34</span>Totisesti nämä sanovat:</p>
      <p>
      <span>35</span>»Ei ole muuta kuin ensimmäinen kuolemamme, eikä meitä herätetä uuteen eloon</p>
      <p>
      <span>36</span>Herättäkääpä meille takaisin isämme, jos puhutte totta!»</p>
      <p>
      <span>37</span>Kuka on parempi, hekö vai Tubban kansa ja ne, jotka elivät ennen heitä? Me kukistimme heidät, sillä totisesti he tekivät syntiä.</p>
      <p>
      <span>38</span>Me emme vain huvin vuoksi ole luonut taivaita ja maata sekä mitä niiden välillä on,</p>
      <p>
      <span>39</span>vaan Me olemme luonut ne täydellä todella, mutta useimmat heistä ovat tietoa vailla.</p>
      <p>
      <span>40</span>Totisesti, ratkaisun päivä on heille kaikille määrätty,</p>
      <p>
      <span>41</span>se päivä, jolloin ystävä ei ole ystävälle hyödyksi eivätkä he saa lainkaan apua,</p>
      <p>
      <span>42</span>paitsi ne, joita Jumala armahtaa. Hän on totisesti mahtava, armollinen.</p>
      <p>
      <span>43</span>Totisesti on Zakkuum-puu</p>
      <p>
      <span>44</span>syntisten ravintoa.</p>
      <p>
      <span>45</span>Kuin öljysakka se kiehuu heidän vatsassaan,</p>
      <p>
      <span>46</span>niinkuin kuuma vesi kiehuu.</p>
      <p>
      <span>47</span>»Ottakaa hänet kiinni ja raahatkaa hänet keskelle helvettiä!</p>
      <p>
      <span>48</span>Kaatakaa sitten hänen päänsä yli kiehuvaa vettä hänelle piinaksi!</p>
      <p>
      <span>49</span>»Maista, sinä mahtava ja kunnianarvoisa!»</p>
      <p>
      <span>50</span>Totisesti, tämä on se rangaistus, jota te epäilitte.</p>
      <p>
      <span>51</span>Totisesti ne, jotka karttavat pahaa, ovat turvallisessa paikassa,</p>
      <p>
      <span>52</span>puutarhoissa ja lähteiden partaalla,</p>
      <p>
      <span>53</span>puettuina silkkiin ja samettiin, ja katsoen toisiaan kasvoista kasvoihin.</p>
      <p>
      <span>54</span>Niin on oleva, ja Me yhdistämme heidät puhtaaseen, ihanaan kumppaniin.</p>
      <p>
      <span>55</span>Siellä turvassa on heille tarjolla kaikenlaisia hedelmiä,</p>
      <p>
      <span>56</span>ensimmäisen kuoleman lisäksi he eivät siellä maista kuolemaa, ja Hän säästää heiltä helvetin piinan</p>
      <p>
      <span>57</span>Herrasi armosta; tämä on suuri autuus.</p>
      <p>
      <span>58</span>Me olemme tehnyt sen helposti tajuttavaksi omalla kielelläsi, jotta he ottaisivat varoituksesta vaarin.</p>
      <p>
      <span>59</span>Odota siis! Totisesti hekin odottavat.</p>
    </div>
  </body>
</html>
