﻿<?xml version="1.0"?>
<html>
  <head>
    <meta http-equiv="Content-Type" content="text/html; charset=utf-8" />
    <title>Polvistumisen Suura</title>
  </head>
  <body>
    <h1>
    <span>45</span>Polvistumisen suura</h1>
    <div class="johdanto">
      <h2>JOHDANTO:</h2>
      <p>NELJÄSKYMMENES VIIDES SUURA: Polvistuminen (Al-Jathiya) Ilmoitettu Mekassa (37 jaetta )</p>
      <p>Al-Jathiya , »Polvistuminen», saa nimensä sanoista jakeessa 28.</p>
      <p>Kuuluu Mekassa ilmoitettujen suurain keskiryhmään.</p>
    </div>
    <div class="sura">
      <h2>Aloitan JUMALAN, laupiaan Armahtajan, nimeen.</h2>
      <p>
      <span>1</span>Ylistetty, kunnian Jumala!</p>
      <p>
      <span>2</span>Kirjoituksen on ilmoittanut Jumala, mahtava, viisas.</p>
      <p>
      <span>3</span>Totisesti on taivaassa ja maan päällä merkkejä uskoville.</p>
      <p>
      <span>4</span>Teidän oma luomisenne ja eläimet, joita Hän levittää ympäri maata, ovat tunnusmerkkejä ihmisille, joilla on varmuus.</p>
      <p>
      <span>5</span>Yön ja päivän vaihtelu, sade, jonka Jumala lähettää pilvistä ja jolla Hän virvoittaa kuihtuneen maan, sekä tuulten vaihtelut ovat tunnusmerkkejä ihmisille, joilla on ymmärrystä.</p>
      <p>
      <span>6</span>Nämä ovat Jumalan tunnusmerkkejä, jotka Me ilmoitamme sinulle totuudessa, mutta mihin sanomaan uskoisivat he Jumalan ja Hänen ilmoitustensa jälkeen?</p>
      <p>
      <span>7</span>Voi kaikkia syntisiä valehtelijoita,</p>
      <p>
      <span>8</span>jotka kuulevat Jumalan ilmoitukset lausuttavan itselleen, mutta sitten ylpeydessään paatuvat eivätkä ole niitä kuulevinaan! Julista siis heille sanoma tuskallisesta rangaistuksesta!</p>
      <p>
      <span>9</span>Ja kun he saavat kuulla jonkin ilmoituksistamme, tekevät he siitä pilkkaa; nämä tulevat saamaan häpeällisen rangaistuksen.</p>
      <p>
      <span>10</span>Heidän edessään on helvetti, ja siellä heitä ei lainkaan hyödytä se, mitä he ovat itselleen hankkineet, eivätkä ne, joita he Jumalan sijaan ottivat suojelijoikseen. Heitä odottaa hirveä rangaistus.</p>
      <p>
      <span>11</span>Tämä on oikea johdatus, ja niillä, jotka kieltävät Herransa ilmoitukset, on oleva tuskallinen rangaistus.</p>
      <p>
      <span>12</span>Jumala saattoi meren palvelemaan teitä, niin että alukset purjehtivat sitä myöten Hänen käskynsä mukaan, jotta te etsisitte Hänen armoaan ja antaisitte Hänelle kiitoksen.</p>
      <p>
      <span>13</span>Hän on myös tehnyt alamaiseksenne kaiken, mitä on taivaissa ja maan päällä: totisesti on tässä tunnusmerkkejä ihmisille jotka ajattelevat.</p>
      <p>
      <span>14</span>Sano uskoville, että he antaisivat anteeksi niille, jotka eivät pelkää Jumalan päivää, jolloin Hän palkitsee ihmiset heidän ansioittensa mukaan.</p>
      <p>
      <span>15</span>Jos joku tekee hyvää, koituu se hänen oman sielunsa parhaaksi, ja jos joku tekee pahaa, tulee siitä hänelle itselleen vahinkoa; sitten saatetaan teidät takaisin Herranne tykö.</p>
      <p>
      <span>16</span>Totisesti annoimme Israelin lapsille Pyhän Kirjan, viisauden ja profeetankutsumuksen, jakelimme heille hyvyyttä ja asetimme heidät muiden kansojen edelle.</p>
      <p>
      <span>17</span>Me annoimme heille myös selvät todistukset, ja he olivat erimielisiä ja toisille kateellisia vasta päästyään osallisiksi tiedosta; totisesti Herrasi on tuomitseva heidät ylösnousemuksen päivänä siitä, mistä he kiistelivät.</p>
      <p>
      <span>18</span>Sitten annoimme sinun seurata määrättyä suuntaa; noudata siis sitä äläkä niiden alhaisia toiveita, jotka ovat tietoa vailla!</p>
      <p>
      <span>19</span>Totisesti he eivät hyödytä sinua vähintäkään Jumalan edessä; jumalattomat ovat toistensa ystäviä, mutta Jumala on niiden ystävä, jotka karttavat pahaa.</p>
      <p>
      <span>20</span>Nämä ovat selviä todisteita ihmisille, opastus ja armo niille, joilla on varmuus.</p>
      <p>
      <span>21</span>Luulevatko ne, jotka ovat tehneet pahoja töitä, että kohtelen heitä samoin kuin niitä, jotka uskovat ja tekevät hyviä töitä, ja että elämä ja kuolema heille tulee olemaan samanlainen? Kehno on heidän arvostelunsa.</p>
      <p>
      <span>22</span>Jumala loi taivaat ja maan totuutta noudattaen, niin että jokainen sielu palkittaisiin ansionsa mukaan ja ettei kenellekään tehtäisi vääryyttä.</p>
      <p>
      <span>23</span>Mitä ajattelet ihmisestä, joka pitää alhaista haluaan jumalanaan ja jonka Jumala tietäen antaa harhautua, jonka korvat ja sydämen Hän sinetöi ja jonka silmät Hän peittää verholla? Kuka voi ohjata häntä paitsi Jumala? Ettekö siis tahdo noudattaa kehoitusta?</p>
      <p>
      <span>24</span>He sanovat myös: »Ei ole olemassa muuta kuin tämä maallinen elämämme; me elämme ja kuolemme, ja mikään muu kuin aika ei hävitä meitä.» Mutta siitä heillä ei ole mitään tietoa, he ainoastaan lausuvat arveluja.</p>
      <p>
      <span>25</span>Ja kun selvät ilmoituksemme sanellaan heille, on heidän vastaväitteinänsä vain tämä: »Herättäkää meille isämme takaisin, jos puhutte totta!»</p>
      <p>
      <span>26</span>Sano: »Jumala antaa teille elämän, sitten lähettää Hän teille kuoleman ja sitten kokoaa Hän teidät ylösnousemuksen päivänä. Tämä on varma, mutta useimmilla ihmisillä ei ole siitä tietoa.»</p>
      <p>
      <span>27</span>Jumalan on valta taivaassa ja maan päällä, ja sinä päivänä, jolloin hetki tulee, sinä päivänä hukkuvat ne, jotka harjoittavat vääryyttä.</p>
      <p>
      <span>28</span>Sinä saat nähdä kaikkien kansojen notkistavan polvensa; jokainen kansa kutsutaan pyhän kirjansa ääreen. »Tänä päivänä saatte palkan siitä, mitä olette tehneet.</p>
      <p>
      <span>29</span>Tämä Meidän Kirjamme sanoo teistä totuuden; totisesti, Me kirjoitimme tekonne muistiin.»</p>
      <p>
      <span>30</span>Mitä tulee niihin, jotka uskoivat ja tekivät hyviä töitä, ne heidän Herransa sulkee armoonsa; tämä on ylin autuus.</p>
      <p>
      <span>31</span>Mitä taas tulee niihin, jotka eivät uskoneet, niin »eikö Minun ilmoituksiani ole luettu teille? Mutta te olitte ylpeitä, niin, te olitte syntisiä ihmisiä.»</p>
      <p>
      <span>32</span>Ja kun sanottiin: »Jumalan lupaus on totisesti vanhurskas eikä tuomionhetkestä ole epäilystä», sanoitte te: »Me emme tiedä, millainen hetki se on; me emme luule sen koittavan, sillä se on vain ennakkoluuloa, eikä meillä ole siitä lainkaan varmuutta.»</p>
      <p>
      <span>33</span>Mutta paha, mitä he ovat tehneet, tulee heille selväksi, ja se, mitä he pilkkasivat, on kohdistuva heihin itseensä.</p>
      <p>
      <span>34</span>Ja heille sanotaan: »Tänään Me hylkäämme teidät, niinkuin te olitte välinpitämättömiä tämän päivän tulemisesta. Teidän olinpaikkanne on tuli, ja siellä teillä ei ole ketään auttajaa.</p>
      <p>
      <span>35</span>Näin käy sentähden, että te piditte Jumalan ilmoituksia pilkkana ja että maallinen elämä on houkutellut teidät harhaan.» Mutta tuona päivänä ei heitä vapahdeta eikä heille osoiteta lempeyttä.</p>
      <p>
      <span>36</span>Jumalalle kuuluu kaikki kiitos, taivaitten Herralle, maan Herralle, maailmojen Herralle!</p>
      <p>
      <span>37</span>Hänen on kunnia taivaassa ja maan päällä: Hän on mahtava, viisas.</p>
    </div>
  </body>
</html>
