﻿<?xml version="1.0"?>
<html>
  <head>
    <meta http-equiv="Content-Type" content="text/html; charset=utf-8" />
    <title>Hiekkakunnaiden Suura</title>
  </head>
  <body>
    <h1>
    <span>46</span>Hiekkakunnaiden suura</h1>
    <div class="johdanto">
      <h2>JOHDANTO:</h2>
      <p>NELJÄSKYMMENES KUUDES SUURA: Hiekkakunnaat (Al-Ahkaf) Ilmoitettu Mekassa (35 jaetta )</p>
      <p>Al-Ahkaf, »Hiekkakunnaat», (kaikille erämaankävijöille tuttu muodostuma, mutta erikoisen luonteenomainen seudulla, jossa Aad heimon kerrotaan alkuaan asuneen), saa nimensä jakeessa 21 olevasta sanasta ja on viimeinen Haa Miim ryhmään kuuluvista luvuista.</p>
      <p>Se kuuluu mekkalaisten suurain keskiryhmään lukuunottamatta jakeita 10, 15-18 ja 35, jotka on ilmoitettu Medinassa.</p>
    </div>
    <div class="sura">
      <h2>Aloitan JUMALAN, laupiaan Armahtajan, nimeen.</h2>
      <p>
      <span>1</span>Ylistetty, kunnian Jumala.</p>
      <p>
      <span>2</span>Pyhän Kirjan ilmoitus on saatu Jumalalta, mahtavalta, viisaalta.</p>
      <p>
      <span>3</span>Me olemme luonut taivaat ja maan ja mitä niiden välillä on vain totuudessa ja määrätyksi ajaksi, mutta ne, jotka ovat epäuskoisia, kääntyvät pois saamistaan varoituksista.</p>
      <p>
      <span>4</span>Sano: »Oletteko ajatelleet niitä, joita avuksenne huudatte Jumalan sijasta? Osoittakaa minulle, kuinka suuren osan ne ovat luoneet maasta! Tai onko heillä osuutta taivaisiin? Tuokaa minulle kirja, joka on ilmoitettu ennen tätä, tai rippeitä tiedosta, jos rakastatte totuutta!»</p>
      <p>
      <span>5</span>Kuka erehtyy enemmän kuin se, joka Jumalan asemesta kutsuu niitä, jotka eivät ennen ylösnousemuksen päivää vastaa hänelle eivätkä huoli hänen kutsustaan?</p>
      <p>
      <span>6</span>Ja kun ihmiset kootaan yhteen, tulee heistä näiden vihamiehiä ja he kieltävät näiden palvoneen heitä.</p>
      <p>
      <span>7</span>Ja vaikka tunnusmerkkimme selvästi luetaan heille, väittävät epäuskoiset totuudesta, kun se tulee heidän osakseen: »Tämä on selvää noituutta.»</p>
      <p>
      <span>8</span>Tai he sanovat: »Hän on keksinyt sen». Sano: »Jos minä olen keksinyt sen, ette te voi enää auttaa minua Jumalan edessä. Hän tietää parhaiten, mitä olette siitä uskotelleet. Hän on pätevä todistaja minun ja teidän asiassanne; niin, Hän antaa anteeksi ja on armollinen.</p>
      <p>
      <span>9</span>Sano: »Minä en ole sananjulistajista ensimmäinen enkä tiedä, mitä tulee tapahtumaan minulle tai teille; minä noudatan vain sitä, mikä on ilmoitettu minulle, ja olen vain julkinen varoittaja.»</p>
      <p>
      <span>10</span>Sano: »Oletteko ajatelleet, että se tulee Jumalalta ja että te ette usko siihen, mutta eräs todistaja Israelin lasten joukosta on todistanut sen oikeaksi; hän uskoi, mutta te olette ylpeitä.» Totisesti, Jumala ei kaitse jumalatonta kansaa.</p>
      <p>
      <span>11</span>Epäuskoiset sanovat uskovaisista: »Jos koraanissa olisi ollut jotakin hyvää, eivät he sen omaksumisessa olisi päässeet meistä edelle», ja koska he eivät tahdo antaa sen ohjata itseään oikeaan, he sanovat: »Se sisältää vain vanhoja valhetaruja.»</p>
      <p>
      <span>12</span>Ennen sitä oli jo Mooseksen kirja oppaana ja armonosoituksena, ja tämä kirja vahvistaa sen arabian kielellä, varoitukseksi niille, jotka tekevät vääryyttä, ja hyvänä sanomana niille, joiden teot ovat hyviä.</p>
      <p>
      <span>13</span>Totisesti niillä, jotka sanovat: »Jumala on Herramme» ja pysyvät oikealla tiellä, ei ole pelkoa eikä heidän tarvitse murehtia.</p>
      <p>
      <span>14</span>Heistä tulee paratiisin asukkaita ikuisiksi ajoiksi palkaksi siitä, mitä he tekivät.</p>
      <p>
      <span>15</span>Me olemme myös käskenyt ihmisen tehdä hyvää vanhemmilleen; hänen äitinsä on kantanut hänet tuskalla ja synnyttänyt hänet kivulla, ja kantaminen ja vieroittaminen kestää kolmekymmentä kuukautta; ja kun hän saavuttaa kypsyysiän ja täyttää neljäkymmentä vuotta, hän sanoo: »Herra, suo minun olla kiitollinen siitä armosta, jota olet osoittanut minulle ja vanhemmilleni, suo että pystyisin hyviin tekoihin, jotka miellyttävät Sinua, ja salli kaiken koitua jälkeläisteni parhaaksi; totisesti, minä turvaan Sinuun ja kuulun Sinun alamaisiisi.»</p>
      <p>
      <span>16</span>Näiltä vastaanotamme parhaan, mitä he ovat tehneet, ja annamme anteeksi heidän pahat tekonsa, koska he kuuluvat paratiisin asukkaisiin sen vanhurskaan lupauksen mukaan, mikä heille on annettu.</p>
      <p>
      <span>17</span>Mutta jos joku sanoo vanhemmilleen: »Häpeä teille! Kuinka lupaatte minulle, että minut herätetään henkiin, kun jo muut sukupolvet ovat kuolleet ennen minua?» niin että he kumpikin huutavat Jumalalta apua: »Voi sinua! Usko, Jumalan lupaus on totisesti varma» ja hän vastaa: »Nämä ovat vain muinaistaruja»,</p>
      <p>
      <span>18</span>niin juuri tällaiset ovat niitä, joiden suhteen on käynyt toteen ennustus dzinneistä ja ihmispolvista, jotka ovat kuolleet jo ennen heitä; totisesti ovat he tuhon omat.</p>
      <p>
      <span>19</span>Jokaista varten on olemassa eri asteita, aina sen mukaan, mitä he ovat tehneet, jotta minä saattaisin maksaa heille täyden palkan teoistaan, ilman että kukaan kärsisi vääryyttä.</p>
      <p>
      <span>20</span>Sinä päivänä, jolloin epäuskoiset saatetaan tulen eteen, kuuluu sana: »Te tuhlasitte kaiken hyvän maallisessa elämässänne, nauttien siitä lyhyen ajan, mutta tänään palkitaan teidät masentavalla kurituksella, sentähden että olitte ilman syytä ylpeitä maan päällä ja teitte syntiä.</p>
      <p>
      <span>21</span>Muistakaa Aadin veljeä, kun hän varoitti kansaansa hiekkakunnailla - ja varoittajia on totisesti ollut sekä ennen häntä että hänen jälkeensä - sanoen: »Älkää palvelko ketään muuta kuin Jumalaa! Totisesti pelkään puolestanne kauhun päivän rangaistusta.»</p>
      <p>
      <span>22</span>He vastasivat: »Oletko tullut luoksemme kääntääksesi meidät pois jumalistamme? Näytä sitten meille se, millä meitä peloittelet, jos olet niitä, jotka pysyvät totuudessa.»</p>
      <p>
      <span>23</span>Silloin hän sanoi: »Vain Jumalalla on tieto, ja minä julistan teille sanomaa, mikä on lähetetty mukanani, mutta huomaan, että olette ymmärtämätöntä kansaa.»</p>
      <p>
      <span>24</span>Ja kun he näkivät pilven ilmestyvän taivaalle ja lähestyvän heidän laaksojaan, he sanoivat: »Se on pilvi, joka antaa meille sadetta.» - »Ei, se on se, mitä te halusitte jouduttaa, tuulenpuuska, joka tuo mukanaan tuskallisen rangaistuksen</p>
      <p>
      <span>25</span>ja joka hävittää kaiken Herran käskystä.» Ja niin ei heistä seuraavana aamuna näkynyt muuta kuin heidän asumuksensa; näin Me palkitsemme syntisiä ihmisiä.</p>
      <p>
      <span>26</span>Tosiaan Me annoimme heille vallan, jota emme ole antanut teille, ja Me annoimme heille kuulon, näön ja sydämen, mutta heidän korvansa, silmänsä ja sydämensä eivät hyödyttäneet heitä vähääkään, koska he kielsivät Jumalan ilmoitukset, ja se, mitä he pilkkasivat, kohtasi heidät.</p>
      <p>
      <span>27</span>Olemme todella hävittänyt ympärillänne olevat kaupungit, ja Me uudistamme ilmoituksemme, jotta he kääntyisivät.</p>
      <p>
      <span>28</span>Mutta miksi eivät heitä sitten auttaneet ne, joita he pitivät Jumalan ohella jumalina ja välimiehinä? Ei, he ovat pettäneet heidät; tämä oli heidän valheensa ja väärennyksensä.</p>
      <p>
      <span>29</span>Ja kun Me ohjasimme osan dzinneistä sinun luoksesi kuulemaan Koraania, sanoivat he tultuaan paikalle: »Kuunnelkaa tarkasti!» ja kun se oli lopussa, palasivat he kansansa luo varoittamaan sitä.</p>
      <p>
      <span>30</span>He sanoivat: »Kansalaisemme, me olemme kuulleet Kirjaa, joka on ilmoitettu Mooseksen jälkeen ja joka vahvistaa sen, mitä oli ennen, johtaen totuuteen ja oikealle tielle.</p>
      <p>
      <span>31</span>Kansalaisemme, ottakaa vastaan jumalallinen kutsuja ja uskokaa Häneen, niin Hän antaa teille syntinne anteeksi ja suojelee teidät tuskallisesta rangaistuksesta.»</p>
      <p>
      <span>32</span>Sillä ne, jotka eivät ota vastaan Jumalan lähettilästä, eivät löydä maan päältä pakopaikkaa eikä heillä hänen sijastaan ole ketään suojelijaa. Nämä ovat selvästi harhaan johdettuja.</p>
      <p>
      <span>33</span>Eivätkö he ole ottaneet huomioon sitä, että Jumala, joka loi taivaat ja maan eikä väsynyt niitä luodessaan, voi antaa kuolleille elämän? Niin, Hän on totisesti kaikkivoipa.</p>
      <p>
      <span>34</span>Sinä päivänä, jolloin epäuskoiset viedään tulen eteen, kysytään: »Eikö kaikki ollut totta?» He vastaavat: »Kyllä, Herramme nimeen.» Silloin Hän sanoo: »Maistakaa siis rangaistustanne, koska olitte epäuskoisia!»</p>
      <p>
      <span>35</span>Kestäkää siis kärsivällisinä, niinkuin sananjulistajat kestivät, älkääkä kiirehtikö heidän tuomiotaan! Sinä päivänä, jolloin he näkevät, mitä heille on luvattu, heistä tuntuu siltä, kuin he eivät olisi odottaneet kauemmin kuin yhden tunnin päivästä. Riittäköön tämä varoitukseksi. Pitäisikö muitten tulla tuhotuiksi kuin syntisten ihmisten?</p>
    </div>
  </body>
</html>
