﻿<?xml version="1.0"?>
<html>
  <head>
    <meta http-equiv="Content-Type" content="text/html; charset=utf-8" />
    <title>Muhammadin Suura</title>
  </head>
  <body>
    <h1>
    <span>47</span>Muhammadin suura</h1>
    <div class="johdanto">
      <h2>JOHDANTO:</h2>
      <p>NELJÄSKYMMENES SEITSEMÄS SUURA: Muhammadin Ilmoitettu Medinassa (38 jaetta)</p>
      <p>Muhammad. Tämän suuran nimi on toisesta jakeesta, jossa profeetta mainitaan nimeltä. Useimmat selittäjät ovat samaa mieltä siitä, että jae 18 ilmoitettiin silloin, kun profeetan oli pakko paeta Mekasta ja hän katsoi itkien taaksensa nähdäkseen viimeisen vilauksen synnyinkaupungistaan. Muutamat pitävät koko suuraa Mekassa ilmoitettuna, kuitenkin ilman pätevää perustelua.</p>
      <p>Ilmoitettu Hedzraa seuraavan ensimmäisen tai toisen vuoden kuluessa, paitsi jae 18, joka ilmoitettiin Hedzran aikana.</p>
    </div>
    <div class="sura">
      <h2>Aloitan JUMALAN, laupiaan Armahtajan, nimeen.</h2>
      <p>
      <span>1</span>Jotka eivät usko, vaan kääntyvät pois Jumalan tieltä, niiden teot Hän tekee tyhjäksi.</p>
      <p>
      <span>2</span>Mutta jotka tekevät hyvää ja uskovat sen, mitä Muhammedille on ilmoitettu, joka on heidän Herraltaan saatu totuus, heidän pahat tekonsa Hän pyyhkii pois ja parantaa heidän asemansa.</p>
      <p>
      <span>3</span>Näin käy siksi, että epäuskoiset seuraavat valheen jälkiä ja uskovaiset noudattavat totuutta, joka tulee heidän Herraltaan. Näin Jumala asettaa ihmisille esikuvia.</p>
      <p>
      <span>4</span>Kun siis kohtaatte taistelussa uskottomat, niin nujertakaa heiltä niskat, niin että voitatte heidät! Sitten ottakaa heidät vangiksi ja jälkeenpäin joko suosiollisesti vapauttakaa heidät tai antakaa heidän lunastaa itsensä vapaiksi, kun sota on päättynyt! Niin on oleva. Jos Jumala olisi tahtonut, olisi Hän varmasti voinut kostaa heille, mutta näin Hän tahtoo koetella teitä toistenne avulla. Jotka saavat surmansa Jumalan tiellä, heidän tekojensa ei Hän millään muotoa salli raueta tyhjiin.</p>
      <p>
      <span>5</span>Hän ohjaa heitä ja parantaa heidän asemansa,</p>
      <p>
      <span>6</span>sekä antaa heidän päästä paratiisiin, jonka Hän on tehnyt heille tunnetuksi.</p>
      <p>
      <span>7</span>Jos uskovaiset autatte Jumalan asiaa, Hän auttaa teitä ja tukee askeleitanne.</p>
      <p>
      <span>8</span>Mutta niitä, jotka ovat epäuskoisia, odottaa tuho, ja Hän tekee tyhjäksi heidän työnsä.</p>
      <p>
      <span>9</span>Näin tapahtuu sentähden, että he ylenkatsoivat Jumalan ilmoituksia, ja niin Hän antaa heidän tekojensa raueta tyhjiin.</p>
      <p>
      <span>10</span>Eivätkö he ole matkanneet ympäri maata ja nähneet, minkälaisen lopun saivat ne, jotka elivät ennen heitä? Jumala saattoi heidät perikatoon, ja uskottomilla on oleva sama kohtalo.</p>
      <p>
      <span>11</span>Näin tapahtuu, koska Jumala on uskovien suojelija ja koska uskottomilla ei ole ketään suojelijaa.</p>
      <p>
      <span>12</span>Totisesti antaa Jumala niiden, jotka uskovat ja tekevät hyvää, käydä sisälle paratiisiin, jonka kautta joet virtaavat, mutta ne, jotka ovat epäuskoisia ja nauttivat ja syövät kuin elukat, heidän olinpaikkansa on tuli.</p>
      <p>
      <span>13</span>Miten monta kaupunkia olemmekaan tuhonnut, kaupunkeja, jotka olivat mahtavampia kuin se, joka on karkoittanut sinut, eikä niillä ollut ketään auttajaa.</p>
      <p>
      <span>14</span>Onko se, joka on saanut selvän todistuksen Herraltaan niiden kaltainen, joille pahat tekonsa ovat ihanat ja jotka noudattavat alhaisia halujaan.</p>
      <p>
      <span>15</span>Tällainen on kuvaus paratiisista, joka on luvattu niille, jotka karttavat pahaa: siellä on virtoja, joiden vesi ei samene, maitovirtoja, joiden maku ei muutu, viinivirtoja, suloisia juoda, ja kirkkaita hunajavirtoja. Ne, jotka siellä asuvat, saavat Herraltaan kaikenlaisia hedelmiä ja anteeksiannon. Ovatko he niinkuin ne, joilla on asuntona tuli ja jotka saavat juoda kiehuvaa vettä, niin että se raastaa rikki heidän sisuksensa?</p>
      <p>
      <span>16</span>Jotkut näistä tosin yrittävät kuunnella sinua, mutta kun he lähtevät luotasi, he sanovat niille, jotka ovat saaneet tiedon: »Mitä uutta hän sanoi?» Näiden sydämen Jumala on paaduttanut, ja he seuraavat alhaisia himojaan.</p>
      <p>
      <span>17</span>Mutta niille, jotka seuraavat oikeata suuntaa, Hän tuo johdatustaan runsaammin ja antaa heille varjeluksensa.</p>
      <p>
      <span>18</span>Mitä muuta epäuskoiset siis odottavat, kuin että hetki tulisi heille äkkiä? Nyt ovat todella sen enteet jo tulleet, mutta mitä apua heillä on kehoituksesta, kun hetki on tullut?</p>
      <p>
      <span>19</span>Tiedä siis, ettei ole muuta jumalaa kuin Jumala, ja pyydä anteeksiantoa synneistä itsellesi ja uskoville miehille ja naisille. Jumala tuntee paikan, mihin palaatte ja missä asuntonne on oleva.</p>
      <p>
      <span>20</span>Uskovaiset sanovat: »Miksi ei ole yhtään suuraa ilmoitettu?» Mutta kun selkeä suura ilmoitetaan ja siinä mainitaan taistelu, näet kuinka ne, joiden sydämessä on sairaus, katsovat sinuun niinkuin se, jonka valtaa kuoleman uupumus. Voi heitä silloin!</p>
      <p>
      <span>21</span>Kuuliaisuus ja lempeä sana sopisi heille paremmin; mutta kun asia on päätöksessä, olisi heille totisesti parempi, jos he pysyisivät Jumalalle uskollisina.</p>
      <p>
      <span>22</span>Mutta jos teillä olisi valta, tekisitte varmasti ilkitöitä ja katkoisitte sukulaisuussiteenne.</p>
      <p>
      <span>23</span>Nämä Jumala on kironnut ja saattanut kuuroiksi sekä sokaissut heidän silmänsä.</p>
      <p>
      <span>24</span>Eivätkö he siis tutkistele Koraania? Eivät, heidän sydämensä ovat lukitut.</p>
      <p>
      <span>25</span>Niille, jotka palaavat entiselleen sen jälkeen, kun selvä johdatus on heille annettu, on saatana totisesti tehnyt sen helpoksi asiaksi, ja Hän antaa heille vapaat kädet.</p>
      <p>
      <span>26</span>Sillä he sanovat salaa niille, jotka ylenkatsovat Jumalan ilmoituksia: »Me tahdomme totella teitä joissakin asioissa.» Mutta Jumala tuntee heidän salaisuutensa.</p>
      <p>
      <span>27</span>Mutta kuinka käy, kun enkelit tuovat heille kuoleman käskyn, lyöden heitä kasvoihin ja selkään?</p>
      <p>
      <span>28</span>Sillä he noudattavat sitä, mikä ei miellytä Jumalaa, vaan on Hänen tahtoaan vastaan; siksi Hän on tehnyt tyhjäksi heidän tekonsa.</p>
      <p>
      <span>29</span>Vai ajattelevatko ne, joiden sydämessä on sairaus, että Jumala ei tuo ilmi heidän ilkitöitään?</p>
      <p>
      <span>30</span>Ja jos Me tahtoisimme, niin olisimme voinut asettaa niin, että olisit totisesti tuntenut heidät tuntomerkeistään; ja totisesti sinä voit tuntea heidät puheestaan; niin, Jumala tuntee tekonne.</p>
      <p>
      <span>31</span>Totisesti koettelemme teitä siksi, kunnes olemme oppinut tuntemaan teistä ne, jotka ovat urhoollisia ja kestäviä, koettelemme, kunnes asianne on Meille ilmeinen.</p>
      <p>
      <span>32</span>Totisesti, ne, jotka eivät usko, vaan kääntyvät pois Jumalan tieltä vastustaen sananjulistajaa, sitten kun johdatus on heille ilmoitettu, ne eivät voi vahingoittaa Jumalaa millään tavoin, mutta Hän tekee tyhjäksi heidän tekonsa.</p>
      <p>
      <span>33</span>Te, jotka uskotte, totelkaa Jumalaa, olkaa kuuliaisia sananjulistajalle älkääkä saattako tekojanne raukeamaan!</p>
      <p>
      <span>34</span>Totisesti ne, jotka eivät usko, vaan hylkäävät Jumalan tien, kuolevat, koska he ovat epäuskoisia, eikä Jumala anna heille mitään anteeksi.</p>
      <p>
      <span>35</span>Älkää siis olko heikkoja anoen rauhaa, sillä te olette voitolla ja Jumala on kanssanne. Hän ei tee tekojanne mitättömiksi.</p>
      <p>
      <span>36</span>Maallinen elämä on vain turhaa ilvettä ja leikkiä, mutta jos te uskotte ja kartatte pahaa, Hän antaa teille palkkanne eikä kysy teiltä mitään tavaraa.</p>
      <p>
      <span>37</span>Jos Hän vaatisi teiltä sitä, te olisitte itaria ja Hän saattaisi pahuutenne ilmi.</p>
      <p>
      <span>38</span>Katso, te kuulutte niihin, jotka ovat kutsutut uhraamaan varojansa Jumalan asian edistämiseksi, mutta teidän joukossanne on kitsaita; ja jos joku on kitsas, se on vain hänen oman sielunsa vahingoksi. Jumalalta ei mitään puutu, mutta te tarvitsette Häntä, ja jos te käännytte pois, asettaa hän sijaanne toisia, jotka eivät ole niinkuin te.</p>
    </div>
  </body>
</html>
