﻿<?xml version="1.0"?>
<html>
  <head>
    <meta http-equiv="Content-Type" content="text/html; charset=utf-8" />
    <title>Voiton Suura</title>
  </head>
  <body>
    <h1>
    <span>48</span>Voiton suura</h1>
    <div class="johdanto">
      <h2>JOHDANTO:</h2>
      <p>NELJÄSKYMMENES KAHDEKSAS SUURA: Al-Fath (Voitto) Ilmoitettu Medinassa ( 29 jaetta )</p>
      <p>Otsake Al-Fath, on sanasta Fath, joka tarkoittaa voittoa. Sana tavataan useita kertoja, mutta se ei viittaa Mekan valloitukseen, vaan Al-Hudeibijen aselepoon, joka, vaikkakin se aikanaan muslimeista näytti vastoinkäymiseltä, todellisuudessa osoittautui islaamin suurimmaksi voitoksi. Näistä tapauksista on kerrottu johdannossa, ss. 21-22.</p>
      <p>Suura on ilmoitettu Hedzran kuudentena vuonna.</p>
    </div>
    <div class="sura">
      <h2>Aloitan JUMALAN, laupiaan Armahtajan, nimeen.</h2>
      <p>
      <span>1</span>Totisesti olemme antanut sinulle ilmeisen voiton,</p>
      <p>
      <span>2</span>jotta Jumala antaisi sinulle anteeksi syntisi, sekä ne, jotka ovat ennen tehdyt, että ne, jotka ovat jäljellä, ja saattaisi armonsa täydelliseksi sinua kohtaan sekä johtaisi sinut oikealle tielle,</p>
      <p>
      <span>3</span>ja jotta Jumala voisi antaa sinulle mahtavaa apuaan.</p>
      <p>
      <span>4</span>Hän se lähetti rauhan uskovien sydämiin, jotta heidän uskonsa lisääntyisi - Jumalan ovat taivaitten ja maan sotajoukot, niin, Jumalan on tieto ja viisaus,</p>
      <p>
      <span>5</span>jotta Hän antaisi uskovain miesten ja naisten päästä paratiisiin, jonka kautta joet virtaavat, ja asua siellä ikuisesti, ja poistaisi heiltä heidän pahat tekonsa. Tämä on suuri autuus Jumalan luona.</p>
      <p>
      <span>6</span>Ja jotta Hän kurittaisi ulkokullatut ja monia jumalia palvelevat, sekä miehet että naiset, ne, joilla on huonoja ajatuksia Jumalasta. Heidän käy huonosti; Jumalan viha on heidän päällään, Hän on kironnut heidät ja valmistanut heitä varten helvetin. Kurja on se kokoontumispaikka.</p>
      <p>
      <span>7</span>Jumalalle kuuluvat sotajoukot taivaassa ja maan päällä. Jumala on mahtava, viisas.</p>
      <p>
      <span>8</span>Olemme totisesti lähettänyt sinut todistajana, hyvän sanoman viejänä ja varoittajana,</p>
      <p>
      <span>9</span>jotta uskoisitte Jumalaan ja Hänen sananjulistajaansa, tukisitte ja kunnioittaisitte häntä sekä julistaisitte Hänen kiitostaan aamuin ja illoin.</p>
      <p>
      <span>10</span>Totisesti, ne, jotka vannovat uskollisuutta sinulle, vannovat vain uskollisuutta Jumalalle. Jumalan käsi on heidän kättensä yllä. Sentähden, jos joku rikkoo valansa, hän rikkoo sen vain oman sielunsa vahingoksi, mutta joka täyttää sen, mitä on sopinut Jumalan kanssa, sille Hän antaa suuren palkinnon.</p>
      <p>
      <span>11</span>Ne erämaan asukkaat, jotka jäivät retkestä jälkeen, sanovat sinulle: »Omaisuutemme ja perheemme pidättivät meidät työssä, pyydä siis puolestamme anteeksi». He puhuvat kielellään sellaista, mitä ei ole heidän sydämessään. Sano: »Kuka voi torjua pois teistä mitään Jumalan päätöstä, joko Hän sitten tahtoo vahingoittaa teitä tai tehdä teille hyvää?» Ei, Jumalalla on tieto teoistanne.</p>
      <p>
      <span>12</span>Niin, te luulitte, että sananjulistaja ja uskovat eivät milloinkaan palaisi omiensa luo, ja tämä ajatus oli teille mieleinen, mutta te ajattelitte pahasti ja te olette perikatoon tuomittu kansa.</p>
      <p>
      <span>13</span>Jos joku ei usko Jumalaan ja Hänen sananjulistajaansa, Me olemme totisesti epäuskoisia varten varannut polttavan tulen.</p>
      <p>
      <span>14</span>Jumalan on valta taivaassa ja maan päällä. Hän armahtaa ja rankaisee ketä tahtoo; niin, Jumala on anteeksiantava, armollinen.</p>
      <p>
      <span>15</span>Jälkeen jäävät sanovat, kun te lähdette retkelle saalista ottamaan: »Antakaa meidän seurata teitä.» He tahtovat muuttaa Jumalan sanan. Sano: »Ette suinkaan saa seurata meitä; niin on Jumala sanonut.» Mutta he sanovat: »Ei, te kadehditte meitä.» Heillä on vain vähän ymmärrystä.</p>
      <p>
      <span>16</span>Sano jälkeen jääneille erämaan asukkaille: »Teidät kutsutaan pian taisteluun kansaa vastaan, jonka urhoollisuus on suuri; te taistelette heitä vastaan siksi kunnes he alistuvat. Jos te tottelette, Jumala antaa teille hyvän palkan, mutta jos käännytte pois, kuten ennen, Hän kurittaa teitä tuskallisella rangaistuksella.»</p>
      <p>
      <span>17</span>Mutta syytön on, joka sokeuden, rampuuden tai sairauden tähden jää kotiin; ja jos joku on kuuliainen Jumalalle ja Hänen sananjulistajalleen, Hän ottaa hänet paratiisiinsa, jossa virrat ovat vuolaat, mutta sitä, joka kääntyy pois, Hän rankaisee tuskallisella kurituksella.</p>
      <p>
      <span>18</span>Totisesti oli Jumala tyytyväinen uskoviin, kun he vannoivat sinulle uskollisuutta puun alla; Hän tiesi, mitä oli heidän sydämissään, ja lähetti heille rauhan sekä palkitsi heidät pikaisella voitolla</p>
      <p>
      <span>19</span>ja runsaalla saaliilla, jonka he ottivat. Jumala on mahtava, viisas.</p>
      <p>
      <span>20</span>Jumala lupasi teille paljon saalista, jota tulisitte ottamaan, sitten Hän antoi tätä pikaisesti teille ja pidätti teistä ihmisten kädet; tämän Hän teki, jotta se olisi merkki uskoville ja jotta Hän johtaisi teitä oikealla polulla.</p>
      <p>
      <span>21</span>Muutakin saalista, jota vielä ette ole voineet saada, Jumala on varannut; totisesti, Jumala on kaikkivoipa.</p>
      <p>
      <span>22</span>Jos ne, jotka eivät usko, olisivat taistelleet teitä vastaan, he varmasti olisivat peräytyneet, ja sitten heillä ei olisi ollut ketään suojelijaa eikä auttajaa.</p>
      <p>
      <span>23</span>Sellainen on Jumalan käsky, jota on todella noudatettu jo aikaisemminkin, etkä sinä ole löytävä Jumalan käskyä toiseksi muuttuneena.</p>
      <p>
      <span>24</span>Hän pidätti heidän kätensä teistä ja teidän kätenne heistä Mekan laaksossa annettuaan teille voiton heistä; niin, Jumala näkee, mitä teette.</p>
      <p>
      <span>25</span>Juuri he eivät uskoneet, vaan pidättivät teidät pyhästä temppelistä sekä uhrista, joka oli estetty saapumasta määräpaikkaansa; ellei heidän joukossaan olisi ollut uskovia miehiä ja naisia, jotka te tietämättömyydessänne olisitte saattaneet tallata jalkoihinne ja näin tahtomattanne tehdä itsenne syypäiksi rikokseen, emme olisi pidättänyt kättänne heistä. Näin tapahtui, jotta Jumala saattaisi sulkea armoonsa kenet tahtoo. Jos he olisivat olleet kaukana hajallaan toisistansa, Me olisimme totisesti kurittanut epäuskoisia heidän joukossaan tuskallisella rangaistuksella.</p>
      <p>
      <span>26</span>Ne, jotka eivät uskoneet, kantoivat sydämissään tietämättömyyden ynseyttä, mutta Jumala lähetti rauhansa sananjulistajalleen ja uskoville ja käski heitä pitämään sanansa ja karttamaan pahaa, mihin he olivat oikeutettuja ja soveliaita. Jumala on kaikkitietävä.</p>
      <p>
      <span>27</span>Jumala on antanut sananjulistajansa näyn täyttyä. Te tulette varmasti astumaan sisään pyhään temppeliin, jos Jumala niin tahtoo, turvassa, pää ajettuna ja hiukset leikattuina, pelkoa tuntematta, sillä Hän tietää, mitä te ette tiedä, ja niin on Hän hankkinut teille pikaisen voiton.</p>
      <p>
      <span>28</span>Hän lähetti sananjulistajansa, mukanaan ohjeet ja totuuden uskonto, saattamaan tämän voittoon kaikkien muiden uskontojen rinnalla; niin, Jumala on pätevä todistaja.</p>
      <p>
      <span>29</span>Muhammed on Jumalan sananjulistaja, ja ne, jotka ovat hänen kanssaan, ovat järkähtämättömiä uskottomille, mutta laupiaita toisiaan kohtaan. Sinä olet näkevä heidän kumartuvan ja polvistuvan, anoen armoa ja suosiota Jumalalta, ja heillä on merkkejä kasvoissaan paljosta maahan kumartamisesta. Niin kuvataan heitä Toorassa. Ja evankeliumissa he ovat kuin siemenkylvö, mikä työntää esiin vesojaan ja sitten voimistuttaa niitä, niin että ne tulevat vahvoiksi ja ovat lujasti kiinni varsissa ilahduttaen kylvömiehiä, jotta se ärsyttäisi epäuskoisia. Jumala on luvannut niille, jotka uskovat ja tekevät hyvää, anteeksiannon ja suuren palkinnon.</p>
    </div>
  </body>
</html>
