﻿<?xml version="1.0"?>
<html>
  <head>
    <meta http-equiv="Content-Type" content="text/html; charset=utf-8" />
    <title>Sisähuoneiden Suura</title>
  </head>
  <body>
    <h1>
    <span>49</span>Sisähuoneiden suura</h1>
    <div class="johdanto">
      <h2>JOHDANTO:</h2>
      <p>NELJÄSKYMMENES YHDEKSÄS SUURA: Sisähuoneet (Al-Hujuraat) Ilmoitettu Medinassa (18 jaetta )</p>
      <p>Al-Hujuraat, »Sisähuoneet», saa nimensä jakeesta 4, jonka sanotaan samoin kuin seuraavan jakeen viittaavan erään lähetystön käytökseen siihen aikaan, jolloin Medinaan tuli lähetystöjä kaikkialta Arabiasta vakuuttamaan heimonsa uskollisuutta profeetalle. Kun suura käsittelee tapoja ja varsinkin käyttäytymistä profeettaa kohtaan, kuuluu se ilmeisesti kokonaan siihen kauteen, jolloin monet, heidän joukossaan sivistymättömätkin, anoivat puheille pääsyä.</p>
      <p>Suura on ilmoitettu Hedzran yhdeksäntenä vuonna, »lähetystöjen vuonna», joksi sitä nimitetään.</p>
    </div>
    <div class="sura">
      <h2>Aloitan JUMALAN, laupiaan Armahtajan, nimeen.</h2>
      <p>
      <span>1</span>Te, jotka uskotte, älkää estäkö Jumalan ja Hänen sananjulistajansa läsnäoloa, vaan pitäkää huoli velvollisuudestanne Jumalaa kohtaan. Totisesti, Jumala on kuuleva, tietävä.</p>
      <p>
      <span>2</span>Te, jotka uskotte, älkää korottako ääntänne profeetan äänen yli älkääkä puhuko hänelle niin äänekkäästi, kuin puhutte toinen toisillenne, jotta tekojanne ei huomaamattanne tehtäisi tyhjiksi.</p>
      <p>
      <span>3</span>Totisesti ne, jotka alentavat äänensä Jumalan sananjulistajan edessä, ovat niitä, joiden sydäntä Jumala on koetellut pahan vastustamisessa; he saavat anteeksiannon ja suuren palkinnon.</p>
      <p>
      <span>4</span>Useimmat niistä, jotka kutsuvat sinua pois sisähuoneista, ovat totisesti ymmärrystä vailla.</p>
      <p>
      <span>5</span>Ja jos he odottaisivat kärsivällisesti siksi, kunnes sinä tulet heidän luokseen, olisi se varmasti heille parempi; niin, Jumala on anteeksiantavainen, armollinen.</p>
      <p>
      <span>6</span>Te uskovaiset, jos jumalaton ihminen tulee luoksenne tuoden jonkin sanoman, niin tutkikaa sitä tarkoin, ettette tietämättänne vahingoittaisi ihmisiä ja sitten saisi katua, mitä olette tehneet.</p>
      <p>
      <span>7</span>Tietäkää, että keskuudessanne on Jumalan sananjulistaja! Jos hän tottelisi teitä monessa asiassa, te totisesti joutuisitte ahdinkoon, mutta Jumala on tehnyt uskon teille rakkaaksi ja saattanut sen sydämissänne ihanaksi. Hän on myös tehnyt teille epäuskon, rikkomuksen ja tottelemattomuuden inhottavaksi, nämä ovat oikean tien seuraajia</p>
      <p>
      <span>8</span>Jumalan armosta ja suosiosta; Jumalan on tieto, viisaus.</p>
      <p>
      <span>9</span>Ja jos kaksi uskovaisten ryhmää joutuu riitaan, tehkää sovinto heidän välilleen. Mutta jos toinen niistä menettelee väärin toista kohtaan, taistelkaa väärintekijää vastaan siksi, kunnes hän jälleen mukautuu Jumalan käskyyn; jos hän taipuu tähän, tehkää heidän välillään oikeudenmukainen sovinto ja toimikaa tasapuolisesti. Totisesti, Jumala rakastaa niitä, jotka noudattavat oikeutta.</p>
      <p>
      <span>10</span>Uskovaiset ovat veljiä; tehkää sentähden sovinto veljienne kanssa ja huolehtikaa velvollisuudestanne Jumalaa kohtaan, jotta armo tulisi osaksenne.</p>
      <p>
      <span>11</span>Te, jotka uskotte, älkää antako ihmisten nauraa toisilleen, olkoonpa, että he ovat näitä parempia; älkööt naiset naurako toisille naisille, vaikka olisivatkin parempia kuin nämä. Älkää etsikö vikoja toisistanne älkääkä kutsuko toisianne pilkkanimillä. Kurjaa on joutua huonoon huutoon, uskon omaksumisen jälkeen, ja ne, jotka eivät käänny, ovat jumalattomia.</p>
      <p>
      <span>12</span>Te, jotka uskotte, karttakaa pahoja luuloja, sillä epäileminen on totisesti joissakin tapauksissa synti. Älkää vakoilko älkääkä panetelko toisianne! Haluaako joku teistä syödä kuolleen veljensä lihaa? Sitä kyllä inhoatte. Huolehtikaa velvollisuuksistanne Jumalaa kohtaan! Jumala on armahtavainen ja laupias.</p>
      <p>
      <span>13</span>Ihmiset, Me olemme totisesti luonut teidät miehestä ja naisesta ja jakanut teidät heimoihin ja sukuihin, jotta tuntisitte toinen toisenne. Arvokkain teistä Jumalan tykönä on se, joka parhaiten pitää huolen velvollisuudestaan. Jumala on totisesti tietävä, tajuava.</p>
      <p>
      <span>14</span>Erämaan asukkaat sanovat: »Me uskomme»; sano: »Te ette usko, vaan sanotte: 'Alistumme', mutta usko ei ole vielä voittanut sydämiänne. Kuitenkin, jos te tottelette Jumalaa ja Hänen sananjulistajaansa, Hän ei ota teoistanne mitään pois. Totisesti on Jumala anteeksiantava ja laupias.»</p>
      <p>
      <span>15</span>Uskovaisia ovat vain ne, jotka uskovat Jumalaan ja Hänen sananjulistajaansa eivätkä epäile, vaan panevat alttiiksi omaisuutensa ja henkensä ponnistellessaan Jumalan tiellä; nämä ovat vanhurskaita.</p>
      <p>
      <span>16</span>Sano: »Tekö saatatte Jumalan tietoon uskontonne, vaikka Jumala tietää kaiken, mitä on taivaassa ja maan päällä? Jumala on kaikkitietävä.»</p>
      <p>
      <span>17</span>He luulevat saattavansa sinut kiitollisuuden velkaan kääntymällä muslimeiksi. Sano: »Älkää sitoko minua velvoituksiin islaamillanne. Ei, pikemmin olette te velkaa Jumalalle siitä, että Hän ohjaa teidät uskoon, jos rakastatte totuutta.»</p>
      <p>
      <span>18</span>Jumala tuntee totisesti näkymättömät asiat taivaassa ja maan päällä; Jumala näkee, mitä te teette.</p>
    </div>
  </body>
</html>
