﻿<?xml version="1.0"?>
<html>
  <head>
    <meta http-equiv="Content-Type" content="text/html; charset=utf-8" />
    <title>Qaaf:n Suura</title>
  </head>
  <body>
    <h1>
    <span>50</span>Qaaf:n suura</h1>
    <div class="johdanto">
      <h2>JOHDANTO:</h2>
      <p>VIIDESKYMMENES SUURA: Qaaf Ilmoitettu Mekassa (45 jaetta )</p>
      <p>Qaaf . Otsikkona on arabialaisen kirjaimen nimi, joka on ensimmäisen jakeen alussa.</p>
      <p>Kuuluu Mekassa ilmoitettujen suurain keskiryhmään.</p>
    </div>
    <div class="sura">
      <h2>Aloitan JUMALAN, laupiaan Armahtajan, nimeen.</h2>
      <p>
      <span>1</span>Kaikkivoipa Jumala ja ylevä Koraani.</p>
      <p>
      <span>2</span>He ihmettelevät, että heille on tullut varoittaja heidän omasta keskuudestaan, ja epäuskoiset sanovat: »Olisi ihmeellistä,</p>
      <p>
      <span>3</span>että kuoltuamme ja muututtuamme tomuksi jälleen ylösnousisimme. Se olisi ihmeellinen paluu.»</p>
      <p>
      <span>4</span>Mehän tiedämme, minkä verran heistä jää maan omaksi, sillä meillä on kirjoitus, joka sisältää kaiken.</p>
      <p>
      <span>5</span>Ei, he hylkäsivät totuuden, kun se tuli heille, niin että he nyt ovat sekasorron tilassa.</p>
      <p>
      <span>6</span>Eivätkö he siis katso ylös taivaaseen nähdäkseen, miten Me olemme sen rakentanut ja koristanut, niin että siinä ei ole mitään vajaata?</p>
      <p>
      <span>7</span>Ja maan Me olemme avartanut sekä sijoittanut siihen vuoria ja kasvattanut siinä kaikenlaisia kauniita kasveja</p>
      <p>
      <span>8</span>antaaksemme ymmärryksen ja kehoituksen jokaiselle Jumalan puoleen kääntyvälle palvelijalle.</p>
      <p>
      <span>9</span>Me lähetämme myös pilvistä siunatun sateen ja sillä kasvatamme puutarhat ja viljan, joka korjataan,</p>
      <p>
      <span>10</span>kookkaat palmut, hedelmäkimput oksissa toinen toisensa yläpuolella</p>
      <p>
      <span>11</span>ravinnoksi palvelijoilleni, ja siten annamme elämän kuivaneelle maalle. Sellainen on ylösnousemus.</p>
      <p>
      <span>12</span>Ennen heitä Nooan kansa, Ar-Rassin asukkaat, Tamuud,</p>
      <p>
      <span>13</span>Aad, Farao ja Lootin veljet hylkäsivät profeetat;</p>
      <p>
      <span>14</span>ja viidakon asukkaat sekä Tuuban kansa; kaikki he hylkäsivät sananjulistajani, mutta silloin uhkaukseni kävi toteen.</p>
      <p>
      <span>15</span>Väsyimmekö ensimmäisessä luomisessa? Kuitenkin he epäilevät uutta luomista.</p>
      <p>
      <span>16</span>Totisesti Me olemme luonut ihmisen ja tiedämme, mitä hänen sielunsa hänelle kuiskaa, ja olemme lähempänä häntä kuin hänen oma elinsuonensa.</p>
      <p>
      <span>17</span>On kaksi kuuntelijaa, jotka istuvat oikealla ja vasemmalla puolella kuunnellen.</p>
      <p>
      <span>18</span>Eikä ihminen lausu sanaakaan hänen lähettyvillään olevan tarkkaajan kuulematta.</p>
      <p>
      <span>19</span>Ja kuoleman hourailu on tuleva ilmaisten totuuden: »Tämä oli se päivä, jota kavahditte.»</p>
      <p>
      <span>20</span>Ja pasuunaan puhalletaan; se on uhkausten ja lupauksen päivä.</p>
      <p>
      <span>21</span>Ja joka sielu on tuleva seurassaan kiihoittaja ja todistaja.</p>
      <p>
      <span>22</span>»Totisesti et ole tästä päivästä välittänyt, mutta nyt olemme poistanut verhon silmiltäsi, niin että näkösi tänään on tarkka.»</p>
      <p>
      <span>23</span>Ja hänen seuralaisensa sanoo: »Tässä on se, mitä minulla on valmiina.»</p>
      <p>
      <span>24</span>»Heittäkää alas helvettiin jokainen kiittämätön ja kapinallinen,</p>
      <p>
      <span>25</span>hyvän kieltäjä, rajain ylittäjä, epäilijä,</p>
      <p>
      <span>26</span>joka asettaa muita Jumalan rinnalle! Heittäkää hänet kauheaan kidutukseen!»</p>
      <p>
      <span>27</span>Hänen seuralaisensa sanoo: »Herra, en ole vietellyt häntä, vaan hän itse oli suuresti eksynyt.»</p>
      <p>
      <span>28</span>Hän vastaa: »Älkää kiistelkö Minun luonani! Olen totisesti varoittanut teitä etukäteen.»</p>
      <p>
      <span>29</span>Minun sanani ei muutu, enkä Minä tee vääryyttä palvelijoilleni.»</p>
      <p>
      <span>30</span>Sinä päivänä Me sanomme helvetille: »Oletko täynnä?» ja se vastaa: »Tuleeko vielä lisää?»</p>
      <p>
      <span>31</span>Ja paratiisi lähestyy niitä, jotka pahaa karttavat.</p>
      <p>
      <span>32</span>Tämä on se, mitä teille luvattiin, jokaiselle, joka usein kääntyy Jumalan puoleen ja pitää Hänen käskynsä,</p>
      <p>
      <span>33</span>joka pelkää laupiasta Jumalaa salaisestikin ja lähestyy Häntä katuvaisin sydämin.</p>
      <p>
      <span>34</span>Astukaa sisään rauhassa! Tämä on ikuisuuden päivä.»</p>
      <p>
      <span>35</span>He saavat siellä mitä toivovat ja Meidän luonamme vielä enemmän.</p>
      <p>
      <span>36</span>Kuinka monet sukupolvet ennen heitä tuhosimmekaan, sukupolvet, jotka olivat mahtavampia kuin he. Kiertäkää maita, niin näette, onko mitään turvapaikkaa minun kostoltani.</p>
      <p>
      <span>37</span>Totisesti tämä on riittävä muistutus sille, jolla on ymmärtäväinen sydän ja joka käyttää kuuloaan ja näkee omilla silmillään.</p>
      <p>
      <span>38</span>Totisesti Me olemme kuudessa päivässä luonut taivaat ja maan ja mitä on niiden välillä, eikä väsymys vähääkään vaivannut meitä.</p>
      <p>
      <span>39</span>Kestä sentähden kärsivällisesti, mitä he sanovat, ja ylistä ja kiitä Herraa ennen sekä auringon nousua että sen laskua.</p>
      <p>
      <span>40</span>Ylistä Häntä yöllä ja rukouksen jälkeen,</p>
      <p>
      <span>41</span>ja kuunnelkaa sinä päivänä, jolloin kutsuja kutsuu lähellänne,</p>
      <p>
      <span>42</span>päivänä, jolloin he kuulevat totuuden huudon. Se on ylösnousemuksen päivä.</p>
      <p>
      <span>43</span>Totisesti, Meistä on elämä ja kuolema lähtöisin ja Meidän luoksemme kaikki palaa.</p>
      <p>
      <span>44</span>Päivänä, jolloin maa repeää heidän allaan, he kiirehtivät; silloin tapahtuu kokoaminen, mikä on Meille helppoa.</p>
      <p>
      <span>45</span>Me tiedämme parhaiten, mitä he sanovat, ja sinä et ole heidän hallitsijansa. Muistuta siis Koraanin avulla sitä, joka pelkää uhkaustani.</p>
    </div>
  </body>
</html>
