﻿<?xml version="1.0"?>
<html>
  <head>
    <meta http-equiv="Content-Type" content="text/html; charset=utf-8" />
    <title>Tuhlaajien Suura</title>
  </head>
  <body>
    <h1>
    <span>51</span>Tuhlaajien suura</h1>
    <div class="johdanto">
      <h2>JOHDANTO:</h2>
      <p>VIIDESKYMMENES ENSIMMÄINEN SUURA:Tuhlaajat (Adh-Dhariyat) Ilmoitettu Mekassa (60 jaetta )</p>
      <p>Adh-Dhariyat, »Tuhlaajat», on saanut nimensä ensimmäisessä jakeessa olevan sanan mukaan. Seuraavassa on noudatettu ensimmäisten neljän jakeen tavallista tulkintaa, mutta voidaan myöskin käsittää niiden kaikkien tarkoittavan tuulia tai enkeleitä.</p>
      <p>Mekan alkukauden suura.</p>
    </div>
    <div class="sura">
      <h2>Aloitan JUMALAN, laupiaan Armahtajan, nimeen.</h2>
      <p>
      <span>1</span>Katso niitä, jotka tuhlaavat hajalle viskoen,</p>
      <p>
      <span>2</span>niitä, jotka taakkaa kantavat,</p>
      <p>
      <span>3</span>niitä, joiden kulku on kevyttä,</p>
      <p>
      <span>4</span>niitä, jotka jakelevat määräyksiä.</p>
      <p>
      <span>5</span>Se, millä teitä uhataan, on totista totta,</p>
      <p>
      <span>6</span>ja tuomion täytyy totisesti tulla.</p>
      <p>
      <span>7</span>Katso taivasta, tähtiratainsa täyttämää.</p>
      <p>
      <span>8</span>Totisesti te riitelette puhuessanne toistenne kanssa.</p>
      <p>
      <span>9</span>Mutta vain se kääntyy uskosta pois, joka tahtoo kääntyä.</p>
      <p>
      <span>10</span>Kirotut olkoot valehtelijat,</p>
      <p>
      <span>11</span>jotka tietämättömyytensä kuilussa eivät mistään välitä.</p>
      <p>
      <span>12</span>He kysyvät: »Milloin tulee tuomion päivä?»</p>
      <p>
      <span>13</span>Se on päivä, jolloin heidät tulessa koetellaan.</p>
      <p>
      <span>14</span>Maistakaa nyt rangaistustanne. Tätä halusitte jouduttaa.</p>
      <p>
      <span>15</span>Totisesti ovat ne, jotka pahaa karttavat, kerran puutarhoissa ja lähteitten partaalla</p>
      <p>
      <span>16</span>ottaen vastaan, mitä heidän Herransa heille antaa. Totisesti tekivät he sitä ennen hyviä tekoja.</p>
      <p>
      <span>17</span>Vähän nukkuivat he yleensä yöllä,</p>
      <p>
      <span>18</span>ja aamulla he anoivat anteeksiantoa,</p>
      <p>
      <span>19</span>heidän omaisuudestaan riitti sopiva osa anojalle ja avuttomalle.</p>
      <p>
      <span>20</span>Maan päällä on tunnusmerkkejä niille, joilla on varmuus;</p>
      <p>
      <span>21</span>niin myöskin omissa sieluissanne. Ettekö siis näe niitä?</p>
      <p>
      <span>22</span>Ja taivaassa on ravintonne sekä se, mikä teille on luvattu.</p>
      <p>
      <span>23</span>Taivaitten ja maan Herran nimessä. Tämä on totisesti totuus, yhtä varma kuin teidän vakuutuksenne.</p>
      <p>
      <span>24</span>Onko sinulle tullut sanoma Aabrahamin kunnioitetuista vieraista?</p>
      <p>
      <span>25</span>He astuivat sisään hänen luokseen ja sanoivat: »Rauha!» Ja hän vastasi: »Rauha, olette vieraita ihmisiä.»</p>
      <p>
      <span>26</span>Ja hän hiipi salaa perheensä luokse ja palasi tuoden mukanaan juottovasikan,</p>
      <p>
      <span>27</span>jonka hän asetti heidän eteensä sanoen: »Ettekö tahdo syödä?»</p>
      <p>
      <span>28</span>Ja hän alkoi pelätä heitä, mutta he sanoivat: »Älä pelkää», ja he ilmoittivat hänelle ilosanoman viisaan pojan syntymästä.</p>
      <p>
      <span>29</span>Silloin tuli hänen vaimonsa paikalle suuren murheen vallassa, löi kasvoihinsa ja sanoi: »Vanha hedelmätön nainen.»</p>
      <p>
      <span>30</span>He sanoivat: »Sanomamme on Herraltasi, Hänen on totisesti viisaus ja tieto».</p>
      <p>
      <span>31</span>Ja Aabraham sanoi: »Mikä on asianne, viestintuojat?»</p>
      <p>
      <span>32</span>He vastasivat: »Meidät on totisesti lähetetty syntisten ihmisten luo,</p>
      <p>
      <span>33</span>heittämään heidän päälleen tiilikiviä,</p>
      <p>
      <span>34</span>jotka Herrasi on varannut jumalattomille,</p>
      <p>
      <span>35</span>ja Me olemme erottanut heistä pois ne, jotka uskoivat,</p>
      <p>
      <span>36</span>Mutta Me emme löytänyt enempää kuin yhden Jumalalle alamaisen suvun.»</p>
      <p>
      <span>37</span>Me jätimme merkin niitä varten, jotka pelkäävät tuskallista rangaistusta.</p>
      <p>
      <span>38</span>Kun lähetimme Mooseksen Faraon luo selvin valtuuksin,</p>
      <p>
      <span>39</span>niin tämä mahtavuudessaan käänsi hänelle selkänsä ja sanoi: »Noita tai hullu.»</p>
      <p>
      <span>40</span>Me tartuimme häneen ja hänen sotajoukkoihinsa ja paiskasimme heidät mereen, koska hänen tekonsa oli rangaistava.</p>
      <p>
      <span>41</span>Ja Aadia vastaan Me päästimme tuhoavan tuulen,</p>
      <p>
      <span>42</span>joka ei sinne, missä puhalsi, jättänyt mitään jälkeensä, vaan muutti kaiken tuhaksi.</p>
      <p>
      <span>43</span>Ja Tamuudille sanottiin: »Nauttikaa hetkinen!»</p>
      <p>
      <span>44</span>Mutta he kapinoivat Herransa käskyä vastaan, ja niin iski heihin heidän nähtensä ukkonen.</p>
      <p>
      <span>45</span>Eivätkä he kyenneet nousemaan ylös eivätkä puolustautumaan.</p>
      <p>
      <span>46</span>Ja Nooan kansan tuhosimme jo aikaisemmin. Totisesti, he olivat syntisiä ihmisiä.</p>
      <p>
      <span>47</span>Ja taivaan olemme Me voimallamme kohottanut korkealle ja totisesti tehnyt sen laajaksi.</p>
      <p>
      <span>48</span>Maan olemme tehnyt suureksi ja avaraksi. Ja kuinka hyvin olemmekaan sen avartanut!</p>
      <p>
      <span>49</span>Kaikkea olemme luonut kaksittain, jotta ottaisitte vaarin.</p>
      <p>
      <span>50</span>Paetkaa Jumalan luo! Minä olen totisesti Jumalan lähettämä julkinen varoittajanne.</p>
      <p>
      <span>51</span>Älkää asettako Jumalan rinnalle muuta jumalaa. Minä olen totisesti Hänen teitä varten lähettämänsä julkinen varoittaja.</p>
      <p>
      <span>52</span>Ei yksikään sananjulistaja ole tullut niiden luokse, jotka ennen heitä elivät, heidän sanomattansa: »Noita tai hullu.»</p>
      <p>
      <span>53</span>Ovatko he antaneet tämän toisilleen perinnöksi? Totisesti, he ovat väärämielisiä ihmisiä.</p>
      <p>
      <span>54</span>Käänny siis pois heistä, niin ei tätä lueta sinulle viaksi.</p>
      <p>
      <span>55</span>Ja jatka kehoituksiasi, sillä totisesti muistutus koituu uskovien hyödyksi.</p>
      <p>
      <span>56</span>Olen luonut henkiolennot ja ihmiset vain palvelemaan Itseäni.</p>
      <p>
      <span>57</span>En halua heiltä mitään ravintoa enkä vaadi, että he ruokkisivat Minua.</p>
      <p>
      <span>58</span>Jumala on totisesti ravinnon jakaja, Herra, jonka on valta ja voima.</p>
      <p>
      <span>59</span>Niin on totisesti jumalattomilla oleva sama osa kuin heidän kaltaisillaan; heidän ei sentähden tarvitse pyytää Minua jouduttamaan asiaa.</p>
      <p>
      <span>60</span>Voi siis niitä, jotka eivät usko, sen päivän takia, joka heitä uhkaa.</p>
    </div>
  </body>
</html>
