﻿<?xml version="1.0"?>
<html>
  <head>
    <meta http-equiv="Content-Type" content="text/html; charset=utf-8" />
    <title>Vuoren Suura</title>
  </head>
  <body>
    <h1>
    <span>52</span>Vuoren suura</h1>
    <div class="johdanto">
      <h2>JOHDANTO:</h2>
      <p>VIIDESKYMMENES TOINEN SUURA: Vuori (At-Tuur) Ilmoitettu Mekassa (49 jaetta )</p>
      <p>At-Tuur, »Vuori», saa nimensä alkujakeesta.</p>
      <p>Suura on Mekan kauden alkuvaiheilta.</p>
    </div>
    <div class="sura">
      <h2>Aloitan JUMALAN, laupiaan Armahtajan, nimeen.</h2>
      <p>
      <span>1</span>Nimeen Vuoren</p>
      <p>
      <span>2</span>ja Pyhän Kirjan,</p>
      <p>
      <span>3</span>joka on kirjoitettu levitetylle pergamentille,</p>
      <p>
      <span>4</span>ja temppelin, johon pyhiinvaelletaan,</p>
      <p>
      <span>5</span>nimeen korkean taivaan laen</p>
      <p>
      <span>6</span>ja aavan meren,</p>
      <p>
      <span>7</span>totisesti, Herrasi rangaistus on tuleva;</p>
      <p>
      <span>8</span>kukaan ei voi sitä välttää.</p>
      <p>
      <span>9</span>Päivänä, jolloin taivas vavahtaa paikaltaan</p>
      <p>
      <span>10</span>ja vuoret siirtyvät,</p>
      <p>
      <span>11</span>voi tuona päivänä niitä, jotka hylkäävät totuuden,</p>
      <p>
      <span>12</span>niitä, jotka ilkamoivat pitäen turhia puheita,</p>
      <p>
      <span>13</span>päivänä, jona heidät väkisin ajetaan helvetin tuleen!</p>
      <p>
      <span>14</span>»Tämä on se tuli, jota te piditte keksintönä.</p>
      <p>
      <span>15</span>Onko se noituutta vai ettekö näe?</p>
      <p>
      <span>16</span>Käykää sinne ja kestäkää se tai olkaa kestämättä, se on teille yhdentekevää. Te saatte palkan vain siitä, mitä olette tehneet.»</p>
      <p>
      <span>17</span>Totisesti ovat ne, jotka karttavat pahaa, puutarhoissa ja autuudessa</p>
      <p>
      <span>18</span>iloiten Herransa antimista ja siitä, että heidän Herransa pelasti heidät palavan tulen kidutuksesta.</p>
      <p>
      <span>19</span>Syökää ja juokaa iloiten palkaksi siitä, mitä teitte.</p>
      <p>
      <span>20</span>He saavat levätä riveihin asetetuilla istuimilla, ja Minä yhdistän heidät puhtaisiin, tummasilmäisiin neitoihin,</p>
      <p>
      <span>21</span>ja ne, jotka uskovat ja joiden jälkeläiset seuraavat heitä uskossa, Me yhdistämme jälkeläisiiinsä, ja Me emme vähimmässäkään halvenna heidän töitään. Jokainen ihminen on vastuussa siitä, mitä hän on tehnyt.</p>
      <p>
      <span>22</span>Ja Me varustamme heidät yltäkylläisesti hedelmillä ja lihalla heidän toivomuksiensa mukaan.</p>
      <p>
      <span>23</span>He ojentavat siellä toisilleen pikarin ilman turhaa puhetta ja syntiä,</p>
      <p>
      <span>24</span>ja heidän ympärillään on nuorukaisia, kauniita kuin helmet kuoressaan.</p>
      <p>
      <span>25</span>ja muutamat heistä tekevät toisilleen kysymyksiä,</p>
      <p>
      <span>26</span>ja he sanovat: »Totisesti pelkäsimme ennen perheittemme vuoksi,</p>
      <p>
      <span>27</span>mutta Jumala on ollut meille armollinen, ja Hän on pelastanut meidät polttavan tuulen kurituksesta.»</p>
      <p>
      <span>28</span>Totisesti olemme vain Häntä kutsuneet avuksi; Hän on totisesti lempeä, armollinen.</p>
      <p>
      <span>29</span>Jatka sentähden kehoituksiasi, sillä Herrasi armosta sinä et ole noita etkä hullu.</p>
      <p>
      <span>30</span>Vai sanovatko he: »Runoniekka! Me odotamme mitä aika mukanansa tuo.»</p>
      <p>
      <span>31</span>Sano: »Odottakaa, sillä totisesti kuulun minäkin niihin, jotka odottavat.»</p>
      <p>
      <span>32</span>Käskeekö heidän järkensä heitä menettelemään näin? Vai ovatko he väärämielisiä ihmisiä?</p>
      <p>
      <span>33</span>Vai sanovatko he: »Hän on itse sepittänyt sen?» Niin, he eivät usko.</p>
      <p>
      <span>34</span>Antakoot he sitten itse samanlaisen ilmoituksen, jos rakastavat totuutta.</p>
      <p>
      <span>35</span>Onko heidät luotu tyhjästä vai ovatko he luojia?</p>
      <p>
      <span>36</span>Tai ovatko he luoneet taivaat ja maan? Ei, heillä ei ole varmuutta.</p>
      <p>
      <span>37</span>Tai onko heillä hallussaan Herransa aarteet, tai onko heille annettu ehdoton valta?</p>
      <p>
      <span>38</span>Tai onko heillä keinot, joilla voivat kuunnella? Tuokoot sitten kuuntelijat selvän todistuksen.</p>
      <p>
      <span>39</span>Tai onko Hänellä tyttäriä ja teillä poikia?</p>
      <p>
      <span>40</span>Tai pyydätkö sinä heiltä palkkaa, niin että he kantavat velkojen taakkaa.</p>
      <p>
      <span>41</span>Tai hallitsevatko he näkymätöntä, niin että he voivat kirjoittaa sen muistiin?</p>
      <p>
      <span>42</span>Tai tahtovatko he sotaa? Mutta juuri ne, jotka eivät usko. kärsivät sodassa tappion.</p>
      <p>
      <span>43</span>Tai onko heillä joku muu kuin Jumala? Kunnia olkoon Jumalalle, joka on kaukana siitä, mitä he asettavat Hänen rinnalleen.</p>
      <p>
      <span>44</span>Ja jos he näkisivät osan taivaasta suistuvan alas, he sanoisivat: »Pilviä päällekkäin!»</p>
      <p>
      <span>45</span>Jätä heidät siis oman onnensa nojaan, kunnes heidät kohtaa päivä, jolloin salama iskee heihin.</p>
      <p>
      <span>46</span>Päivä, jolloin heidän ponnistelunsa eivät heitä hyödytä eikä heillä ole mitään apua.</p>
      <p>
      <span>47</span>Totisesti kuritetaan jumalattomia muullakin tavalla, mutta useimmat heistä ovat tietoa vailla.</p>
      <p>
      <span>48</span>Odota kärsivällisesti Herrasi tuomiota, sillä totisesti valvovat silmämme sinua, ja kiitä ja ylistä Herraa aamulla noustessasi.</p>
      <p>
      <span>49</span>Myös yöllä anna Hänelle kunnia ja samoin tähtien taivaalta hälvetessä.</p>
    </div>
  </body>
</html>
