﻿<?xml version="1.0"?>
<html>
  <head>
    <meta http-equiv="Content-Type" content="text/html; charset=utf-8" />
    <title>Tähden Suura</title>
  </head>
  <body>
    <h1>
    <span>53</span>Tähden suura</h1>
    <div class="johdanto">
      <h2>JOHDANTO:</h2>
      <p>VIIDESKYMMENES KOLMAS SUURA: Tähti (An-Najm) Ilmoitettu Mekassa (62 jaetta )</p>
      <p>An-Najm, »Tähti», saa nimensä ensimmäisen jakeen mukaan.</p>
      <p>Varhaismekkalainen suura.</p>
    </div>
    <div class="sura">
      <h2>Aloitan JUMALAN, laupiaan Armahtajan, nimeen.</h2>
      <p>
      <span>1</span>Kautta tähden, joka kalpenee taivaalla,</p>
      <p>
      <span>2</span>suojelijanne ei erehdy eikä joudu harhaan;</p>
      <p>
      <span>3</span>ei hän myöskään puhu omasta tahdostaan.</p>
      <p>
      <span>4</span>Tämä on totisesti Jumalan ilmoitus, joka on hänelle ilmaistu.</p>
      <p>
      <span>5</span>Herra, jolla on valtava voima, on opettanut häntä.</p>
      <p>
      <span>6</span>Hänen asemansa säilyi horjumattomana.</p>
      <p>
      <span>7</span>Hän (Muhammed) oli taivaan korkeuksissa,</p>
      <p>
      <span>8</span>ja sitten hän lähestyi Herraa ja painui alas,</p>
      <p>
      <span>9</span>niin että hän oli kahden jousenkantaman etäisyydellä tai vielä lähempänäkin</p>
      <p>
      <span>10</span>ja ilmaisi palvelijalleen sen, mitä ilmaisi.</p>
      <p>
      <span>11</span>Ei hänen sydämensä keksinyt sitä, mitä hän näki.</p>
      <p>
      <span>12</span>Miksi siis haluatte kiistellä hänen kanssaan siitä, mitä hän on nähnyt?</p>
      <p>
      <span>13</span>Totisesti hän on nähnyt Hänet toisessakin ilmestyksessä,</p>
      <p>
      <span>14</span>lähellä etäisintä lootuspuuta,</p>
      <p>
      <span>15</span>jonka vieressä on ikiasumusten puutarha,</p>
      <p>
      <span>16</span>kun lootuspuun verhosi se, mikä kykenee verhoamaan;</p>
      <p>
      <span>17</span>katse ei harhaillut eikä pettänyt;</p>
      <p>
      <span>18</span>totisesti hän näki suurimman Herransa tunnusmerkeistä.</p>
      <p>
      <span>19</span>Oletteko sitten ajatelleet al-Latia ja al~Uzzaa</p>
      <p>
      <span>20</span>ja Manatia, kolmatta ja viimeistä?</p>
      <p>
      <span>21</span>Kuuluvatko pojat teille ja Hänelle tyttäret?</p>
      <p>
      <span>22</span>Mikä nurja jako!</p>
      <p>
      <span>23</span>Nämä eivät ole muuta kuin nimiä, joita te olette antaneet heille, te ja esi~isänne, eikä Jumala ole lähettänyt heille mitään valtuutta. He noudattavat vain arveluja ja viettiensä oikkuja, vaikka Jumala totisesti on lähettänyt heille johdatuksen.</p>
      <p>
      <span>24</span>Vai tuleeko ihmisen saada kaikki, mitä hän haluaa?</p>
      <p>
      <span>25</span>Jumalan on kuitenkin kaikki mennyt ja tuleva.</p>
      <p>
      <span>26</span>Kuinka monta sanansaattajahenkeä (enkeliä) onkaan taivaissa, joiden apu ei hyödytä ketään, ellei Jumala anna siihen lupaa sille, joka Häntä miellyttää ja johon Hän on tyytyväinen.</p>
      <p>
      <span>27</span>Totisesti vain ne, jotka eivät usko tulevaan elämään, kutsuvat näitä enkeleitä naisten nimillä.</p>
      <p>
      <span>28</span>Mutta heillä ei ole siitä mitään tietoa; he seuraavat vain arveluja, mutta arvelu ei totisesti kestä totuuteen verraten.</p>
      <p>
      <span>29</span>Käänny siis pois siitä, joka kääntää selkänsä Meidän kehoituksellemme eikä tavoittele muuta kuin tämän maailman elämää!</p>
      <p>
      <span>30</span>Tähän kaikki heidän tietonsa tähtää. Totisesti Herrasi tietää parhaiten, kuka on eksynyt Hänen polultaan, ja Hän tietää parhaiten, kuka seuraa ohjausta.</p>
      <p>
      <span>31</span>Jumalan on kaikki, mitä on taivaassa ja maan päällä, jotta Hän saisi tuomita pahantekijät heidän tekojensa mukaan ja palkita hyvyydellä niitä, jotka tekevät hyvää.</p>
      <p>
      <span>32</span>Niille, jotka karttavat suuria syntejä ja rikkomuksia, joskaan eivät pienempiä hairauksia, niille on totisesti Herrasi anteeksianto avara. Hän tiesi parhaanne, kun Hän loi teidät maan tomusta ja kun lepäsitte äitinne kohdussa. Älkää siis julistako omaa puhtauttanne. Hän tuntee parhaiten sen, joka pelkää Jumalaa.</p>
      <p>
      <span>33</span>Oletko ajatellut ihmistä, joka kääntyy pois,</p>
      <p>
      <span>34</span>antaa vähän ja on kovasydäminen?</p>
      <p>
      <span>35</span>Onko hänellä tietoa salatusta, niin että hän voi nähdä?</p>
      <p>
      <span>36</span>Tai eikö hänelle ole ilmoitettu, mitä on Mooseksen kirjoissa,</p>
      <p>
      <span>37</span>ja kuinka Aabraham täytti käskyt?</p>
      <p>
      <span>38</span>Tiedä, ettei kukaan kuormaa kantava kanna toisen taakkaa</p>
      <p>
      <span>39</span>ja että ihmisen osalle ei tule muuta kuin se, mitä hän on tavoitellut,</p>
      <p>
      <span>40</span>että hänen pyrkimyksensä saatetaan päivänvaloon,</p>
      <p>
      <span>41</span>että hänet sitten palkitaan täysin mitoin,</p>
      <p>
      <span>42</span>että Herrassasi, on kaiken loppu,</p>
      <p>
      <span>43</span>että Hän antaa ihmiselle hymyn ja itkun,</p>
      <p>
      <span>44</span>että Hän antaa elämän ja kuoleman,</p>
      <p>
      <span>45</span>että Hän on luonut molemmat sukupuolet - miehen ja naisen -</p>
      <p>
      <span>46</span>istutetusta siemenestä,</p>
      <p>
      <span>47</span>että Hänen huostassaan on tuleva kehitys,</p>
      <p>
      <span>48</span>että Hän antaa rikkauden ja omaisuuden,</p>
      <p>
      <span>49</span>että Hän on Siriuksen Herra,</p>
      <p>
      <span>50</span>että Hän tuhosi muinaisen Aadin</p>
      <p>
      <span>51</span>ja Tamuudin, jota Hän ei armahtanut</p>
      <p>
      <span>52</span>ja Nooan kansan sitä ennen. Totisesti he olivat mitä jumalattomimpia ja syntisimpiä ihmisiä.</p>
      <p>
      <span>53</span>Hän hajoitti kukistetut kaupungit</p>
      <p>
      <span>54</span>ja peitti ne sillä, mikä peittää voi.</p>
      <p>
      <span>55</span>Mitä Herrasi armolahjoja tahdot siis epäillä?</p>
      <p>
      <span>56</span>Tämä (Muhammed) on entisten varoittajain kaltainen varoittaja.</p>
      <p>
      <span>57</span>Tuleva loppu lähenee;</p>
      <p>
      <span>58</span>kukaan paitsi Jumala ei voi sitä siirtää.</p>
      <p>
      <span>59</span>Ihmettelettekö sitten näitä sanomia,</p>
      <p>
      <span>60</span>nauratteko sensijaan että itkisitte,</p>
      <p>
      <span>61</span>houkkioita kun olette?</p>
      <p>
      <span>62</span>Kumartukaa sentähden Jumalan edessä ja palvelkaa Häntä!</p>
    </div>
  </body>
</html>
