﻿<?xml version="1.0"?>
<html>
  <head>
    <meta http-equiv="Content-Type" content="text/html; charset=utf-8" />
    <title>Kuun Suura</title>
  </head>
  <body>
    <h1>
    <span>54</span>Kuun suura</h1>
    <div class="johdanto">
      <h2>JOHDANTO:</h2>
      <p>VIIDESKYMMENES NELJÄS SUURA: Kuu (Al-Qamar) Ilmoitettu Mekassa (55 jaetta )</p>
      <p>Al-Qamar, »Kuu», saa nimensä ensimmäisestä jakeesta. Kuun merkillinen muoto taivaalla - se oli ikäänkuin revitty kahtia - oli monen profeetan seuralaisen muistitiedon mukaan hämmästyttänyt Mekan asukkaita niihin aikoihin, jolloin epäjumalain palvelijat alkoivat vainota muslimeja.</p>
      <p>Suura kuuluu varhaiseen mekkalaiseen ryhmään.</p>
    </div>
    <div class="sura">
      <h2>Aloitan JUMALAN, laupiaan Armahtajan, nimeen.</h2>
      <p>
      <span>1</span>Hetki lähestyy ja kuu jakaantuu.</p>
      <p>
      <span>2</span>Mutta jos he näkevät tunnusmerkin, he kääntyvät syrjään ja sanovat: »Valtavaa lumousta!»</p>
      <p>
      <span>3</span>ja pitävät sitä valheena ja noudattavat halujaan, mutta kaikella on määrätty aikansa,</p>
      <p>
      <span>4</span>totisesti ovat he saaneet monta varoittavaa sanomaa,</p>
      <p>
      <span>5</span>täydellisen viisauden sisältäviä varoituksia, mutta varoitukset eivät heitä hyödytä.</p>
      <p>
      <span>6</span>Käänny siis pois heistä! Sinä päivänä, jolloin kutsuja kutsuu heidät vastenmieliseen tehtävään,</p>
      <p>
      <span>7</span>he astuvat silmät maahan luotuina esiin haudoistaan kuin hajalle siroteltu heinäsirkkaparvi</p>
      <p>
      <span>8</span>kiiruhtaen pelokkaina kohtaamaan kutsujaa. Epäuskoiset sanovat: »Tämä on kova päivä.»</p>
      <p>
      <span>9</span>Nooan kansa ennen heitä kielsi hänet. Niin, he pitivät palvelijaamme valehtelijana ja sanoivat: »Hän on hullu», ja he puhuivat hänelle ylenkatseellisesti.</p>
      <p>
      <span>10</span>Mutta hän huusi avuksi Herraansa sanoen: »Minä olen masentunut, auta Sinä minua!»</p>
      <p>
      <span>11</span>Silloin avasimme taivaan portit veden syöstä alas,</p>
      <p>
      <span>12</span>ja maasta pursui joukko lähteitä, niin että kaikki vedet yhtyivät, mikä oli ennakolta päätetty.</p>
      <p>
      <span>13</span>Ja Me kannoimme häntä laudoista ja nauloista kyhätyllä laivalla,</p>
      <p>
      <span>14</span>joka liikkui silmäimme edessä; se oli palkkio hänelle, jonka sanoma hylättiin.</p>
      <p>
      <span>15</span>Totisesti Me jätimme sen merkiksi. Mutta missä on se, joka ottaa siitä vaarin?</p>
      <p>
      <span>16</span>Millainen oli Minun rangaistukseni ja Minun varoitukseni?</p>
      <p>
      <span>17</span>Me teimme totisesti Koraanin helposti muistettavaksi, mutta missä on se, joka haluaa noudattaa sitä?</p>
      <p>
      <span>18</span>Aad julisti sanansaattajamme valehtelijaksi, ja millainen olikaan Minun rangaistukseni ja Minun varoitukseni!</p>
      <p>
      <span>19</span>Totisesti Me lähetimme pauhaavan myrskyn heidän ylitseen katkerana onnettomuuden päivänä.</p>
      <p>
      <span>20</span>Se tempasi mukaansa ihmiset kuin maasta juurineen revityt palmunrungot.</p>
      <p>
      <span>21</span>Millainen olikaan Minun rangaistukseni ja Minun varoitukseni!</p>
      <p>
      <span>22</span>Totisesti olemme tehnyt Koraanin helpoksi muistaa, mutta missä on se, joka haluaa totella sitä?</p>
      <p>
      <span>23</span>Tamuud leimasi varoittajat valehtelijoiksi,</p>
      <p>
      <span>24</span>sanoen: »Tuleeko meidän seurata sellaista, joka on vain meikäläinen? Totisesti olisimme silloin erhetyksen ja mielettömyyden vallassa.</p>
      <p>
      <span>25</span>Onko kehoitus annettu tehtäväksi jollekulle meidän keskuudestamme? Ei, hän on suuri valehtelija, itsensä ylentäjä.»</p>
      <p>
      <span>26</span>Huomenna he saavat tietää, kuka on suuri valehtelija ja itsensä ylistäjä.</p>
      <p>
      <span>27</span>Totisesti Me aiomme lähettää naaraskameelin heille koetukseksi. Pidä siis silmällä heitä ja ole kärsivällinen!</p>
      <p>
      <span>28</span>Ilmoita heille, että vesi on jaettu heidän keskensä, niin että jokainen on vuorollaan kameelia juottamassa!</p>
      <p>
      <span>29</span>Mutta he kutsuivat toverinsa, ja tämä veti esiin miekkansa ja teki eläimestä ramman.</p>
      <p>
      <span>30</span>Mutta minkälainen olikaan Minun lähettämäni kuritus ja varoitus!</p>
      <p>
      <span>31</span>Totisesti lähetimme heille yhden ainoan jyrähdyksen, ja he olivat kuin vitsoja, joita aidanpunojat käyttävät.</p>
      <p>
      <span>32</span>Totisesti olemme tehnyt tämän Koraanin helpoksi muistaa, mutta missä on se, joka tahtoo noudattaa sitä?</p>
      <p>
      <span>33</span>Lootin kansa julisti varoittajat valehtelijoiksi.</p>
      <p>
      <span>34</span>Totisesti Me lähetimme heille pyörremyrskyn; mutta Lootin perheen pelastimme aamun koittaessa;</p>
      <p>
      <span>35</span>se oli Meidän osoittamamme armo. Näin palkitsemme sen, joka on kiitollinen.</p>
      <p>
      <span>36</span>Totisesti hän oli varoittanut heitä Meidän väliintulostamme, mutta he epäilivät varoitusta.</p>
      <p>
      <span>37</span>He aikoivat viedä pois hänen vieraansa, mutta Me sokaisimme heidän silmänsä: »Kokekaa siis lähettämäni kuritus ja varoitus!»</p>
      <p>
      <span>38</span>Ja totisesti, rangaistus, mikä oli heille määrätty, tuli aamulla heidän osakseen.</p>
      <p>
      <span>39</span>Tulkaa siis kokemaan lähettämäni rangaistus ja varoitus!</p>
      <p>
      <span>40</span>Olemmehan tehnyt Koraanin helpoksi muistaa, mutta missä on se, joka haluaa noudattaa sitä?</p>
      <p>
      <span>41</span>Toden totta tulivat varoittajat faraon kansan tykö.</p>
      <p>
      <span>42</span>He pitivät kaikkia tunnusmerkkejämme valheena, ja siksi me tartuimme heihin mahtavan, taitavan voimalla.</p>
      <p>
      <span>43</span>Ovatko teidän aikanne epäuskoiset parempia kuin nämä? Vai onko Pyhässä kirjassa poikkeus juuri teidän hyväksenne?</p>
      <p>
      <span>44</span>Tai sanovatko he: »Me seisomme lujasti yhdessä, autamme joukolla itseämme.»</p>
      <p>
      <span>45</span>Pian hajoitetaan tuo joukko, ja he kääntyvät pakoon.</p>
      <p>
      <span>46</span>Niin, hetki on heille määrätty, ja se hetki on mitä kovin ja katkerin.</p>
      <p>
      <span>47</span>Totisesti ovat syntiset harhaan johdettuja ja mielettömyyden vallassa.</p>
      <p>
      <span>48</span>Sinä päivänä, jona heidät suin päin raastetaan tuleen, sanotaan heille: »Kokekaa kuumuuden kouria!»</p>
      <p>
      <span>49</span>Olemme totisesti luonut kaiken oman mittansa mukaan,</p>
      <p>
      <span>50</span>ja Meidän käskymme on nopea kuin silmänräpäys.</p>
      <p>
      <span>51</span>Totisesti olemme kukistanut vertaisenne, mutta onko ketään, joka tahtoisi noudattaa varoitusta?</p>
      <p>
      <span>52</span>Kaikki, mitä he tekevät, on Jumalan kirjoissa.</p>
      <p>
      <span>53</span>Kaikki, sekä suuri että pieni, on kirjoitettu muistiin.</p>
      <p>
      <span>54</span>Totisesti saavat ne, jotka Jumalaa pelkäävät, olla puutarhoissa ja virtojen äärillä,</p>
      <p>
      <span>55</span>totuuden asuinsijoissa, lähellä Kuningasta, mahtavaa.</p>
    </div>
  </body>
</html>
