﻿<?xml version="1.0"?>
<html>
  <head>
    <meta http-equiv="Content-Type" content="text/html; charset=utf-8" />
    <title>Laupiaan Armahtajan Suura</title>
  </head>
  <body>
    <h1>
    <span>55</span>Laupiaan Armahtajan suura</h1>
    <div class="johdanto">
      <h2>JOHDANTO:</h2>
      <p>VIIDESKYMMENES VIIDES SUURA: Laupias Armahtaja(Ar-Rahmân) Ilmoitettu Mekassa (78 jaetta )</p>
      <p>Ar-Rahmân, saa nimensä ensimmäisestä jakeesta. Monet kerrat toistuu kysymys: »Minkä Herranne armotyön väitätte siis valheeksi?» ja tällöin ovat te ja verbi duaalissa, joten yleensä uskotaan kysymyksen olevan osoitetun ihmiskunnalle ja dzinneille. Jotkut ovat väittäneet, että jakeet 46-76 eivät viittaa haudantakaiseen paratiisiin, vaan muslimien myöhempiin valloituksiin, jolloin neljä puutarhaa tarkoittavat Egyptiä, Syyriaa, Mesopotamiaa ja Persiaa. Merkitys saattaa hyvinkin olla kahtalainen.</p>
      <p>Varhaismekkalainen suura.</p>
    </div>
    <div class="sura">
      <h2>Aloitan JUMALAN, laupiaan Armahtajan, nimeen.</h2>
      <p>
      <span>1</span>Ar-Rahmän, alati laupias Armahtaja,</p>
      <p>
      <span>2</span>on ilmaissut Koraanin.</p>
      <p>
      <span>3</span>Hän on luonut ihmisen.</p>
      <p>
      <span>4</span>Hän on opettanut tälle puheen lahjan.</p>
      <p>
      <span>5</span>Aurinko ja kuu kiertävät ratojaan,</p>
      <p>
      <span>6</span>ja yrtit sekä puut palvovat Häntä.</p>
      <p>
      <span>7</span>Hän on asettanut taivaan korkealle ja saattanut voimaan tasapainon,</p>
      <p>
      <span>8</span>jotta ette tekisi väärin punnitessanne.</p>
      <p>
      <span>9</span>Käyttäkää vaakaa oikeudenmukaisesti älkääkä vajaasti mitatko.</p>
      <p>
      <span>10</span>Maan Hän on luonut eläviä olentoja varten</p>
      <p>
      <span>11</span>ja hedelmät ja taatelit suojaavin verhoin,</p>
      <p>
      <span>12</span>viljan akanoineen ja tuoksuvat kukkaset.</p>
      <p>
      <span>13</span>Minkä Herranne armotyön siis väitätte valheeksi?</p>
      <p>
      <span>14</span>Hän loi ihmisen maan tomusta kuin saviastian;</p>
      <p>
      <span>15</span>Hän loi henkiolennot tulen liekistä.</p>
      <p>
      <span>16</span>Minkä Herranne armotyön siis väitätte valheeksi?</p>
      <p>
      <span>17</span>Hän on idän Herra ja Hän on lännen Herra.</p>
      <p>
      <span>18</span>Minkä Herranne armotyön siis väitätte valheeksi?</p>
      <p>
      <span>19</span>Hän on avannut kummallekin merelle vapaan vyöryn, niin että ne kohtaavat toisensa,</p>
      <p>
      <span>20</span>vaikka niiden välillä onkin raja, jota ne eivät saa ylittää.</p>
      <p>
      <span>21</span>Minkä Herranne armotyön siis väitätte valheeksi?</p>
      <p>
      <span>22</span>Niistä molemmista saadaan helmiä, isoja ja pieniä.</p>
      <p>
      <span>23</span>Minkä Herranne armotyön siis väitätte valheeksi?</p>
      <p>
      <span>24</span>Hänen ovat myös alukset, jotka kohoavat merestä kuin vuoret.</p>
      <p>
      <span>25</span>Minkä Herranne armotyön siis väitätte valheeksi?</p>
      <p>
      <span>26</span>Jokainen kuolee kerran,</p>
      <p>
      <span>27</span>mutta Herrasi läsnäolo säilyy aina kunniassa ja ihanuudessa.</p>
      <p>
      <span>28</span>Minkä Herranne armotyön siis väitätte valheeksi?</p>
      <p>
      <span>29</span>Jokainen, joka on taivaassa ja maan päällä, huutaa Häntä avuksi; Hän on toiminnassa joka hetki.</p>
      <p>
      <span>30</span>Minkä Herranne armotyön siis väitätte valheeksi?</p>
      <p>
      <span>31</span>Me otamme teidät pian huostaamme, te molemmat vaivatut.</p>
      <p>
      <span>32</span>Minkä Herranne armotyön siis väitätte valheeksi?</p>
      <p>
      <span>33</span>Te henkien ja ihmisten joukot, jos voitte paeta taivaitten ja maan rajojen ulkopuolelle, niin paetkaa! Te ette voi paeta ilman lupaa.</p>
      <p>
      <span>34</span>Minkä Herranne armotyön siis väitätte valheeksi?</p>
      <p>
      <span>35</span>Hän lähettää teitä vastaan tulenliekit ja savun, eikä teillä silloin ole mitään apua.</p>
      <p>
      <span>36</span>Minkä Herranne armotyön siis väitätte valheeksi?</p>
      <p>
      <span>37</span>Ja kun taivas repeää ja tulee ruusunpunaiseksi kuin punainen nahka, -</p>
      <p>
      <span>38</span>Minkä Herranne armotyön siis väitätte valheeksi?</p>
      <p>
      <span>39</span>tuona päivänä ei kysytä ihmiseltä eikä henkiolennolta hänen syntejään.</p>
      <p>
      <span>40</span>Minkä Herranne armotyön siis väitätte valheeksi?</p>
      <p>
      <span>41</span>Syylliset tunnetaan kasvojensa ilmeestä, ja heihin tartutaan otsahiuksista ja jaloista.</p>
      <p>
      <span>42</span>Minkä Herranne armotyön siis väitätte valheeksi?</p>
      <p>
      <span>43</span>Tämä on helvetti, jonka syntiset väittävät valheeksi.</p>
      <p>
      <span>44</span>He saavat hoippua sen ja kiehuvan veden väliä.</p>
      <p>
      <span>45</span>Minkä Herranne armotyön siis väitätte valheeksi?</p>
      <p>
      <span>46</span>Mutta niitä varten, jotka pelkäävät ja kunnioittavat Herransa mahtavuutta, on olemassa kaksi puutarhaa -</p>
      <p>
      <span>47</span>minkä Herranne armotyön siis väitätte valheeksi? -</p>
      <p>
      <span>48</span>kaksi paratiisia lehväisine puineen -</p>
      <p>
      <span>49</span>minkä Herranne armotyön siis väitätte valheeksi?</p>
      <p>
      <span>50</span>Niissä kummassakin on kaksi pulppuavaa lähdettä.</p>
      <p>
      <span>51</span>Minkä Herranne armotyön siis väitätte valheeksi?</p>
      <p>
      <span>52</span>Niissä molemmissa on jokaista hedelmää kahta laatua.</p>
      <p>
      <span>53</span>Minkä Herranne armotyön siis väitätte valheeksi?</p>
      <p>
      <span>54</span>He saavat siellä levätä matoilla, joiden päällys on kulta~ ja hopeakangasta, molempien puutarhain sato kättensä ulottuvilla.</p>
      <p>
      <span>55</span>Minkä Herranne armotyön siis väitätte valheeksi?</p>
      <p>
      <span>56</span>Niissä on ujokatseisia kaunottaria, neitoja, joita ennen ei ihminen eikä dzinni ole koskettanut.</p>
      <p>
      <span>57</span>Minkä Herranne armotyön siis väitätte valheeksi?</p>
      <p>
      <span>58</span>Rubiinien ja helmien kaltaisia.</p>
      <p>
      <span>59</span>Minkä Herranne armotyön siis väitätte valheeksi?</p>
      <p>
      <span>60</span>Onko hyvyyden palkka muu kuin hyvyys?</p>
      <p>
      <span>61</span>Minkä Herranne armotyön siis väitätte valheeksi?</p>
      <p>
      <span>62</span>Paitsi näitä molempia on myös kaksi muuta puutarhaa.</p>
      <p>
      <span>63</span>Minkä Herranne armotyön siis väitätte valheeksi?</p>
      <p>
      <span>64</span>Molemmat puutarhat ovat syvästi tummanvihreitä.</p>
      <p>
      <span>65</span>Minkä Herranne armotyön siis väitätte valheeksi?</p>
      <p>
      <span>66</span>Niissä on kaksi pulppuavaa lähdettä.</p>
      <p>
      <span>67</span>Minkä Herranne armotyön siis väitätte valheeksi?</p>
      <p>
      <span>68</span>Niissä on hedelmiä, taateleita ja granaattiomenia.</p>
      <p>
      <span>69</span>Minkä Herranne armotyön siis väitätte valheeksi?</p>
      <p>
      <span>70</span>Niissä on hyveellisiä kaunottaria.</p>
      <p>
      <span>71</span>Minkä Herranne armotyön siis väitätte valheeksi?</p>
      <p>
      <span>72</span>Tummasilmäisiä, telttoihin suljettuja.</p>
      <p>
      <span>73</span>Minkä Herranne armotyön siis väitätte valheeksi?</p>
      <p>
      <span>74</span>Heihin ei ole ihminen eikä dzinni koskenut ennen teitä.</p>
      <p>
      <span>75</span>Minkä Herranne armotyön siis väitätte valheeksi?</p>
      <p>
      <span>76</span>Siellä he saavat levätä vihreillä pieluksilla ja ihanilla matoilla.</p>
      <p>
      <span>77</span>Minkä Herranne armotyön siis väitätte valheeksi?</p>
      <p>
      <span>78</span>Siunattu olkoon Herrasi nimi kunniassaan ja ihanuudessaan!</p>
    </div>
  </body>
</html>
