﻿<?xml version="1.0"?>
<html>
  <head>
    <meta http-equiv="Content-Type" content="text/html; charset=utf-8" />
    <title>Suuren Tapahtuman Suura</title>
  </head>
  <body>
    <h1>
    <span>56</span>Suuren Tapahtuman suura</h1>
    <div class="johdanto">
      <h2>JOHDANTO:</h2>
      <p>VIIDESKYMMENES KUUDES SUURA: Suuri Tapahtuma (Al-Wakiah) Ilmoitettu Mekassa (96 jaetta)</p>
      <p>Al-Wakiah, »Suuri Tapahtuma», saa nimensä ensimmäisestä jakeesta.</p>
      <p>Varhaismekkalainen suura.</p>
    </div>
    <div class="sura">
      <h2>Aloitan JUMALAN, laupiaan Armahtajan, nimeen.</h2>
      <p>
      <span>1</span>Kun Suuri Tapahtuma tulee,</p>
      <p>
      <span>2</span>ei ole ketään, joka voisi sen kieltää.</p>
      <p>
      <span>3</span>Se alentaa ja ylentää,</p>
      <p>
      <span>4</span>kun maa vapisee ankarasti,</p>
      <p>
      <span>5</span>ja vuoret murtuvat sirpaleiksi,</p>
      <p>
      <span>6</span>niin että niistä tulee kuin hajoitettua tomua,</p>
      <p>
      <span>7</span>ja teitä tulee olemaan kolmea laatua.</p>
      <p>
      <span>8</span>Ensiksi ne, jotka ovat oikealla; ketkä ovat ne onnelliset, jotka ovat oikealla puolella?</p>
      <p>
      <span>9</span>Ja ne, jotka ovat vasemmalla; ketkä ovat ne onnettomat, jotka ovat vasemmalla puolella?</p>
      <p>
      <span>10</span>Ja ensimmäiset pysyvät ensimmäisinä.</p>
      <p>
      <span>11</span>Heidät saatetaan Jumalan läheisyyteen</p>
      <p>
      <span>12</span>autuuden puutarhoihin -</p>
      <p>
      <span>13</span>suuret joukot niitä, jotka aikaisemmin liittyivät profeettaan,</p>
      <p>
      <span>14</span>mutta vain pieni määrä myöhemmin liittyneitä.</p>
      <p>
      <span>15</span>Siellä he saavat levätä kultakuteisilla istuimilla</p>
      <p>
      <span>16</span>toinen toistaan vastapäätä,</p>
      <p>
      <span>17</span>ikuisesti nuoret pojat palvelevat heitä,</p>
      <p>
      <span>18</span>pikarit, haarikat ja maljat täynnä puhdasta juomaa,</p>
      <p>
      <span>19</span>josta he eivät saa päänkipua eivätkä päihdy,</p>
      <p>
      <span>20</span>tarjoten hedelmiä, jotka ovat heille mieluisia,</p>
      <p>
      <span>21</span>ja linnunlihaa, aivan heidän toivonsa mukaan.</p>
      <p>
      <span>22</span>Siellä on kaunosilmäisiä sulottaria,</p>
      <p>
      <span>23</span>jotka ovat kuin kätketyt helmet,</p>
      <p>
      <span>24</span>palkaksi siitä, mitä he ovat tehneet.</p>
      <p>
      <span>25</span>Siellä he eivät saa kuulla turhaa eivätkä syntistä puhetta,</p>
      <p>
      <span>26</span>vaan he sanovat: »Rauha, rauha!»</p>
      <p>
      <span>27</span>Entä ne, jotka ovat oikealla; keitä ovat ne, jotka ovat oikealla puolella?</p>
      <p>
      <span>28</span>He ovat lootuspuiden keskellä, puiden, joissa ei ole okaa,</p>
      <p>
      <span>29</span>ja banaanien, joissa on terttu tertun päällä.</p>
      <p>
      <span>30</span>Siellä on avaria varjopaikkoja,</p>
      <p>
      <span>31</span>vuolaasti virtaavaa vesiä</p>
      <p>
      <span>32</span>ja runsaasti hedelmiä,</p>
      <p>
      <span>33</span>jotka eivät vähene ja joita ei heiltä evätä</p>
      <p>
      <span>34</span>Siellä on neitoja ylväillä lepovuoteillaan.</p>
      <p>
      <span>35</span>Totisesti olemme luonut heidät omin käsin</p>
      <p>
      <span>36</span>sallien heidän pysyä neitseinä</p>
      <p>
      <span>37</span>hellinä ja samanikäisinä,</p>
      <p>
      <span>38</span>niitä varten, jotka ovat oikealla puolella,</p>
      <p>
      <span>39</span>joista lukuisat kuuluivat aikaisimpiin profeetan kannattajiin,</p>
      <p>
      <span>40</span>ja myöhemmin liittyneitä suuri joukko.</p>
      <p>
      <span>41</span>Entä ne, jotka ovat vasemmalla; keitä raukkoja ovat ne, jotka ovat vasemmalla puolella?</p>
      <p>
      <span>42</span>Heitä tukahduttavat kuumat tuulet ja polttaa kiehuva vesi</p>
      <p>
      <span>43</span>sekä pimentää musta savu,</p>
      <p>
      <span>44</span>joka ei tuo vilvoitusta eikä virkistystä.</p>
      <p>
      <span>45</span>Aikanaan elivät he totisesti yltäkylläisyydessä,</p>
      <p>
      <span>46</span>paatuen suurissa synneissään</p>
      <p>
      <span>47</span>sanoen toisilleen: »Kun olemme kuolleet ja meistä on tullut tomua ja luita, herätetäänkö meidät todella kuolleista,</p>
      <p>
      <span>48</span>tai herätetäänkö esi-isämme?»</p>
      <p>
      <span>49</span>Sano: »Sekä edelliset että jälkimmäiset</p>
      <p>
      <span>50</span>kootaan yhteen määrättynä hetkenä ja päivänä.»</p>
      <p>
      <span>51</span>Te harhapoluille joutuneet, jotka selititte totuuden valheeksi,</p>
      <p>
      <span>52</span>totisesti te saatte silloin syödä Zakkuum-puuta</p>
      <p>
      <span>53</span>ja täyttää vatsanne sillä,</p>
      <p>
      <span>54</span>juoda kiehuvaa vettä sen päälle,</p>
      <p>
      <span>55</span>juoda niinkuin janoiset kameelit.</p>
      <p>
      <span>56</span>Tässä on heidän kestityksensä tuomiopäivänä.</p>
      <p>
      <span>57</span>Me olemme luonut teidät, miksi siis ette tunnusta sitä totuudeksi?</p>
      <p>
      <span>58</span>Oletteko ajatelleet siementä, joka antoi teille elämän?</p>
      <p>
      <span>59</span>Loitteko te sen vai Mekö olemme sen luonut?</p>
      <p>
      <span>60</span>Me olemme asettanut teille kuoleman, eikä mikään estä Meitä</p>
      <p>
      <span>61</span>luomasta sijaanne toisenlaisia olentoja, antamalla teille muodon, jota ette tunne.</p>
      <p>
      <span>62</span>Olette totisesti tulleet tuntemaan ensimmäisen luomisen, miksi ette ota kehoitusta varteen?</p>
      <p>
      <span>63</span>Oletteko ajatelleet kylvöänne?</p>
      <p>
      <span>64</span>Tekö saatte sen kasvamaan, vai Mekö sen aikaansaamme?</p>
      <p>
      <span>65</span>Jos Me tahtoisimme, voisimme muuttaa sen kuivuneiksi korsiksi, niin että te ihmettelisitte kokonaisen päivän ja sanoisitte:</p>
      <p>
      <span>66</span>»Totisesti, velkana on meillä kaikki,</p>
      <p>
      <span>67</span>niin - meillä ei ole mitään.»</p>
      <p>
      <span>68</span>Mitä ajattelette vedestä, jota juotte?</p>
      <p>
      <span>69</span>Tekö sen vuodatatte alas pilvistä, vai Mekö sen teemme?</p>
      <p>
      <span>70</span>Jos tahtoisimme, voisimme tehdä sen suolaiseksi; miksi siis ette ole kiitollisia?</p>
      <p>
      <span>71</span>Mitä ajattelette tulesta, jonka sytytätte?</p>
      <p>
      <span>72</span>Tekö olette kasvattaneet puun sitä varten, vai Mekö olemme sen kasvattanut?</p>
      <p>
      <span>73</span>Me olemme asettanut puut erämaan vaeltajalle kehoitukseksi ja hyödyksi.</p>
      <p>
      <span>74</span>Ylistä siis suuren Herrasi nimeä,</p>
      <p>
      <span>75</span>Vannon tähtien aseman nimeen,</p>
      <p>
      <span>76</span>ja se on totisesti suuri vala, jospa sen tietäisitte,</p>
      <p>
      <span>77</span>totisesti tämä on ylevä Koraani,</p>
      <p>
      <span>78</span>hyvin säilyneenä kirjassa.</p>
      <p>
      <span>79</span>Sitä saavat koskettaa vain puhtaat.</p>
      <p>
      <span>80</span>Sen lähetti maailmojen Herra.</p>
      <p>
      <span>81</span>Tahdotteko sittenkin halveksia tätä Kirjaa</p>
      <p>
      <span>82</span>ja aivan kuin elinkeinoksenne väittää sitä valheeksi?</p>
      <p>
      <span>83</span>Mutta kun sielu, henkenne ruumiista paetessa, nousee kurkkuun</p>
      <p>
      <span>84</span>ja te silloin katselette kuolemaa,</p>
      <p>
      <span>85</span>- vaikka olemmehan Me lähempänä kuolevaa kuin te, teidän sitä kuitenkaan näkemättä -</p>
      <p>
      <span>86</span>miksi ette te, jotka kiellätte riippuvaisuutenne Jumalasta,</p>
      <p>
      <span>87</span>voi silloin torjua sitä kääntymään takaisin, jos totta puhutte?</p>
      <p>
      <span>88</span>Jos kuoleva kuuluu niihin, jotka pääsevät lähelle Jumalaa,</p>
      <p>
      <span>89</span>tulee hänen osakseen onni, kukkien tuoksu ja autuuden puutarhat.</p>
      <p>
      <span>90</span>Jos hän on niitä, jotka joutuvat oikealle puolelle,</p>
      <p>
      <span>91</span>on hänen osansa: »Rauha olkoon sinulla ja niillä, jotka ovat oikealla puolella!»</p>
      <p>
      <span>92</span>Mutta jos hän kuuluu niihin, jotka väittävät totuutta valheeksi, ja kulkee harhateitä,</p>
      <p>
      <span>93</span>on hänen tervetuliaismaljansa kiehuvaa vettä</p>
      <p>
      <span>94</span>ja hän palaa ikuisessa tulessa.</p>
      <p>
      <span>95</span>Tämä on totisesti varma totuus.</p>
      <p>
      <span>96</span>Ylistä siis Herrasi nimeä, suuren.</p>
    </div>
  </body>
</html>
