﻿<?xml version="1.0"?>
<html>
  <head>
    <meta http-equiv="Content-Type" content="text/html; charset=utf-8" />
    <title>Raudan Suura</title>
  </head>
  <body>
    <h1>
    <span>57</span>Raudan suura</h1>
    <div class="johdanto">
      <h2>JOHDANTO:</h2>
      <p>VIIDESKYMMENES SEITSEMÄS SUURA: Rauta (Al-Hadîd) Ilmoitettu Medinassa (29 jaetta )</p>
      <p>Al-Hadîd, »Rauta»; nimi johtuu jakeessa 25 olevasta sanasta. Sana »voitto» kymmenennessä jakeessa epäilemättä viittaa Mekan valtaukseen, vaikka Nöldeke otaksuu sen viittaavan Bedrin taisteluun ja sen vuoksi arvelee suuran syntyneen Hedzran neljäntenä tai viidentenä vuotena. Jakeen sanat ovat kuitenkin sellaista otaksumaa vastaan, koska muslimit eivät »uhranneet ja taistelleet» ennen Bedrin taistelua, josta heidän taistelunsa vasta alkoivat.</p>
      <p>Suura on ilmoitettu Hedzran kahdeksantena tai yhdeksäntenä vuonna.</p>
    </div>
    <div class="sura">
      <h2>Aloitan JUMALAN, laupiaan Armahtajan, nimeen.</h2>
      <p>
      <span>1</span>Kaikki taivaassa ja maan päällä julistaa Jumalan kunniaa, sillä Hän on kaikkivoipa, kaikkitietävä.</p>
      <p>
      <span>2</span>Hänen on valta taivaassa ja maan päällä, Hän antaa elämän ja Hän säätää kuoleman; Hän voi tehdä kaiken, mitä tahtoo.</p>
      <p>
      <span>3</span>Hän on ensimmäinen ja viimeinen, näkyvä ja näkymätön, sillä Hän tietää kaikki.</p>
      <p>
      <span>4</span>Hän on luonut taivaat ja maan kuutena päivänä ja sitten asettunut valtaistuimelle. Hän tietää, mitä painuu maan sisään ja mitä siitä versoo esiin, mitä tulee ylhäältä ja mitä nousee ylös. Hän on kanssanne, missä tahansa olettekin, sillä Jumala näkee, mitä teette.</p>
      <p>
      <span>5</span>Hänen on taivaiden ja maan valtakunta, ja Jumalan luokse kaikki palaa.</p>
      <p>
      <span>6</span>Hän käskee yön valjeta päiväksi, Hän vajottaa päivän yöhön, ja Hän tuntee svdäntemme salat.</p>
      <p>
      <span>7</span>Uskokaa Jumalaan ja Hänen sananjulistajaansa ja antakaa almuja siitä, minkä haltijaksi Me olemme teidät asettanut, sillä niitä teistä, jotka uskovat ja jakelevat, odottaa suuri palkinto.</p>
      <p>
      <span>8</span>Miksi epäilisitte? Kehoittaahan Hänen sananjulistajansa teitä uskomaan Herraanne; onhan Hän todellakin tehnyt liiton kanssanne, jos olette uskovaisia.</p>
      <p>
      <span>9</span>Hän lähettää selvät merkit palvelijalleen, jotta tämä voisi johtaa teitä pimeydestä valoon; sillä totisesti Jumala rakastaa teitä ja on teille armollinen.</p>
      <p>
      <span>10</span>Ja miksi ette uhraisi mitään Jumalan asian hyväksi, sillä Jumalalle kuuluu taivaitten ja maan perintöosuus. Ne teistä, jotka uhrasivat varojaan ennen voittoa ja taistelivat, ovat toisenlaisia kuin ne, jotka eivät niin tehneet. He ovat korkeammassa asemassa kuin ne, jotka uhrasivat vasta jälkeenpäin, vaikka taistelivatkin. Itse kullekin heistä on Jumala luvannut hyvää, ja Jumala tietää, mitä te teette.</p>
      <p>
      <span>11</span>Sille, joka antaa Jumalalle uhrin, Hän korvaa sen kaksin verroin. Hänen palkkansa on ihana</p>
      <p>
      <span>12</span>sinä päivänä, jolloin olet näkevä uskolliset miehet ja naiset, valo edessään ja oikealla puolellaan - »hyvä sanoma lupaa teille sinä päivänä puutarhoja, joita virrat vilvoittavat, teidän asuaksenne niissä; tämä on suurin autuus» -</p>
      <p>
      <span>13</span>sinä päivänä tekopyhät miehet ja naiset sanovat niille, jotka uskovat: »Odottakaa meitä, jotta saamme valoa teidän valostanne.» Silloin sanotaan: »Kääntykää takaisin ja etsikää valoa!» Ja heidän välilleen kohoaa erottava muuri, jossa on portti. Muurin sisäpuolella on armo, mutta sen ulkopuolella odottaa kuritus.</p>
      <p>
      <span>14</span>Ja he huutavat: »Emmekö me olleet teidän kanssanne?» Nämä vastaavat: »Kyllä, mutta te saatoitte sielunne kiusaukseen, odotitte ja epäröitte, ja turhat halunne pettivät teitä siihen saakka, kunnes Jumalan tuomio koitti; ja suuri viettelijä sai teidät tottelemattomiksi Jumalaa kohtaan,</p>
      <p>
      <span>15</span>niin että tänä päivänä ei oteta vastaan lunnaita teiltä eikä niiltä, jotka valitsivat epäuskon. Teidän on oltava tulessa, se on oleva seuralaisenne; kurja on olinpaikkanne.</p>
      <p>
      <span>16</span>Eikö ole aika niiden, jotka uskovat, nöyrtyä sydämissään, muistaa Jumalaa ja Hänen lähettämäänsä totuutta, jotta heidän ei kävisi kuin niiden, joille Kirjoitus annettiin aikaisemmin, niin että heidän aikansa näytti pidennetyltä, mutta jotka paaduttivat sydämensä ja joista useimmista tuli lainrikkojia.</p>
      <p>
      <span>17</span>Tietäkää, että Jumala elvyttää maan sen kuihtumuksesta. Me olemme totisesti kirkastaneet teille tunnusmerkit ymmärtääksenne.</p>
      <p>
      <span>18</span>Armeliaille miehille ja naisille ja niille, jotka kantavat Jumalalle hyvän uhrin, Hän korvaa sen kaksin verroin, ja heidän palkkansa on oleva ihana.</p>
      <p>
      <span>19</span>Ne, jotka uskovat Jumalaan ja Hänen sananjulistajiinsa, ovat todistajia Herransa edessä; he saavat palkkansa ja valonsa; mutta ne, jotka valitsevat epäuskon ja väittävät merkkejämme valheeksi, joutuvat helvetin asukkaiksi.</p>
      <p>
      <span>20</span>Tietäkää, että tämän maailman elämä on vain leikkiä, ajanvietettä, koreilua ja keskinäistä kerskailua, rikkauden ja perheen kartuttamista. Se on kuin sadekuuro, jonka aiheuttama vihanta kasvullisuus ilahduttaa viljelijöitä, mutta tämä sitten kuihtuukin, ja sinä näet sen kellastuvan ja lakastuvan. Tulevassa elämässä on kuritus ankara, mutta Jumalan luona myös anteeksianto ja mielisuosio; niin, maallinen elämä on pelkkää pettävää nautintoa.</p>
      <p>
      <span>21</span>Kiiruhtakaa kilvan saavuttaaksenne Herranne anteeksiannon ja Paratiisin, jonka avaruus on maan ja taivaan suuruinen ja joka on valmistettu niille, jotka uskovat Jumalaan ja Hänen sananjulistajiinsa! Tämä on Jumalan armo. Hän antaa sen kenelle haluaa, sillä Hän on Herra, jonka armo on suuri.</p>
      <p>
      <span>22</span>Mitään ei tapahdu maailmassa eikä teissä itsessänne, jota ei ole merkitty Pyhään kirjaan, ennenkuin Me annamme sen tulla ilmi. Tämä on totisesti helppoa Jumalalle.</p>
      <p>
      <span>23</span>Älkää siis murehtiko sitä, mitä olette menettäneet, älkääkä myöskään kerskuko sen perusteella, mitä Hän on teille antanut, sillä Jumala ei rakasta röyhkeätä ja kerskailevaa ihmistä;</p>
      <p>
      <span>24</span>ei liioin niitä, jotka ovat kitsaita ja kehoittavat muita ahneuteen. Ja jos joku kääntyy pois, niin totisesti Jumala ei häntä eikä mitään kaipaa.</p>
      <p>
      <span>25</span>Olemmehan lähettänyt sanansaattajamme selvin todistein ja heidän mukanaan olemme lähettänyt Pyhän kirjan ja mittaperusteet, jotta ihmiskunta saattaisi noudattaa oikeutta; Me olemme myös antanut raudan, johon on kätketty suuri voima ja josta on hyötyä ihmiskunnalle, jotta Jumala tuntisi ne, jotka sydämestään auttavat Häntä ja Hänen sananjulistajiaan. Totisesti, Jumala on voimakas, mahtava.</p>
      <p>
      <span>26</span>Totisesti olemme lähettänyt Nooan ja Aabrahamin ja antanut heidän jälkeläisilleen profeetankutsumuksen ja Pyhän kirjan. Heidän joukossaan on muutamia, jotka vaeltavat vanhurskaasti, mutta useimmat heistä ovat käskyjen rikkojia.</p>
      <p>
      <span>27</span>Sitten lähetimme sanansaattajia seuraamaan heidän jälkiään, ja myöhemmin Me lähetimme Jeesuksen, Marian pojan, ja Me annoimme hänelle evankeliumin. Me istutimme myös rakkauden ja armeliaisuuden niiden sydämiin, jotka seuraavat häntä. Luostarilaitoksen he ovat itse keksineet, - Me emme ole antanut heille muuta määräystä kuin että he etsisivät Jumalan mielisuosiota, mutta he eivät noudattaneet sitä niin kuin olisi pitänyt. Silloin annoimme palkkansa niille heistä, jotka uskoivat, mutta useimmat heistä ovat lainrikkojia.</p>
      <p>
      <span>28</span>Te, jotka uskotte, pelätkää Jumalaa ja uskokaa Hänen sananjulistajaansa; Hän jakaa teille armoaan kaksin kerroin ja Hän antaa teille valkeuden, jossa voitte vaeltaa; Hän on antava teille anteeksi, sillä Jumala on laupias ja anteeksiantavainen.</p>
      <p>
      <span>29</span>Näin on, jotta nekin, jotka ovat saaneet Kirjan, tietäisivät, etteivät he pane rajoja Jumalan armolle, koska Jumalan armo on Hänen kädessään, Hän sulkee siihen kenet tahtoo; niin, Jumala on valtavan armon Herra.</p>
    </div>
  </body>
</html>
