﻿<?xml version="1.0"?>
<html>
  <head>
    <meta http-equiv="Content-Type" content="text/html; charset=utf-8" />
    <title>Oikeutta Etsivän Suura</title>
  </head>
  <body>
    <h1>
    <span>58</span>Oikeutta Etsivän suura</h1>
    <div class="johdanto">
      <h2>JOHDANTO:</h2>
      <p>VIIDESKYMMENES KAHDEKSÄS SUURA: Oikeutta Etsivä (Al-Mujadila) Ilmoitettu Medinassa (22 jaetta )</p>
      <p>Al-Mujadila, »Oikeutta etsivä», otsake johtuu ensimmäisessä jakeessa olevasta sanonnasta. Eräs vaimo oli valittanut Profeetalle, että hänen miehensä oli hylännyt hänet ilman pätevää syytä, sanoen hänelle vanhan arabialaisen kaavan mukaan, että vaimon selkä oli miehestä kuin hänen äitinsä selkä, ja vaimo »kiisteli» Profeetan kanssa, koska tämä ei ryhtynyt mihinkään toimenpiteisiin miestä vastaan, ennenkuin hänelle ilmoitettiin tämä suura. Suurassa XXXIII jakeessa 4 viitataan lyhyesti samaan menettelytapaan aviovaimoja erotettaessa.</p>
      <p>Tämä suura on siis ilmoitettu ennen XXXIII suuraa, Hedzran neljäntenä tai viidentenä vuonna.</p>
    </div>
    <div class="sura">
      <h2>Aloitan JUMALAN, laupiaan Armahtajan, nimeen.</h2>
      <p>
      <span>1</span>Jumala on jo kuullut hänen vetoomuksensa, joka valitti puolisoansa vastaan, etsien oikeutta Jumalalta, Jumala on kuullut teidän keskustelunne; Jumala on totisesti kuuleva, näkevä.</p>
      <p>
      <span>2</span>Jos jotkut teistä hylkäävät vaimonsa sillä verukkeella, että nämä takaapäin ovat kuin äitinsä, niin eiväthän he ole heidän äitejään. Heidän äitejään ovat vain ne, jotka ovat synnyttäneet heidät, ja heidän sanansa totisesti ovat ilkeätä ja valheellista puhetta. Jumala on totisesti armahtava, anteeksiantava.</p>
      <p>
      <span>3</span>Niiden, jotka syrjäyttävät vaimonsa verraten heitä äiteihinsä ja sitten haluavat peruuttaa mitä ovat sanoneet, on vapautettava orja, ennenkuin he koskevat toinen toiseensa. Tähän teitä kehoitetaan, ja Jumala tuntee tekonne.</p>
      <p>
      <span>4</span>Mutta jos jollakulla ei ole varaa tähän, paastotkoon hän sen asemesta kaksi kuukautta peräkkäin, ennenkuin he koskevat toinen toiseensa. Se taas, jolla ei ole tähän voimaa, ruokkikoon kuusikymmentä köyhää. Näin on, jotta uskoisitte Jumalaan ja Hänen sananjulistajaansa. Tämä on Jumalan laki, ja epäuskoisia odottaa tuska ja vaiva.</p>
      <p>
      <span>5</span>Totisesti ne, jotka vastustavat Jumalaa ja Hänen sananjulistajaansa, lyödään maahan niinkuin ne, jotka elivät ennen heitä, ja Me olemme jo lähettänyt siitä selvät todisteet; ja epäuskoisia odottaa häpeällinen kuritus.</p>
      <p>
      <span>6</span>Päivänä, jolloin Jumala on herättävä heidät kaikki kuolleista, on Hän ilmoittava heille, mitä he ovat tehneet. Jumala on merkinnyt sen muistiin, vaikka he ovat sen unohtaneet, sillä Jumala näkee kaiken.</p>
      <p>
      <span>7</span>Etkö huomaa, että Jumala tietää kaiken, mitä on taivaassa ja maan päällä? Kolmella ei ole salaista keskustelua Hänen olemattaan siinä neljäntenä, eikä viidellä neuvottelua Hänen olemattaan kuudentena; olipa heitä vähemmän tai enemmän, Hän on läsnä missä tahansa he kokoontuvatkin. Ylösnousemuksen päivänä Hän on ilmoittava heille, mitä he ovat tehneet. Totisesti Jumala on kaikkitietävä.</p>
      <p>
      <span>8</span>Etkö ole nähnyt niitä, joita on kielletty pitämästä salaisia neuvotteluja, mutta jotka taas ryhtyvät siihen, mikä heiltä kiellettiin, ja salaa yllyttävät toisiaan kapinaan ja tottelemattomuuteen sananjulistajaa vastaan. Kun he tulevat sinun luoksesi, he tervehtivät sinua tavalla, jolla Jumala ei sinua tervehdi, ja sanovat itsekseen: »Miksi ei Jumala rankaise meitä puheistamme?» Helvetti riittää heille rangaistukseksi; sinne he joutuvat, ja se on surkea olinpaikka.</p>
      <p>
      <span>9</span>Te uskovaiset, kun pidätte yksityistä neuvottelua, älkää antako synnin yllyttää itseänne kapinaan ja tottelemattomuuteen sananjulistajaa vastaan, vaan pitäkää neuvottelunne hurskaudessa ja Jumalan pelossa ja täyttäkää velvollisuutenne Jumalaa kohtaan, jonka luokse kerran kokoonnutte.</p>
      <p>
      <span>10</span>Salaiset neuvottelut ovat lähtöisin saatanasta, joka niillä pyrkii tuottamaan murhetta uskoville, mutta hän ei voi vahingoittaa heitä hituistakaan Jumalan sallimatta, ja Jumalaan uskovaiset luottakoot.</p>
      <p>
      <span>11</span>Te uskovaiset, kun teitä pyydetään varaamaan tilaa kokouksissanne, varatkaa sitä runsaasti, Jumala on vuorostaan valmistava tilaa teille. Kun teitä pyydetään nousemaan, nouskaa; Jumala on korottava monta astetta ylemmäksi ne teistä, jotka uskovat, ja ne, joilla on tieto. Jumala tuntee tekonne.</p>
      <p>
      <span>12</span>Te uskovaiset, kun pidätte neuvoa sananjulistajan kanssa, antakaa uhrilahja ennen neuvotteluanne. Näin on teille parasta ja oikeinta. Mutta jos teillä ei ole varaa siihen, niin totisesti Jumala on anteeksiantavainen, armollinen.</p>
      <p>
      <span>13</span>Pelkäättekö, ettei teillä ole varaa almuihin ennen neuvotteluanne? Jos siis jätätte sen tekemättä, mutta Jumala kääntyy auttaen puoleenne, niin suorittakaa rukoukset ja antakaa säädetyt almut sekä totelkaa Jumalaa ja Hänen sanansaattajaansa, sillä Jumala tietää, mitä te teette.</p>
      <p>
      <span>14</span>Oletko ajatellut niitä, jotka turvautuvat kansaan, jolle Jumala on vihastunut? He eivät kuulu teihin ettekä te heihin, vaan he vannovat väärin vastoin parempaa tietoaan.</p>
      <p>
      <span>15</span>Jumala on heille varannut ankaran rangaistuksen, kauheaa on totisesti se, mitä he tekevät.</p>
      <p>
      <span>16</span>Valojensa varjolla he vieroittavat muita Jumalan tieltä. Sentähden heitä odottaa häpeällinen rangaistus.</p>
      <p>
      <span>17</span>Heidän omaisuutensa ja lapsensa eivät hyödytä heitä vähääkään Jumalan edessä; he joutuvat tuleen ja pysyvät siinä ikuisesti.</p>
      <p>
      <span>18</span>Sinä päivänä, jona Jumala herättää heidät kaikki kuolleista, he vannovat Hänelle niinkuin ovat vannoneet teille ja luulevat sillä jotakin voittavansa. Eivätkö he totisesti ole valehtelijoita?</p>
      <p>
      <span>19</span>Saatana on ottanut vallan heissä ja saanut heidät unohtamaan Jumalan kunnioittamisen; he ovat saatanan omia. Mutta ovathan saatanan omat häviöön tuomittuja.</p>
      <p>
      <span>20</span>Totisesti ne, jotka vastustavat Jumalaa ja Hänen sananjulistajaansa, kuuluvat viheliäisimpien joukkoon.</p>
      <p>
      <span>21</span>Jumala on sanonut: »Totisesti olen Minä voittava, Minä ja sananjulistajani.» Totisesti on Jumala voimakas, mahtava.</p>
      <p>
      <span>22</span>Sellaisten joukosta, jotka uskovat Jumalaan ja viimeiseen päivään, et löydä ihmisiä, jotka rakastavat Jumalan ja Hänen sananjulistajansa vastustajia, vaikkapa nämä olisivat heidän isiään tai poikiaan tai veljiään tai sukulaisiaan. Sellaisten sydämiin Hän on painanut uskonsa ja vahvistanut heitä hengeltään. Hän sallii heidän päästä puutarhoihin, joita virrat vilvoittavat ja joissa he saavat asua iankaikkisesti. Jumala on tyytyväinen heihin ja he Jumalaan. He ovat Jumalan omia. Ja Jumalan omat ovat autuaita.</p>
    </div>
  </body>
</html>
