﻿<?xml version="1.0"?>
<html>
  <head>
    <meta http-equiv="Content-Type" content="text/html; charset=utf-8" />
    <title>Maasta karkoituksen Suura</title>
  </head>
  <body>
    <h1>
    <span>59</span>Maasta karkoituksen suura</h1>
    <div class="johdanto">
      <h2>JOHDANTO:</h2>
      <p>VIIDESKYMMENES YHDEKSÄS SUURA: Maasta karkoitus (Al-Hashr) Ilmoitettu Medinassa (24 jaetta )</p>
      <p>Al-Hashr, »Maasta karkoitus», saa nimensä jakeista 2-17, joissa viitataan Banii Nadiirin, erään Medinassa asuvan juutalaisheimon, maasta karkoitukseen (petoksesta ja siitä, että olivat suunnitelleet Profeetan murhaamista) ja heidän omaisuutensa takavarikointiin. »Teeskentelijät», joiksi penseitä muslimeja kutsuttiin, olivat salassa olleet yhtä mieltä juutalaisten kanssa, joiden vastustus oli vahvistunut Ohodin taistelussa kärsityn vastoinkäymisen jälkeen, ja olivat luvanneet auttaa heitä siinä tapauksessa, että tulisi yhteenotto muslimien kanssa, ja siirtyä maasta, jos heidät karkoitettaisiin. Mutta kun muslimit marssivat banii nadiireja vastaan ja nämä pakenivat vahvoihin torneihinsa, eivät teeskentelijät tehneet mitään. Ja kun heidät niistäkin vihdoin kukistettiin ja karkoitettiin maasta, eivät teeskentelijät seuranneet heitä maanpakoonkaan.</p>
      <p>Suura on ilmoitettu Hedzran neljäntenä vuonna.</p>
    </div>
    <div class="sura">
      <h2>Aloitan JUMALAN, laupiaan Armahtajan, nimeen.</h2>
      <p>
      <span>1</span>Kaikki, mitä on taivaassa, ja kaikki, mitä on maassa, julistaa Jumalan kunniaa, sillä Hän on kaikkivoipa, viisas.</p>
      <p>
      <span>2</span>Hän ensimmäisessä maastamuutossa karkoitti kodeistaan ne Pyhän kirjan saajista , jotka olivat epäuskoisia. Te ette luulleet, että he siirtyisivät pois, ja he uskoivat, että heidän linnoituksensa suojelisivat heitä Jumalaa vastaan, mutta Jumala tuli heidän luokseen sieltä, mistä he eivät odottaneet, ja nosti pelon heidän sydämiinsä, niin että he hävittivät talonsa omin käsin ja uskovaisten avulla. Ottakaa siis tästä oppiaksenne te, joilla on silmät.</p>
      <p>
      <span>3</span>Ja ellei Jumala olisi määrännyt heille karkoitusta, Hän olisi varmasti antanut heille kärsimyksiä tässä maailmassa; ja tulevassa elämässä heitä odottaa tulen tuska.</p>
      <p>
      <span>4</span>Näin on, koska he vastustivat Jumalaa ja Hänen sananjulistajaansa; sillä jos joku vastustaa Jumalaa, on Jumala totisesti ankara rangaistessaan.</p>
      <p>
      <span>5</span>Jos olette kaataneet jonkun palmun tai jättäneet sen pystyyn juurilleen, on tämä tapahtunut Jumalan tahdosta ja jotta Hän saattaisi tottelemattomat häpeään.</p>
      <p>
      <span>6</span>Ja noilta ihmisiltä saatua sotasaalista, jonka Jumala antoi sananjulistajalleen, ei saatu siksi, että te ahdistitte heitä hevosin tai ratsukameelein, vaan Jumala antaa sananjulistajilleen vallan kenen suhteen tahtoo, sillä Jumala voi tehdä kaiken, mitä haluaa.</p>
      <p>
      <span>7</span>Ja kaupunkien asukkailta otettu saalis, jonka Jumala on antanut sanansaattajalleen, kuuluu Jumalalle ja Hänen sananjulistajalleen, läheisille sukulaisille, orvoille, köyhille ja maankiertäjille, jotta sitä ei jaettaisi niiden kesken teistä, jotka ovat rikkaita. Mitä tahansa sananjulistaja teille antaa, se ottakaa vastaan, ja mitä tahansa hän teiltä kieltää, siitä pidättykää. Pelätkää Jumalaa, sillä Jumala on ankara rangaistuksessaan.</p>
      <p>
      <span>8</span>Osa saaliista on köyhiä varten, jotka pakenivat, jotka häädettiin kodeistaan ja joilta riistettiin omaisuus heidän etsiessään Jumalan armoa ja mielisuosiota ja auttaessaan Jumalaa ja Hänen sananjulistajaansa. Nämä ovat vanhurskaita.</p>
      <p>
      <span>9</span>Ne, jotka ovat saaneet kodin ja uskon ennen heitä, rakastavat niitä, jotka pakenevat heidän turviinsa, eivätkä sydämessään kaipaa sitä, mitä näille on annettu. He pitäisivät näitä itseään parempana, vaikka itse eläisivät puutteessa. Ne, jotka varjelevat sielunsa ahneudelta, ovat onnellisia.</p>
      <p>
      <span>10</span>Ne, jotka tulevat heidän jälkeensä, sanovat: »Herra, anna anteeksi meille ja meidän veljillemme, jotka ovat olleet ennen meitä uskossa, äläkä salli meidän tuntea kaunaa sydämissämme niitä kohtaan, jotka uskovat. Herra, Sinä olet totisesti lempeä, armollinen.</p>
      <p>
      <span>11</span>Ajattale niitä, joista on tullut teeskentelijöitä. He sanovat veljilleen, jotka kuuluvat Pyhän kirjoituksen saaneeseen kansaan, mutta ovat epäuskoisia: »Jos teidät karkoitetaan, niin lähdemme me totisesti teidän kanssanne emmekä milloinkaan tottele kenenkään käskyjä teidän suhteenne, vaan jos teitä vastaan taistellaan, niin totisesti autamme teitä.» Mutta Jumala tietää, että he todellisuudessa ovat valehtelijoita.</p>
      <p>
      <span>12</span>Jos nuo karkoitetaan, eivät he lähde heidän kanssaan, ja jos noita vastaan taistellaan, eivät he auta heitä, ja vaikka ryhtyisivätkin auttamaan heitä, niin kääntävät heille varmasti selkänsä, eivätkä he kuitenkaan apua saa.</p>
      <p>
      <span>13</span>Totisesti on heillä sydämissään suurempi pelko teitä (muslimeja) kuin Jumalaa kohtaan, sillä he ovat ymmärtämättömiä ihmisiä.</p>
      <p>
      <span>14</span>He eivät taistele teitä vastaan joukkona, vaan linnoitetuissa kaupungeissa tai muurien takaa. Heidän taistelurohkeutensa on suuri. Sinä luulet heitä yksimielisiksi, mutta heidän sydämensä ovat jakaantuneet, koska he ovat ihmisiä, joilla ei ole ymmärrystä.</p>
      <p>
      <span>15</span>He ovat juuri kuin edeltäjänsä, jotka äsken saivat kokea tekojensa onnettomat seuraukset; heitä odottaa tuska ja vaiva.</p>
      <p>
      <span>16</span>Heidän laitansa on kuin saatanan, joka sanoi ihmiselle: »Älä usko», mutta kun tämä luopui uskostaan, hän sanoi: »Totisesti minulla ei ole mitään tekemistä sinun kanssasi; totisesti minä pelkään Jumalaa, kaikkien maailmojen Herraa.»</p>
      <p>
      <span>17</span>Mutta kummankin loppu on se, että he joutuvat tuleen ainiaaksi. Tämä on jumalattomien palkka.</p>
      <p>
      <span>18</span>Te, jotka uskotte, pelätkää Jumalaa. Ja katsokoon kukin sielu, mitä panee itselleen tallelle tulevaksi päiväksi. Pelätkää Jumalaa! Sillä totisesti Jumala tietää mitä teette.</p>
      <p>
      <span>19</span>Älkää olko niinkuin ne, jotka unohtavat Jumalan, niin että Hän antaa heidän unohtaa oman sielunsa. Nämä ovat jumalattomia.</p>
      <p>
      <span>20</span>Eivät ole toistensa kaltaisia tulen ja paratiisin asukkaat. Paratiisin asukkaat riemuitsevat autuudesta.</p>
      <p>
      <span>21</span>Jos olisimme lähettänyt tämän Koraanin vuorelta, niin olisit varmasti nähnyt sen sortuvan ja pirstoutuvan Jumalan pelosta. Nämä vertaukset lähetämme ihmisille, jotta he mietiskelisivät.</p>
      <p>
      <span>22</span>Hän on Jumala, ja paitsi Häntä ei ole muuta jumaluutta; Hän tuntee salatun ja näkyvän. Hän on laupiain, armollisin.</p>
      <p>
      <span>23</span>Hän on Jumala, ja paitsi Häntä ei ole muuta jumaluutta, kuningas, pyhä, rauhantuoja, turvanantaja, kaiken suojelija, kaikkivoipa, korkein, kaiken suuruuden alkulähde. Kunnia Jumalalle ainoastaan! Hän on korkealla kaiken yläpuolella, mitä he Hänen rinnalleen asettavat.</p>
      <p>
      <span>24</span>Hän on Jumala, luoja, alkuunpanija, muodostaja; Hänelle kuuluvat kaikki erinomaiset nimet. Kaikki taivaassa ja maan päällä ylistää Hänen kunniaansa; sillä Hän on kaikkivoipa, viisas.</p>
    </div>
  </body>
</html>
