﻿<?xml version="1.0"?>
<html>
  <head>
    <meta http-equiv="Content-Type" content="text/html; charset=utf-8" />
    <title>Tutkinnan alaisen Suura</title>
  </head>
  <body>
    <h1>
    <span>60</span>Tutkinnan alaisen suura</h1>
    <div class="johdanto">
      <h2>JOHDANTO:</h2>
      <p>KUUDESKYMMENES SUURA: Tutkinnan alainen (Al-Mumtahanah) Ilmoitettu Medinassa (13 jaetta )</p>
      <p>Al-Mumtahanah, »Tutkinnan alainen»; otsikko johtuu kymmenennestä jakeesta, missä uskovaisia kehoitetaan tutkimaan pakanain luota heidän tykönsä paenneita naisia eikä palauttamaan heitä epäjumalienpalvojille, mikäli havaitsevat heidän vilpittömästi uskovan islaamiin. Tämä merkitsi muutosta Hudeibijen aselevon ehtoihin, joiden mukaan Profeetta oli sitoutunut palauttamaan kaikki karkurit, niin miehet kuin naiset, vaikka kureishit eivät olleet velvollisia luovuttamaan islaamista luopuneita. Hirveä vaino, jota naisten täytyi kärsiä, jos heidät luovutettiin, ja heidän avuton yhteiskunnallinen asemansa olivat muutoksen aiheena. Sen sijaan, että olisivat palauttaneet sellaisia naispakolaisia, jotka olivat vilpittömiä uskossaan eivätkä olleet karkuteillä perheriidan tai jonkin rikoksen takia, muslimien oli maksettava heistä korvaus, kun taas kureishien ei tarvinnut maksaa korvausta niille islaamilaisille aviomiehille, joiden vaimot mahdollisesti pakenisivat heidän luotaan. Mutta valtion rikastuttua sen tuli korvata heille se, minkä heidän vaimonsa olivat ottaneet mukaansa heidän omaisuudestaan. Jakeessa 12 on lupaus, joka naispakolaisten tuli tehdä sen jälkeen kun heitä oli kuulusteltu.</p>
      <p>Tämä suura on ilmoitettu Hedzran kahdeksantena vuonna.</p>
    </div>
    <div class="sura">
      <h2>Aloitan JUMALAN, laupiaan Armahtajan, nimeen.</h2>
      <p>
      <span>1</span>Te, jotka uskotte, älkää pitäkö Minun ja omia vihollisianne ystävinänne. Tarjoatteko heille rakkautta, vaikka he ovat jo kieltäneet totuuden, joka on tullut heidän osaksensa; ovat karkoittaneet sananjulistajan samoin kuin teidät itsennekin sentähden, että uskotte Jumalaan, Herraanne. Jos lähdette retkelle lujasti taistellen Minun asiani puolesta ja etsien Minun mielisuosiotani, osoitatteko silloin heille ystävyyttä? Minä tiedän, mitä salaatte ja mitä ilmaisette, ja jokainen teistä, joka tekee niin, on eksynyt oikealta tieltä.</p>
      <p>
      <span>2</span>Jos he yllättävät teidät, osoittautuvat he teidän vihollisiksenne ja suuntaavat teihin kätensä ja kielensä pahaa tarkoittaen, ja he toivoisivat teidän olevan uskottomia.</p>
      <p>
      <span>3</span>Ylösnousemuksen päivänä eivät läheiset suhteenne, eivät edes lapsennekaan, hyödytä teitä vähääkään; ylösnousemuksen päivänä teidät erotetaan toisistanne; Jumala näkee tekonne.</p>
      <p>
      <span>4</span>Totisesti on teille oivana esimerkkinä Aabraham ja ne, jotka häneen liittyivät, kun he sanoivat kansalleen: »Meillä ei ole mitään tekemistä teidän ja sen kanssa, jota palvelette Jumalan rinnalla. Me kiellämme teidät, teidän ja meidän välillämme vallitsee viha aina siihen saakka, kunnes uskotte yhteen Jumalaan.» Mutta isälleen sanoi Aabraham: »Totisesti tahdon pyytää puolestasi anteeksiantoa, mutta en voi tehdä mitään hyväksesi Jumalan edessä.» Herra, Sinuun luotamme, Sinun puoleesi käännymme ja Sinun luoksesi palaamme.</p>
      <p>
      <span>5</span>Herra, älä aseta meille kiusaukseksi niitä, jotka eivät usko, ja anna meille anteeksi. Herra, totisesti olet kaikkivoipa, viisas.</p>
      <p>
      <span>6</span>Totisesti ovat he hyvä esimerkki teille jokaiselle, joka pelkää Jumalaa ja uskoo tulevaan päivään, mutta jos joku kääntyy pois, on Hän, Jumala, totisesti kaikista riippumaton, ylistetty.</p>
      <p>
      <span>7</span>Voi käydä niin, että Jumala aikaansaa ystävyyden teidän ja niiden välille, joita luulette vihollisiksenne, sillä Jumala on voimallinen, Jumala on anteeksiantava, armollinen.</p>
      <p>
      <span>8</span>Jumala ei kiellä teitä osoittamasta ystävällisyyttä ja oikeamielisyyttä niitä kohtaan, jotka eivät ole taistelleet teitä vastaan uskontonne tähden eivätkä karkoittaneet teitä kodeistanne; totisesti, Jumala rakastaa oikeamielisiä.</p>
      <p>
      <span>9</span>Hän vain kieltää teitä olemasta ystävällisiä niille, jotka ovat taistelleet teitä vastaan uskonne tähden, karkoittaneet teidät kodeistanne ja olleet toisille apuna teitä karkoitettaessa. Ne, jotka osoittavat heille ystävällisyyttä, ovat totisesti jumalattomia.</p>
      <p>
      <span>10</span>Te uskovaiset, kun oikeauskoisia naisia tulee luoksenne paettuaan kodeistaan, niin tutkikaa heitä. Jumala tuntee heidän uskonsa parhaiten. Jos sitten havaitsette heidät uskoviksi naisiksi, niin älkää lähettäkö heitä takaisin uskottomien luo. He eivät lain mukaan kuulu näille eivätkä nämä heille. Mutta antakaa miehille, mitä he ovat maksaneet. Eikä teissä ole moitteelle varaa, jos naitte heidät, kun olette maksaneet heille huomenlahjan. Älkää myös pitäkö yllä avioliiton siteitä uskottomiin naisiin, vaan vaatikaa takaisin, mitä olette maksaneet, ja uskottomat miehet vaatikoot samoin, mitä he ovat maksuina vaimoistaan suorittaneet. Tämä on Jumalan päätös; Hän ratkaisee asianne, sillä Jumala on kaikkitietävä, viisas.</p>
      <p>
      <span>11</span>Jos vaimoistanne joku pakenee uskottomien luokse, niin saalista saatuanne antakaa niille, joiden vaimot ovat karanneet, yhtä paljon kuin he ovat maksuna suorittaneet, ja täyttäkää velvollisuutenne Jumalalle, johon uskotte.</p>
      <p>
      <span>12</span>Profeetta, kun uskovat naiset tulevat luoksesi ja lupaavat pyhästi, etteivät aseta mitään Jumalan rinnalle, etteivät varasta, eivät tee aviorikosta, eivät surmaa lapsiaan, eivät keksi valheita eivätkä ole tottelemattomia Sinua kohtaan siinä, mikä on kohtuullista, niin ota vastaan heidän lupauksensa ja ano Jumalalta heille anteeksiantoa; totisesti Jumala on anteeksiantava, armollinen.</p>
      <p>
      <span>13</span>Te, jotka uskotte, älkää suosiko ihmisiä, joihin Jumala on vihastunut. Heillä on tulevan elämän toivoa yhtä vähän kuin uskovat kuolleiden ylösnousemukseen.</p>
    </div>
  </body>
</html>
