﻿<?xml version="1.0"?>
<html>
  <head>
    <meta http-equiv="Content-Type" content="text/html; charset=utf-8" />
    <title>Taistelurintaman Suura</title>
  </head>
  <body>
    <h1>
    <span>61</span>Taistelurintaman suura</h1>
    <div class="johdanto">
      <h2>JOHDANTO:</h2>
      <p>KUUDESKYMMENES ENSIMMÄINEN SUURA: Taistelurintaman (As~Saff) Ilmoitettu Mekassa (14 jaetta )</p>
      <p>As~Saff, »Taistelurintama»; otsake johtuu sanonnasta neljännessä jakeessa. Tässä noudatetussa Koraanin alkutekstissä selitetään, että tämä suura on ilmoitettu Mekassa, vaikka sen sisältö ilmeisesti viittaa medinalaiseen kauteen. Se lienee ilmoitettu silloin, kun Profeetta ja hänen toverinsa olivat leiriytyneinä Mekan laaksoon Hudeibijen aseleponeuvottelujen aikana. Perimätiedon mukaan arvellaan muutamien jakeiden tähän viittaavan. Siinä tapauksessa ilmoituksen ajankohta olisi Hedzran kuudes vuosi.</p>
    </div>
    <div class="sura">
      <h2>Aloitan JUMALAN, laupiaan Armahtajan, nimeen.</h2>
      <p>
      <span>1</span>Kaikki, mitä on taivaassa ja maassa, julistaa Jumalan kunniaa, sillä Jumala on kaikkivoipa, viisas.</p>
      <p>
      <span>2</span>Uskovaiset, miksi lupaatte sanoilla sellaista, mitä ette tee?</p>
      <p>
      <span>3</span>Jumalan silmissä on inhottavaa se, että lupaatte sellaista, mitä ette tee.</p>
      <p>
      <span>4</span>Jumala rakastaa totisesti niitä, jotka taistelevat Hänen retkillään taistelurintamassa, joka on kuin kivimuuri.</p>
      <p>
      <span>5</span>Muistakaa, kuinka Mooses sanoi kansalleen: »Miksi kiusaatte minua, vaikka tiedätte, että olen Jumalan teitä varten lähettämä sananjulistaja?» Mutta kun he halusivat poiketa totuudesta, Jumala antoi heidän sydämensä harhautua, sillä Jumala ei ohjaa väärintekijöitä.</p>
      <p>
      <span>6</span>Ja kun Jeesus, Marian poika, sanoi: »Israelin lapset, totisesti olen sananjulistaja, jonka Jumala on lähettänyt teille vahvistamaan Toorasta sen, mikä annettiin ennen minua, ja ilmoittamaan ilosanoman sananjulistajasta, joka on tuleva minun jälkeeni ja jonka nimi on oleva Ahmad.» Mutta kun Ahmad tuli heidän luokseen selvin todistein, he sanoivat: »Tämä on ilmeistä noituutta.»</p>
      <p>
      <span>7</span>Kuka on jumalattomampi kuin se, joka keksii valheen Jumalaa vastaan juuri silloin, kun häntä kutsutaan islaamiin? Jumala ei kaitse väärintekijöitä.</p>
      <p>
      <span>8</span>He tahtovat suullaan puhaltaa sammuksiin Jumalan kynttilän, mutta Jumala tekee valonsa täydelliseksi, vaikka uskottomat ovat sitä vastaan.</p>
      <p>
      <span>9</span>Hän on lähettänyt sananjulistajansa tuomaan opastuksen ja totuuden uskonnon, jotta Hän saattaisi sen voittoon kaikkien muiden uskontojen rinnalla, vaikka monijumalaiset ovatkin sitä vastaan.</p>
      <p>
      <span>10</span>Te uskovaiset, osoitanko teille tien, jolla voitte pelastua tuskallisesta kurituksesta?</p>
      <p>
      <span>11</span>Uskokaa Jumalaan ja Hänen sananjulistajaansa ja asettakaa voimanne, rikkautenne ja henkenne Jumalan asian palvelukseen; näin on teille parasta, jospa sen ymmärtäisitte.</p>
      <p>
      <span>12</span>Hän antaa teille syntinne anteeksi ja sallii teidän astua puutarhoihin, joiden kautta joet virtaavat, ja ihaniin asuntoihin autuuden puutarhoissa; tämä on ylin autuus.</p>
      <p>
      <span>13</span>Ja vielä toinen asia, joka on teille mieluinen, teitä odottaa: apu Jumalalta ja lähellä oleva voitto. Julista ilosanoma uskovaisille!</p>
      <p>
      <span>14</span>Te uskovaiset, tukekaa Jumalan asiaa, niinkuin Jeesus, Marian poika, sanoi opetuslapsilleen: »Ketkä tahtovat olla auttajiani Jumalan asiassa?» Opetuslapset vastasivat: »Me olemme Jumalan auttajia.» Ja osa Israelin lapsista uskoi, mutta osa ei uskonut; silloin Me autoimme uskovia heidän vihollisiaan vastaan, niin että he pääsivät voitolle.</p>
    </div>
  </body>
</html>
