﻿<?xml version="1.0"?>
<html>
  <head>
    <meta http-equiv="Content-Type" content="text/html; charset=utf-8" />
    <title>Hartauskokouksen Suura</title>
  </head>
  <body>
    <h1>
    <span>62</span>Hartauskokouksen suura</h1>
    <div class="johdanto">
      <h2>JOHDANTO:</h2>
      <p>KUUDESKYMMENES TOINEN SUURA: Hartauskokous (Al-Jumáh) Ilmoitettu Medinassa (11 jaetta )</p>
      <p>Al-Jumáh, »Hartauskokous», johtuu vastaavasta sanasta yhdeksännessä jakeessa, missä teroitetaan mieliin, että on noudatettava kutsua yhteisrukoukseen. Perimätiedon mukaan jakeet 9-11 viittaavat siihen tilaisuuteen, jossa Profeetan parhaillaan saarnatessa moskeijassa karavaani saapui Medinaan rumpujen päristessä ja seurakunta kahtatoista miestä lukuunottamatta riensi ulos katsomaan sitä. Jos, kuten eräs perimätieto väittää, se oli Dahjah al-Kalbin karavaani, on tapaus sattunut ennen Hedzran viidettä vuotta, koska Dahjah oli muslimi jo Hedzran viidentenä vuonna.</p>
      <p>Suura on ilmoitettu Hedzran toisen ja neljännen vuoden välillä.</p>
    </div>
    <div class="sura">
      <h2>Aloitan JUMALAN, laupiaan Armahtajan, nimeen.</h2>
      <p>
      <span>1</span>Kaikki, mitä on taivaassa ja maassa, julistaa Jumalan, kuninkaan, pyhimmän, kaikkivoivan, viisaan kunniaa.</p>
      <p>
      <span>2</span>Hän on oppimattoman kansan keskuudesta lähettänyt sananjulistajan, joka esittää heille Hänen tunnusmerkkinsä, puhdistaa heidät ja opettaa heille Pyhää kirjaa ja viisautta, vaikka he tätä ennen elivät ilmeisessä harhassa,</p>
      <p>
      <span>3</span>ja lähettää sen toisillekin heistä, jotka eivät vielä ole heihin liittyneet; Jumala on kaikkivoipa, viisas.</p>
      <p>
      <span>4</span>Tämä on Jumalan armo. Hän antaa sen kenelle tahtoo, sillä Jumala on valtavan armon Herra.</p>
      <p>
      <span>5</span>Niiden, joiden vastuulle oli annettu Toora ja jotka eivät sitä noudattaneet, käy kuin aasin, joka kantoi kirjakuormaa. Pahoin käy niille, jotka hylkäävät Jumalan ilmoitukset, sillä Jumala ei kaitse väärintekijöitä.</p>
      <p>
      <span>6</span>Sano: »Juutalaiset, jos vakuutatte olevanne Jumalan suosimia ennen muita ihmisiä, niin toivokaa silloin itsellenne kuolemaa, jos totuus on teille kallis.»</p>
      <p>
      <span>7</span>Mutta he eivät milloinkaan toivo sitä kättensä tekojen tähden, jotka heitä tilille odottavat; Jumala tuntee hyvin väärintekijät.</p>
      <p>
      <span>8</span>Sano: »Kuolema, jota pakenette, on totisesti kohtaava teidät, ja silloin teidät palautetaan Hänen luokseen, joka tuntee näkymättömän ja näkyvän, ja Hän on paljastava teille, mitä olette tehneet.»</p>
      <p>
      <span>9</span>Uskovaiset, kun kuuluu kutsu rukoukseen perjantaina, niin kiiruhtakaa palvelemaan Jumalaa ja jättäkää kauppatoimet. Tämä on teille parasta, jos haluatte ymmärtää.</p>
      <p>
      <span>10</span>Mutta kun hartaus on päättynyt, hajaantukaa kukin suunnallenne ja etsikää Jumalan armoa pitäen Hänet lujasti mielessänne, jotta menestyisitte.</p>
      <p>
      <span>11</span>Mutta kun he näkevät jossakin kauppaa tehtävän tai huviteltavan, he rientävät sinne ja jättävät sinut yksin seisomaan. Sano: »Se, mikä on Jumalasta, on parempi kuin huvi ja kaupanteko: niin, Jumala on paras huoltaja.»</p>
    </div>
  </body>
</html>
