﻿<?xml version="1.0"?>
<html>
  <head>
    <meta http-equiv="Content-Type" content="text/html; charset=utf-8" />
    <title>Tekopyhien Suura</title>
  </head>
  <body>
    <h1>
    <span>63</span>Tekopyhien suura</h1>
    <div class="johdanto">
      <h2>JOHDANTO:</h2>
      <p>KUUDESKYMMENES KOLMAS SUURA: Tekopyhät (Al-Munaafikun) Ilmoitettu Medinassa (11 jaetta )</p>
      <p>Al-Munaafikun, »Tekopyhät»; nimi johtuu ensimmäisessä jakeessa esiintyvästä sanasta. Jae 8 viittaa Ahdullah ibn Ubeiin, teeskentelijäin johtajan, huomautukseen, jossa hän lausuu toivovansa, että Jasripin vanha ylimystö, jonka tunnustettu päällikkö hän oli ollut, voittaisi takaisin valta~aseman ja karkoittaisi Mekasta tulleet pakolaiset, joita hän piti tungettelijoina.</p>
      <p>Suura on ilmoitettu Hedzran neljäntenä vuonna.</p>
    </div>
    <div class="sura">
      <h2>Aloitan JUMALAN, laupiaan Armahtajan, nimeen.</h2>
      <p>
      <span>1</span>Kun tekopyhät tulevat luoksesi, he sanovat: »Me todistamme, että sinä varmasti olet Jumalan sananjulistaja.» Jumala tietää, että sinä totisesti olet Hänen sananjulistajansa; samoin Jumala todistaa, että tekopyhät totisesti ovat valehtelijoita.</p>
      <p>
      <span>2</span>He ottavat valansa verhokseen, harhauttaen muita pois Jumalan tieltä; nurjat ovat totisesti heidän tekonsa.</p>
      <p>
      <span>3</span>Sillä he uskoivat, mutta sitten tulivat epäuskoon, ja senvuoksi on heidän sydämensä paatunut, niin että heillä ei ole ymmärrystä.</p>
      <p>
      <span>4</span>Mutta kun katselet heitä, miellyttää heidän muotonsa, ja kun he puhuvat, kuuntelet heidän puhettaan; he ovat kuin tukipylväitä ja kuitenkin pelkäävät, että jokainen sotahuuto koskee heitä. He ovat vihollisia; varo siis heitä. Jumalan tuomio tulkoon heidän osakseen! Miksi he ovat pois kääntyneet?</p>
      <p>
      <span>5</span>Ja kun heille sanotaan: »Tulkaa, Jumalan sananjulistaja pyytää teille anteeksiantoa», he pudistavat päätänsä, ja sinä näet heidän pöyhkeinä kääntyvän pois.</p>
      <p>
      <span>6</span>Heille on yhdentekevää, pyydätkö heille anteeksiantoa vai et. Milloinkaan ei Jumala anna heille anteeksi, totisesti, Jumala ei kaitse väärintekijöitä.</p>
      <p>
      <span>7</span>He ovat niitä, jotka sanovat: »Älkää lahjoittako mitään niiden hyväksi, jotka ovat Jumalan sananjulistajan kanssa, ennenkuin he eroavat hänestä.» Jumalan ovat taivaitten ja maan aarteet, mutta teeskentelijät ovat ymmärrystä vailla.</p>
      <p>
      <span>8</span>He sanovat: »Jos me palaamme Medinaan, niin mahtavat varmasti karkoittavat sieltä alhaiset.» Jumalalle kuuluu kuitenkin kaikki mahti, samoin kuin Hänen sanansaattajalleen ja uskoville, mutta tekopyhät eivät sitä tiedä.</p>
      <p>
      <span>9</span>Te, jotka uskotte! Älkää antako rikkauksienne ja lastenne vieroittaa itseänne jumalanpelosta. Ne, jotka niin tekevät, ovat kadotuksen omia.</p>
      <p>
      <span>10</span>Jakakaa keskenänne, mitä olemme teille antanut, ennenkuin kuolema kohtaa jonkun teistä, niin ettei hän sanoisi: »Herra, jospa olisit antanut minulle vielä vähän elinaikaa, niin olisin tahtonut olla armelias ja kuulua niihin, jotka tekevät hyvää.»</p>
      <p>
      <span>11</span>Mutta Jumala ei anna armonaikaa kenellekään, jonka hetki on tullut; niin, Jumala tietää, mitä te teette.</p>
    </div>
  </body>
</html>
