﻿<?xml version="1.0"?>
<html>
  <head>
    <meta http-equiv="Content-Type" content="text/html; charset=utf-8" />
    <title>Harhoista Havahtumisen Suura</title>
  </head>
  <body>
    <h1>
    <span>64</span>Harhoista Havahtumisen suura</h1>
    <div class="johdanto">
      <h2>JOHDANTO:</h2>
      <p>KUUDESKYMMENES NELJÄS SUURA: Harhoista Havahtuminen (At-Taghâbun) Ilmoitettu Medinassa (Mekassa ?) (18 jaetta )</p>
      <p>At-Taghâbun , »Harhoista havahtuminen»; nimi johtuu vastaavasta sanonnasta jakeessa 9. Ilmoituksen ajankohta on mahdollisesti Hedzran ensimmäisenä vuonna, vaikka tämä suura yleensä sijoitetaan Mekassa ilmoitettujen lukujen myöhäisryhmään. Jakeen 14 otaksutaan tarkoittavan sitä painostusta, jota aviovaimot ja lapset harjoittivat estääkseen muslimien lähtöä Mekasta Hedzran aikana.</p>
    </div>
    <div class="sura">
      <h2>Aloitan JUMALAN, laupiaan Armahtajan, nimeen.</h2>
      <p>
      <span>1</span>Kaikki, mitä on taivaassa ja maan päällä, julistaa Jumalan kunniaa. Hänen on herruus ja Hänelle kuuluu kiitos, sillä Hän voi tehdä kaiken tahtonsa mukaan.</p>
      <p>
      <span>2</span>Hän teidät on luonut. Muutamat teistä eivät usko, toiset uskovat. Jumala näkee, mitä teette.</p>
      <p>
      <span>3</span>Hän on luonut taivaat ja maan totuudessa; Hän on luonut myös teidät, kaunismuotoisiksi Hän on teidät muovaillut. Hänen tykönsä kaikki myös palaa.</p>
      <p>
      <span>4</span>Hän tietää, mitä on taivaassa ja maan päällä; Hän tietää myös, mitä te salaatte ja mitä ilmaisette, sillä Jumala tuntee sydänten kätköt.</p>
      <p>
      <span>5</span>Eikö teille ole kerrottu niistä, jotka ennen teitä uskon hylkäsivät? He saivat kokea tekonsa surkeat seuraukset, ja heitä odottaa tuskallinen kuritus.</p>
      <p>
      <span>6</span>Sillä heille lähetetyt sananjulistajat tulivat selvin todistein heidän luoksensa, mutta he sanoivat: »Kuolevaisetko meitä johtaisivat?» He olivat epäuskoisia ja kääntyivät pois, mutta Jumala ei heitä kaipaa, sillä Jumala on kaikesta riippumaton, ylistetty.</p>
      <p>
      <span>7</span>Epäuskoiset väittävät, ettei heitä milloinkaan herätetä kuolleista. Sano: »Totisesti, Herran nimeen, teidät herätetään kuolleista, ja silloin teille osoitetaan, mitä te olette tehneet, sillä tämä on Jumalalle helppoa.»</p>
      <p>
      <span>8</span>Uskokaa sentähden Jumalaan, Hänen sanansaattajaansa ja valoon, jonka Me olemme lähettänyt, sillä Jumala tietää, mitä te teette,</p>
      <p>
      <span>9</span>Päivänä, jona hän teidät kokoaa, kokoontumispäivänä, havahdutte harhoistanne. Mutta jokainen, joka uskoo Jumalaan ja tekee hyvää, saa vapautuksen erehdyksistään ja pääsee puutarhoihin, joita virrat vilvoittavat, ja hän saa asua siellä ikuisesti. Tämä on suurin autuus.</p>
      <p>
      <span>10</span>Mutta niistä, jotka hylkäävät uskon ja väittävät valheeksi tunnusmerkkimme, tulee ikuisiksi ajoiksi tulen asukkaita. Mikä kurja määränpää heidän vaellukselleen!</p>
      <p>
      <span>11</span>Ei mikään koettelemus kohtaa teitä Jumalan tietämättä; ja joka uskoo Jumalaan, hänen sydäntään Hän ohjaa oikeaan, sillä Jumala on kaikkitietävä.</p>
      <p>
      <span>12</span>Olkaa kuuliaisia Jumalalle ja kuuliaisia sananjulistajalle, mutta jos käännytte pois, ei sanansaattajanne ole vastuussa muusta kuin sanoman julistamisesta.</p>
      <p>
      <span>13</span>Ei ole muuta jumaluutta kuin Hän, Jumala, ja Jumalaan uskovaiset turvautukoot.</p>
      <p>
      <span>14</span>Uskovaiset, varmasti on joku vaimoistanne ja lapsistanne vihollisenne; varokaa siis heitä; jos olette armahtavaisia ja kärsivällisiä, silloin totisesti Jumalakin on anteeksiantavainen, armollinen.</p>
      <p>
      <span>15</span>Rikkautenne ja lapsenne ovat teille vain koetuksena, mutta Jumalan luona lopullinen palkkio odottaa.</p>
      <p>
      <span>16</span>Sentähden täyttäkää velvollisuutenne Jumalaa kohtaan kykynne mukaan, ottakaa vaarin, totelkaa ja uhratkaa varojanne; se koituu sielujenne parhaaksi! Ketkä ikinä varjelevat sielunsa ahneudelta, heillä on menestystä.</p>
      <p>
      <span>17</span>Jos omistatte Jumalalle hyvän uhrin, Hän palkitsee sen teille kaksin verroin ja antaa teille anteeksi, sillä Jumala on palkitsevainen, lempeä.</p>
      <p>
      <span>18</span>Hän tuntee näkymättömän ja näkyvän, Hän on kaikkivoipa, viisas.</p>
    </div>
  </body>
</html>
