﻿<?xml version="1.0"?>
<html>
  <head>
    <meta http-equiv="Content-Type" content="text/html; charset=utf-8" />
    <title>Avioeron Suura</title>
  </head>
  <body>
    <h1>
    <span>65</span>Avioeron suura</h1>
    <div class="johdanto">
      <h2>JOHDANTO:</h2>
      <p>KUUDESKYMMENES VIIDES SUURA: Avioero (At-Talaak) Ilmoitettu Medinassa (12 jaetta )</p>
      <p>At-Talaak , »Aviero»; nimi on lähtöisin jakeista 1-7, jotka sisältävät parannuksen II suurassa julkaistuihin avioeroa koskeviin lakeihin. Perimätiedon mukaan tämä suura tavallisesti asetetaan lbn Umarin tekemän virheen yhteyteen, kun hän erotti vaimonsa, minkä kerrotaan tapahtuneen Hedzran kuudentena vuonna. Mutta toisten kertomusten mukaan Profeetta siinä tilaisuudessa vain teroitti mieliin yllämainitut jo aikaisemmin ilmoitetut jakeet.</p>
      <p>Suura on siis ilmoitettu Hedzran kuudentena vuonna tai vähän aikaisemmin.</p>
    </div>
    <div class="sura">
      <h2>Aloitan JUMALAN, laupiaan Armahtajan, nimeen.</h2>
      <p>
      <span>1</span>Profeetta, kun eroatte vaimoistanne, erotkaa heistä ensin määrätyksi ajaksi, laskekaa heille määrätty päivien luku ja noudattakaa velvollisuuttanne Jumalaa, Herraanne, kohtaan. Älkää karkoittako heitä kodeistaan! Älkööt he myöskään itse poistuko sieltä muutoin, kuin jos ovat syypäät ilmeiseen riettauteen. Nämä ovat Jumalan säädökset, ja se, joka rikkoo Jumalan säädökset, tekee totisesti väärin omalle sielulleen. Et voi tietää, haluaako Jumala ehkä jälkeenpäin aikaansaada asiassasi käänteen.</p>
      <p>
      <span>2</span>Ja kun vaimojenne koeaika on päättynyt, pitäkää heidät luonanne tai erotkaa heistä ystävällisesti. Ja ottakaa keskuudestanne kaksi oikeamielistä todistajaa ja näyttäkää asia toteen Jumalan edessä. Tämä kehoitus on annettu jokaiselle, joka uskoo Jumalaan ja tulevaan päivään. Sille, joka pelkää Jumalaa, Hän ratkaisee pulman</p>
      <p>
      <span>3</span>ja antaa hänelle elatuksen sieltä, mistä hän ei voi sitä odottaakaan. Sille, joka Jumalaan luottaa, Hän on kaikki kaikessa. Totisesti Jumala saavuttaa tarkoituksensa; Jumala on todella antanut kaikelle määränsä.</p>
      <p>
      <span>4</span>Niille vaimoistanne, joiden kuukautiset ovat keskeytyneet, tai jos olette tästä epävarmoja, olkoon koekautensa, kolme kuukautta, samoin niille, joille kuukautiset eivät ole alkaneet; mutta raskailla vaimoilla tämä aika kestäköön aina siihen asti, kunnes he ovat synnyttäneet. Sille, joka noudattaa Jumalan tahtoa, Hän helposti ratkaisee kaikki pulmat.</p>
      <p>
      <span>5</span>Tämä on Jumalan käsky, jonka Hän on ilmaissut teille, ja sen, joka pelkää Jumalaa, Hän vapahtaa pahoista teoista ja suo hänelle suuren palkinnon.</p>
      <p>
      <span>6</span>Antakaa eroavien vaimojenne asua siellä, missä itsekin asutte, varojenne mukaan, älkääkä kohdelko heitä kovasti, etteivät he joudu ahdistukseen. Jos he ovat raskaudentilassa, niin suorittakaa heidän elatuskulunsa siksi, kunnes he ovat synnyttäneet. Ja jos he imettävät teille kuuluvaa lasta, teiltä tulkoon siitä heille korvaus. Järjestäkää sovussa nämä asiat; mutta jos joudutte erimielisyyksiin, niin antakaa imettäminen jollekulle toiselle naiselle.</p>
      <p>
      <span>7</span>Rikas mies uhratkoon varojensa runsaudesta, ja se, jonka osa on niukempi, jakakoon siitä, mitä Jumala on hänelle antanut; Jumala ei sälytä kenenkään kannettavaksi raskaampaa kuormaa, kuin minkä Hän on hyväksi nähnyt; vaikeuksien jälkeen Jumala suo huojennuksen.</p>
      <p>
      <span>8</span>Miten moni kaupunki kapinoitsikaan Herransa ja Hänen sananjulistajansa käskyä vastaan! Siitä syystä Me ankarasti vaadimme sen tilinteolle ja ojensimme sitä kovalla kurituksella.</p>
      <p>
      <span>9</span>Se sai kokea tekojensa onnettomat seuraukset, ja kaiken lopuksi se joutui perikatoon.</p>
      <p>
      <span>10</span>Jumala on valmistanut heille ankaran kurituksen. Pelätkää siis Jumalaa, te, joilla on ymmärrys ja jotka uskotte! Jumala on toden totta lähettänyt teille muistuttajan,</p>
      <p>
      <span>11</span>sananjulistajan, joka ilmoittaa teille Jumalan selvät tunnusmerkit, jotta ne, jotka uskovat ja hyvää tekevät, saisivat johdatuksen pimeydestä valkeuteen. Ken ikinä uskoo Jumalaan ja tekee hyvää, sille Hän avaa pääsyn puutarhoihin, joissa purot virtaavat, ja sallii hänen asua niissä ikuisesti. Jumala on todella valmistanut hänelle ihanan osan.</p>
      <p>
      <span>12</span>Jumala on luonut seitsemän taivasta ja yhtä monta maata. Niiden kautta tulee ylhäältä Jumalan käsky, jotta tietäisitte, että Jumalalla on valta kaiken yli ja että Jumala sulkee kaiken tietoonsa.</p>
    </div>
  </body>
</html>
