﻿<?xml version="1.0"?>
<html>
  <head>
    <meta http-equiv="Content-Type" content="text/html; charset=utf-8" />
    <title>Kiellon Suura</title>
  </head>
  <body>
    <h1>
    <span>66</span>Kiellon suura</h1>
    <div class="johdanto">
      <h2>JOHDANTO:</h2>
      <p>KUUDESKYMMENES KUUDES SUURA: Kielto (At-Tahrim) Ilmoitettu Medinassa (Mekassa ?) (12 jaetta )</p>
      <p>At-Tahrim, »Kielto»; nimi johtuu ensimmäisestä jakeesta.</p>
    </div>
    <div class="sura">
      <h2>Aloitan JUMALAN, laupiaan Armahtajan, nimeen.</h2>
      <p>
      <span>1</span>Profeetta, miksi haluat, ollaksesi vaimoillesi mieliksi, kieltäytyä sellaisesta, minkä Jumala on tehnyt sinulle luvalliseksi? Onhan Jumala anteeksiantava, laupias.</p>
      <p>
      <span>2</span>Onhan Jumala antanut määräykset sovitusuhrista, joka valasta vapauttaa ja Jumala on suojelijanne, sillä Hän on kaikkitietävä, viisas.</p>
      <p>
      <span>3</span>Kun profeetta salaisuutena ilmoitti jotakin eräälle vaimoistaan, ja kun tämä sitten ilmaisi sen toisille ja Jumala antoi profeetan kaikesta tietää, moitti tämä vaimoansa osasta, mutta vaikeni osasta. Ja kun hän puhui vaimolleen siitä, tämä kysyi: »Kuka on ilmoittanut sinulle tästä?» Hän vastasi: »Hän, joka on kaikkitietävä, on sen minulle ilmoittanut.»</p>
      <p>
      <span>4</span>»Jos te kumpikin, (vaimo) käännytte Jumalan puoleen, se on parhaaksenne; ovathan sydämenne Hänestä luopuneet; mutta jos te kumpikin pidätte yhtä puolta häntä (profeettaa) vastaan, niin on totisesti Jumala hänen suojelijansa ja samoin Gabriel sekä hurskaat uskovaiset ja lisäksi enkelit hänen auttajansa.»</p>
      <p>
      <span>5</span>Voi olla, että jos profeetta teistä eroaa, hänen Herransa antaa sijaanne parempia vaimoja kuin te - kuuliaisia, uskollisia, nöyriä, katuvia, Jumalaa palvelevia, paastojen noudattajia, olivatpa he leskiä tai neitsyitä.</p>
      <p>
      <span>6</span>Uskovaiset, varjelkaa itsenne ja perheenne tulelta, joka kuluttaa ihmiset ja kivetkin, jota valvomaan on asetettu enkeleitä, heltymättömiä ja mahtavia; he eivät ole tottelemattomia Jumalan käskyille, vaan tekevät mitä heille on määrätty.</p>
      <p>
      <span>7</span>Te, jotka ette usko, älkää keksikö anteeksipyyntöjä tuona päivänä! Te saatte vain tekojenne palkan.</p>
      <p>
      <span>8</span>Uskovaiset, kääntykää vilpittömästi katuen Jumalan puoleen! Ehkä Herranne vapahtaa teidät pahuudestanne ja sallii teidän astua puutarhoihin, joita virrat vilvoittavat, sinä päivänä, jolloin Jumala ei saata häpeään Profeettaa eikä niitä, jotka uskovat hänen kanssaan; heidän valonsa välkkyy heidän edessään ja oikealla puolellaan, ja he sanovat: »Herra, viritä valomme täydelliseksi ja suojele meitä armossasi, sillä sinä voit totisesti tehdä kaiken, mitä tahdot!»</p>
      <p>
      <span>9</span>Profeetta, taistele sitkeästi epäuskoisia ja tekopyhiä vastaan ja ole ankara heitä kohtaan; heidän olinpaikkansa on oleva helvetti. Kurja on moinen määränpää.</p>
      <p>
      <span>10</span>Niitä varten, jotka eivät usko, Jumala on asettanut Nooan ja Lootin vaimot esimerkiksi. Nämä kuuluivat kahdelle hurskaalle miehelle palveliioittemme joukosta, mutta pettivät miehiään, ja siksi ei mikään voinut auttaa heitä Jumalaa vastaan, vaan heille sanottiin: »Astukaa tuleen kaikkien tuomittujen kanssa!»</p>
      <p>
      <span>11</span>Niitä varten, jotka uskovat, Jumala on asettanut esimerkiksi myös faraon vaimon, joka sanoi: »Herra rakenna minulle huone luoksesi paratiisiin, vapahda minut faraosta ja hänen teoistaan ja päästä minut jumalattomista ihmisistä!»</p>
      <p>
      <span>12</span>Esikuvaksi tehtiin myös Maria, Imraanin tytär, joka säilytti puhtautensa ja jonka Me täytimme hengellämme. Hän uskoi Herran ja Hänen Pyhän kirjansa sanoihin, sillä hän kuului nöyrien joukkoon.</p>
    </div>
  </body>
</html>
