﻿<?xml version="1.0"?>
<html>
  <head>
    <meta http-equiv="Content-Type" content="text/html; charset=utf-8" />
    <title>Valtakunnan Suura</title>
  </head>
  <body>
    <h1>
    <span>67</span>Valtakunnan suura</h1>
    <div class="johdanto">
      <h2>JOHDANTO:</h2>
      <p>KUUDESKYMMENES SEITSEMÄS SUURA: Valtakunta (Al-Mulk) Ilmoitettu Mekassa (30 jaetta )</p>
      <p>Al-Mulk, »Valtakunta», saa nimensä ensimmäisestä jakeesta. Suura on Mekan kauden keskivaiheilta.</p>
    </div>
    <div class="sura">
      <h2>Aloitan JUMALAN, laupiaan Armahtajan, nimeen.</h2>
      <p>
      <span>1</span>Siunattu on Hän, jonka käsissä on valtakunta ja voima yli kaiken olevaisen!</p>
      <p>
      <span>2</span>Hän, joka loi elämän ja kuoleman koetellakseen, kuka teistä osoittautuu parhaaksi teoissa. Hän on mahtava, laupias.</p>
      <p>
      <span>3</span>Hän on luonut seitsemän taivasta toinen toisensa yläpuolelle. Et voi havaita mitään vikaa Armahtajan luomistyössä. Katsele ympärillesi: voitko huomata mitään vajavaisuutta?</p>
      <p>
      <span>4</span>Käänny ylt'ympäri ja katsele yhä edelleen, ja katseesi palaa lähtökohtaan pettyneenä ja väsyneenä.</p>
      <p>
      <span>5</span>Olemmehan koristanut koko alimman taivaan valoilla, joista on tullut aseita paholaisia vastaan, näille Me olemme valmistanut helvetin tulen tuskat.</p>
      <p>
      <span>6</span>Niitä, jotka eivät usko Herraansa, odottaa helvetin tuska; kurja on tuo määränpää.</p>
      <p>
      <span>7</span>Kun heidät heitetään sinne, he kuulevat sen pauhun, kun se kiehuu.</p>
      <p>
      <span>8</span>Se on raivoonsa pakahtumaisillaan. Joka kerta, kun sinne heitetään joukko, sen vartijat kysyvät näiltä: »Eikö varoittaja aikanaan tullut luoksenne?»</p>
      <p>
      <span>9</span>Ja he vastaavat: »Kyllä, varoittaja tuli totisesti luoksemme, mutta me torjuimme hänet ja sanoimme: 'Jumala ei ole sinulle ilmoitustaan antanut, olet suuressa harhassa.'»</p>
      <p>
      <span>10</span>Ja he sanovat: »Jos olisimme ottaneet vaarin ja miettineet, emme olisi joutuneet helvetin asukkaiden joukkoon.»</p>
      <p>
      <span>11</span>Niin he tunnustavat syntinsä, mutta etäälle armosta jäävät helvetin tulen asukkaat.</p>
      <p>
      <span>12</span>Niitä varten, jotka salassakin pelkäävät ja kunnioittavat Herraansa, on anteeksiantamus ja suuri palkinto.</p>
      <p>
      <span>13</span>Joko salaatte sanottavanne tai lausutte sen julki, kyllä Herra varmasti tuntee mielenne.</p>
      <p>
      <span>14</span>Eikö Hän sitä tietäisi, joka kaiken loi? Hänhän vähimmänkin havaitsee ja kaiken tajuaa.</p>
      <p>
      <span>15</span>Hän on luonut maan alamaiseksenne, jotta voisitte kävellä sen teillä ja syödä sen antimia. Hänen luokseen johtaa ylösnousemus.</p>
      <p>
      <span>16</span>Oletteko varmat siitä, ettei Hän, joka on yläpuolellanne, anna maan niellä teitä? Katso, se jo vavahtelee!</p>
      <p>
      <span>17</span>Tai oletteko varmat siitä, ettei Hän, joka on teidän yläpuolellanne, lähetä päällenne hirmumyrskyä? Saatte kokea, millainen oli minun varoitukseni.</p>
      <p>
      <span>18</span>On kyllä ollut niitä, jotka ennen heitä ovat väittäneet totuutta valheeksi, mutta millainen olikaan kuritukseni!</p>
      <p>
      <span>19</span>Eivätkö he näe, miten linnut heidän yläpuolellaan levittävät ja kokoovat siipensä? Kuka muu kuin Armahtaja pitää niitä koholla? Hän totisesti näkee kaiken.</p>
      <p>
      <span>20</span>Kuka muu kuin Armahtaja voi teitä auttaa niinkuin suuri sotajoukko? Epäuskoiset ovat sokeita.</p>
      <p>
      <span>21</span>Onko ketään, joka teitä ravitsisi, jos Hän ei antaisi teille elatusta? Mutta he vain jatkavat kapinoimistaan ja vastusteluaan.</p>
      <p>
      <span>22</span>Kumpi voi paremmin seurata johdatusta, sekö, joka ryömii kasvot maata vasten, vai se, joka etenee oikeata tietä pystyssä päin?</p>
      <p>
      <span>23</span>Sano: »Hän on teidät luonut ja antanut teille näön, kuulon ja sydämen. Vähäinen on teidän kiitollisuutenne.»</p>
      <p>
      <span>24</span>Sano: »Hän on teidät levittänyt aina maan ääriin asti, ja Hänen luokseen teidät kootaan yhteen.»</p>
      <p>
      <span>25</span>He sanovat myös: »Milloin on tämä lupaus täyttyvä, jos puheesi on totta?»</p>
      <p>
      <span>26</span>Sano: »Sen tietää Jumala yksin, minä olen vain julkinen varoittaja.»</p>
      <p>
      <span>27</span>Mutta kun he näkevät tuhon olevan lähellä, synkkenevät niiden kasvot, jatka eivät usko, ja kuuluu sana: »Tämä on se, mitä te halusitte.»</p>
      <p>
      <span>28</span>Sano: »Mitä ajattelette? Vaikkapa Jumala tuhoaisi minut ja ne, jotka ovat minun kanssani, tai armahtaisi meidät, kukapa silloinkaan pelastaisi epäuskoiset tuomion kurituksesta?»</p>
      <p>
      <span>29</span>Sano: »Hän on Armahtaja, Me uskomme Häneen ja Häneen Me luotamme; pian saatte tietää, kuka on ilmeisessä harhassa.»</p>
      <p>
      <span>30</span>Sano: »Mitä ajattelisitte, jos jonakin aamuna vetenne valuisi kuiviin? Kuka teille silloin voisi hankkia kirkasta, juoksevaa vettä?»</p>
    </div>
  </body>
</html>
