﻿<?xml version="1.0"?>
<html>
  <head>
    <meta http-equiv="Content-Type" content="text/html; charset=utf-8" />
    <title>Kynän Suura</title>
  </head>
  <body>
    <h1>
    <span>68</span>Kynän suura</h1>
    <div class="johdanto">
      <h2>JOHDANTO:</h2>
      <p>KUUDESKYMMENES KAHDEKSAS SUURA: Kynä (Al-Kalam) Ilmoitettu Mekassa (52 jaetta )</p>
      <p>Al-Kalam , »Kynä», nimi esiintyy ensimmäisessä jakeessa. Suura kuuluu kaikkein varhaisimpiin Mekassa ilmoitettuihin.</p>
    </div>
    <div class="sura">
      <h2>Aloitan JUMALAN, laupiaan Armahtajan, nimeen.</h2>
      <p>
      <span>1</span>Kynän ja sen nimessä, mitä kirjoitetaan!</p>
      <p>
      <span>2</span>Sinä et ole, Herrasi armosta, mikään hourailija,</p>
      <p>
      <span>3</span>vaan totisesti odottaa Sinua ehtymätön palkka,</p>
      <p>
      <span>4</span>ja totisesti on siveellinen mielenlaatusi jalo.</p>
      <p>
      <span>5</span>Pian olet näkevä, ja myöskin he saavat nähdä,</p>
      <p>
      <span>6</span>ketä teistä riivaa hulluus.</p>
      <p>
      <span>7</span>Totisesti tietää Herrasi parhaiten, kuka poikkeaa Hänen tieltään, ja Hän tietää parhaiten, kuka noudattaa johdatusta.</p>
      <p>
      <span>8</span>Älä suostu siis niihin, jotka julistavat totuuden valheeksi!</p>
      <p>
      <span>9</span>He toivovat sinun osoittavan velttoutta, jotta myös he voisivat olla velttoja.</p>
      <p>
      <span>10</span>Älä tottele ainoatakaan halpamaista vannojaa,</p>
      <p>
      <span>11</span>panettelijaa, joka kulkee ympäri pahaa puhuen,</p>
      <p>
      <span>12</span>joka kieltää hyvän, rikkoo lakia ja tekee syntiä,</p>
      <p>
      <span>13</span>joka lisäksi on alhaissyntyinen, röyhkeä ja ahne,</p>
      <p>
      <span>14</span>siksi, että hänellä on rikkautta ja poikia!</p>
      <p>
      <span>15</span>Kun tunnusmerkkimme luetellaan hänelle, hän sanoo: »Muinaisjuttuja.»</p>
      <p>
      <span>16</span>Me painamme pian poltinmerkkimme hänen nenäkkäisiin kasvoihinsa.</p>
      <p>
      <span>17</span>Totisesti koettelemme heitä, niinkuin koettelimme puutarhan omistajia, kun he vannoivat korjaavansa sadon seuraavana päivänä,</p>
      <p>
      <span>18</span>mutta eivät varanneet mitään osuutta (köyhille).</p>
      <p>
      <span>19</span>Silloin Herrasi lähettämä koettelemus kohtasi puutarhaa heidän nukkuessaan,</p>
      <p>
      <span>20</span>niin että se oli musta kuin palon jäljiltä.</p>
      <p>
      <span>21</span>Mutta aamulla kutsuivat he toisiaan</p>
      <p>
      <span>22</span>sanoen: »Kunkin on käytävä varhain pellolleen, jos mieli korjata sato!»</p>
      <p>
      <span>23</span>Ja he lähtivät puhellen hiljaa keskenään:</p>
      <p>
      <span>24</span>»Älkää tänään salliko köyhien tulla jälkikeräykseen.»</p>
      <p>
      <span>25</span>Ja he lähtivät matkaan aamulla tämä itaruus mielessään,</p>
      <p>
      <span>26</span>mutta kun he näkivät mitä oli tapahtunut, he sanoivat: »Varmaankin olemme joutuneet tieltä harhaan.</p>
      <p>
      <span>27</span>Ei, meille tuli kato!»</p>
      <p>
      <span>28</span>Viisain heistä sanoi: »Enkö sanonut teille: 'Ylistäkää Jumalaa.'»</p>
      <p>
      <span>29</span>He vastasivat: »Kunnia Herralle! Totisesti olimme jumalattomia.»</p>
      <p>
      <span>30</span>Ja sitten jotkut heistä kääntyivät päivitellen toistensa puoleen</p>
      <p>
      <span>31</span>ja sanoivat: »Voi meitä! Olemme totisesti rikkoneet;</p>
      <p>
      <span>32</span>ehkä Herra kuitenkin antaa meille jotakin parempaa tämän asemesta; totisesti tahdomme sitä Herraltamme anoa.»</p>
      <p>
      <span>33</span>Sellainen oli rangaistus, mutta tulevan elämän rangaistus on totisesti oleva vielä suurempi. Jospa he sen käsittäisivät!</p>
      <p>
      <span>34</span>Niille, jotka karttavat pahaa, on totisesti valmistettu autuuden puutarhat Herransa luona.</p>
      <p>
      <span>35</span>Onko Meidän kohdeltava Jumalan alamaisia kuten syyllisiä?</p>
      <p>
      <span>36</span>Miten voitte tuomita siten?</p>
      <p>
      <span>37</span>Vai onko teillä kirja, josta voitte lukea,</p>
      <p>
      <span>38</span>että teillä todella on siinä se, mitä pidätte parhaana?</p>
      <p>
      <span>39</span>Vai onko teillä Meidän antamamme valalliset vakuutukset, jotka ovat voimassa myös ylösnousemuksen päivänä, että varmasti saatte mitä kuvittelette?</p>
      <p>
      <span>40</span>Kysy heiltä, Muhammed, kuka heistä uskaltaa mennä tästä takaukseen.</p>
      <p>
      <span>41</span>Vai onko heillä liittolaisia? Anna heidän näyttää liittolaisensa, jos he tarkoittavat totta.</p>
      <p>
      <span>42</span>Päivänä, jolloin he ovat suuressa ahdistuksessa, jolloin heidät kutsutaan rukoukseen lankeamaan, mutta eivät kykene sitä tekemään,</p>
      <p>
      <span>43</span>he seisovat katse maahan luotuina ja kasvot häpeää uhkuen,koska heidät kutsuttiin polvistumaan heidän ollessaan parhaissa voimissaan.</p>
      <p>
      <span>44</span>Siispä jätä Minun pideltävikseni ne, jotka väittävät valheeksi näitä sanomia. Me johdamme heitä askel askeleelta heidän huomaamattaan,</p>
      <p>
      <span>45</span>ja Minä annan heille aikaa; onhan totisesti suunnitelmani järkähtämätön.</p>
      <p>
      <span>46</span>Vai vaaditko, Muhammed, palkkaa heiltä, niin että he velasta rasittuvat?</p>
      <p>
      <span>47</span>Vai onko heillä tieto salatusta, niin että he voivat kirjoittaa sen muistiin?</p>
      <p>
      <span>48</span>Odota sentähden järkkymättömänä Herrasi tuomiota äläkä ole niinkuin kalan nielemä mies, joka huusi murheen vallassa.</p>
      <p>
      <span>49</span>Ellei hänen Herransa armo olisi tullut hänen osakseen, hän olisi hylättynä varmasti sinkoutunut jollekin autiolle rannalle,</p>
      <p>
      <span>50</span>mutta Hänen Herransa valitsi hänet ja asetti hänet vanhurskaitten joukkoon.</p>
      <p>
      <span>51</span>Ne, jotka ovat vaipuneet epäuskoon, olisivat katseillaan sinut lävistäneet, kuullessaan kehoituksesi, he sanoivat: »Totisesti, hän on järjiltään.»</p>
      <p>
      <span>52</span>Mutta Koraani on vain muistutus koko maailmalle.</p>
    </div>
  </body>
</html>
