﻿<?xml version="1.0"?>
<html>
  <head>
    <meta http-equiv="Content-Type" content="text/html; charset=utf-8" />
    <title>Varman Tuhon Suura</title>
  </head>
  <body>
    <h1>
    <span>69</span>Varman Tuhon suura</h1>
    <div class="johdanto">
      <h2>JOHDANTO:</h2>
      <p>KUUDESKYMMENES YHDEKSÄS SUURA: Varma Tuho (Al-Haakka) Ilmoitettu Mekassa (52 jaetta )</p>
      <p>Al-Haakka , »Varma tuho»; nimi (toistuu kolmessa ensimmäisessä jakeessa.</p>
      <p>Kuuluu Mekassa ilmoitettujen suurain keskiryhmään.</p>
    </div>
    <div class="sura">
      <h2>Aloitan JUMALAN, laupiaan Armahtajan, nimeen.</h2>
      <p>
      <span>1</span>Varma tuho!</p>
      <p>
      <span>2</span>Mikä on varma tuho?</p>
      <p>
      <span>3</span>Ja miten saisi sinut käsittämään, mikä varma tuho on?</p>
      <p>
      <span>4</span>Tamuud ja Aad väittivät, ettei tuomiopäivää tule.</p>
      <p>
      <span>5</span>Tamuudin kansan tuhosi ärjyvä ukonilma,</p>
      <p>
      <span>6</span>Aadin tuhosi raivoisa tuuli, joka puhalsi tavattomalla voimalla;</p>
      <p>
      <span>7</span>se raivosi heidän keskuudessaan seitsemän yötä ja seitsemän päivää suurella voimalla, niin että olisit voinut nähdä ihmisten kaatuvan maahan kuin palmujen ontot rungot.</p>
      <p>
      <span>8</span>Näetkö heistä jälkeäkään?</p>
      <p>
      <span>9</span>Farao ja ne, jotka elivät ennen häntä, sekä hävitetyt kaupungit tekivät myös syntiä</p>
      <p>
      <span>10</span>ollen tottelemattomia Herransa sananjulistajalle; siksi Hän kuritti heitä väkevin ottein.</p>
      <p>
      <span>11</span>Kun vesi tulvi, Me totisesti annoimme laivan kantaa teitä,</p>
      <p>
      <span>12</span>teille ojennukseksi ja jotta kuunteleva korva vaarin ottaisi ja muistaisi sen.</p>
      <p>
      <span>13</span>Kun, puhalletaan yhden ainoan kerran pasuunaan</p>
      <p>
      <span>14</span>ja maa sekä vuoret kohoavat ja sitten yht'äkkiä vaipuvat murskattuina alas,</p>
      <p>
      <span>15</span>sinä päivänä on suuri tuho tapahtuva,</p>
      <p>
      <span>16</span>taivas repeää; sinä päivänä se syöksyy alas.</p>
      <p>
      <span>17</span>Enkeleitä on oleva ylt'ympäri, ja kahdeksan heistä kantaa yläpuolellaan Herrasi valtaistuinta.</p>
      <p>
      <span>18</span>Sinä päivänä teidät tuodaan oikeuden eteen, ja yksikään salaisuutenne ei voi jäädä kätköön.</p>
      <p>
      <span>19</span>Se, jolle kirja on annettu hänen oikeaan käteensä, sanoo: »Tulkaa ja lukekaa kirjani!</p>
      <p>
      <span>20</span>Totisesti uskon, että koittaa tilinteon päivä.»</p>
      <p>
      <span>21</span>Ja hän on saava mieluisan elämän,</p>
      <p>
      <span>22</span>ihanassa puutarhassa,</p>
      <p>
      <span>23</span>jossa hedelmät ovat käden ulottuvilla.</p>
      <p>
      <span>24</span>»Syökää ja juokaa mielenne mukaan palkaksi siitä, mitä olette tehneet menneinä päivinä!»</p>
      <p>
      <span>25</span>Ja hän, jolle kirja on annettu vasempaan käteen, sanoo: »Oi, jospa en olisi kirjaani milloinkaan saanut,</p>
      <p>
      <span>26</span>ja jospa en olisi koskaan joutunut kokemaan, mitä tilinteko on!</p>
      <p>
      <span>27</span>Oi, jospa kuolema olisi ollut kaiken loppu!</p>
      <p>
      <span>28</span>Rikkauteni ei minua lainkaan hyödytä,</p>
      <p>
      <span>29</span>valtani on minulta häipynyt.»</p>
      <p>
      <span>30</span>»Ottakaa hänet, sitokaa hänet</p>
      <p>
      <span>31</span>ja heittäkää sitten helvettiin!</p>
      <p>
      <span>32</span>Kytkekää hänet kahleisiin, joiden pituus on seitsemänkymmentä kyynärää!</p>
      <p>
      <span>33</span>Totisesti, hän ei uskonut Jumalaan, suureen,</p>
      <p>
      <span>34</span>eikä kehoittanut ravitsemaan köyhiä;</p>
      <p>
      <span>35</span>sentähden hänellä ei ole yhtään ystävää tuona päivänä</p>
      <p>
      <span>36</span>eikä muuta ruokaa kuin likavesi,</p>
      <p>
      <span>37</span>jota vain jumalattomat nielevät.»</p>
      <p>
      <span>38</span>Mutta ei! Vannon kaiken sen nimessä, mitä näette</p>
      <p>
      <span>39</span>ja mitä eivät silmänne näe:</p>
      <p>
      <span>40</span>Totisesti, se on kunnioitettavan sananjulistajan sana</p>
      <p>
      <span>41</span>eikä mitään runoilijan puhetta - vähän te uskotte -</p>
      <p>
      <span>42</span>ei se liioin ole mitään ennustelijan puhetta - vähän te käsitätte -</p>
      <p>
      <span>43</span>se on ilmoitus Jumalalta, maailman Herralta.</p>
      <p>
      <span>44</span>Ja jos profeetta olisi sepitellyt runoja Meistä,</p>
      <p>
      <span>45</span>olisimme totisesti tarttunut häntä oikeaan käteen</p>
      <p>
      <span>46</span>ja katkaissut häneltä suuren valtasuonen,</p>
      <p>
      <span>47</span>teidän kenenkään voimatta Meitä siitä estää.</p>
      <p>
      <span>48</span>Tämä on totisesti muistutus niille, jotka karttavat pahaa.</p>
      <p>
      <span>49</span>Ja Me totisesti tiedämme, että joukossanne on sellaisia, jotka julistavat totuuden valheeksi,</p>
      <p>
      <span>50</span>ja totisesti tuleva tuomio on surkea asia epäuskoisille,</p>
      <p>
      <span>51</span>mutta se on totisesti varma todellisuus.</p>
      <p>
      <span>52</span>Ylistä siis Herrasi, suuren, nimeä!</p>
    </div>
  </body>
</html>
