﻿<?xml version="1.0"?>
<html>
  <head>
    <meta http-equiv="Content-Type" content="text/html; charset=utf-8" />
    <title>Nousevien Portaiden Suura</title>
  </head>
  <body>
    <h1>
    <span>70</span>Nousevien Portaiden suura</h1>
    <div class="johdanto">
      <h2>JOHDANTO:</h2>
      <p>SEITSEMÄSKYMMENES SUURA: Nousevat Portaat (Al-Maáridz) Ilmoitettu Mekassa (44 jaetta )</p>
      <p>Al-Maáridz, »Nousevat portaat», nimi johtuu sanasta, joka,esiintyy kolmannessa jakeessa.</p>
      <p>Kuuluu varhaiseen mekkalaiseen ryhmään.</p>
    </div>
    <div class="sura">
      <h2>Aloitan JUMALAN, laupiaan Armahtajan, nimeen.</h2>
      <p>
      <span>1</span>Eräs tiedonhaluinen kyseli, millainen on kuritus, joka on tuleva</p>
      <p>
      <span>2</span>epäuskoisten osaksi. Ei kukaan voi sitä estää.</p>
      <p>
      <span>3</span>Se tulee Jumalalta, nousevain portaitten Herralta.</p>
      <p>
      <span>4</span>Enkelit ja henki nousevat Hänen tykönsä päivänä, jonka pituus on viisikymmentä tuhatta vuotta.</p>
      <p>
      <span>5</span>Osoita siis jaloa kestävyyttä!</p>
      <p>
      <span>6</span>He kuvittelevat sen olevan kaukana,</p>
      <p>
      <span>7</span>mutta Me näemme sen läheltä.</p>
      <p>
      <span>8</span>Sinä päivänä, jolloin taivas on oleva kuin sulaa kuparia</p>
      <p>
      <span>9</span>ja vuoret kuin villaa,</p>
      <p>
      <span>10</span>jolloin ystävä ei kysy ystävää,</p>
      <p>
      <span>11</span>vaikka he näkevät toisensa. Syyllinen toivoisi tuona päivänä vapautuvansa vaivasta uhraamalla lapsensa,</p>
      <p>
      <span>12</span>vaimonsa ja veljensä,</p>
      <p>
      <span>13</span>sukulaisensa, jotka antoivat hänelle suojaa,</p>
      <p>
      <span>14</span>jopa kaikki, jotka maan päälle on luotu, kunhan hän niiden avulla lunastaisi itsensä.</p>
      <p>
      <span>15</span>Ei mitenkään! Sillä katso, tämä on leimuava liekki,</p>
      <p>
      <span>16</span>joka raastaa pois ihon</p>
      <p>
      <span>17</span>ja vaatii omakseen sen, joka kääntyi pois ja pakeni</p>
      <p>
      <span>18</span>ja joka ahnaasti kokosi rikkautta.</p>
      <p>
      <span>19</span>Totisesti on ihminen luotu epävakaiseksi mieleltään:</p>
      <p>
      <span>20</span>Kun jokin paha kohtaa häntä, hän on kärkäs valittamaan,</p>
      <p>
      <span>21</span>mutta kun jotakin hyvää annetaan hänen osalleen, hän on kiittämätön,</p>
      <p>
      <span>22</span>lukuunottomatta niitä, jotka rukoilevat,</p>
      <p>
      <span>23</span>jotka uskollisesti suorittavat rukouksensa,</p>
      <p>
      <span>24</span>niitä, joiden rikkaudessa on määrätty osa</p>
      <p>
      <span>25</span>kerjäläistä ja osatonta varten;</p>
      <p>
      <span>26</span>niitä, jotka uskovat tuomion päivään,</p>
      <p>
      <span>27</span>ja jotka pelkäävät Herransa kuritusta</p>
      <p>
      <span>28</span>ei kukaan, totisesti, saata säästyä kuritukselta, joka on heidän Herraltansa tuleva,</p>
      <p>
      <span>29</span>sekä lukuunottamatta niitä, jotka hillitsevät halujaan</p>
      <p>
      <span>30</span>paitsi vaimojensa ja orjattariensa suhteen, koska heissä silloin ei ole moittimista.</p>
      <p>
      <span>31</span>Toisin on niiden, jotka pyrkivät ylittämään tämän, sillä ne ovat lain rikkojia.</p>
      <p>
      <span>32</span>Ne, jotka ovat rehellisiä sopimuksissaan ja siinä, mitä heidän huostaansa on uskottu,</p>
      <p>
      <span>33</span>jotka ovat vilpittömiä todistaessaan</p>
      <p>
      <span>34</span>ja jotka ahkeroivat hartauden harjoituksissa,</p>
      <p>
      <span>35</span>saavat elää paratiisin kunniassa.</p>
      <p>
      <span>36</span>Mutta mitä ajattelevat uskottomat, jotka avosilmin rientävät sinun edelläsi,</p>
      <p>
      <span>37</span>oikealta ja vasemmalta, ryhmä toisensa jälkeen?</p>
      <p>
      <span>38</span>Kuvitteleeko heistä kukin pääsevänsä autuuden puutarhaan?</p>
      <p>
      <span>39</span>Totisesti ei! Totisesti he tietävät, mistä Me olemme luonut heidät.</p>
      <p>
      <span>40</span>Mutta ei! Vannon idän ja lännen Herran nimessä: »Totisesti Me voimme</p>
      <p>
      <span>41</span>nostaa heidän sijalleen ne, jotka ovat heitä paremmat, eikä Meitä voi tästä mikään estää.</p>
      <p>
      <span>42</span>Anna siis heidän jäädä turhien puheittensa varaan ja laskea leikkiä, kunnes heitä katsoo silmästä silmään se päivä, joka on heille ennustettu.</p>
      <p>
      <span>43</span>Sinä päivänä he tulevat esiin haudoistaan kiirehtien, aivan kuin maalia kohti kiitäen,</p>
      <p>
      <span>44</span>silmät maahan luotuina, häpeän valtaamina. Tämä on se päivä, joka heille ennustettiin.</p>
    </div>
  </body>
</html>
