﻿<?xml version="1.0"?>
<html>
  <head>
    <meta http-equiv="Content-Type" content="text/html; charset=utf-8" />
    <title>Nooan Suura</title>
  </head>
  <body>
    <h1>
    <span>71</span>Nooan suura</h1>
    <div class="johdanto">
      <h2>JOHDANTO:</h2>
      <p>SEITSEMÄSKYMMENES ENSIMMÄINEN SUURA: Nooa (Nuuh) Ilmoitettu Mekassa (28 jaetta )</p>
      <p>Nuuh, »Nooa»; nimi johtuu sisällöstä, profeetta Nooan saarnasta. Kuuluu varhaiseen mekkalaiseen ryhmään.</p>
    </div>
    <div class="sura">
      <h2>Aloitan JUMALAN, laupiaan Armahtajan, nimeen.</h2>
      <p>
      <span>1</span>Totisesti Me lähetimme Nooan oman kansansa eteen sanoen: »Varoita kansaasi, ennenkuin tuskallinen rangaistus sen yllättää!»</p>
      <p>
      <span>2</span>Hän julisti: »Kansa, totisesti olen julkinen varoittajasi.</p>
      <p>
      <span>3</span>Palvelkaa Jumalaa, tarkoin täyttäen velvollisuutenne Häntä kohtaan, ja olkaa kuuliaisia minulle,</p>
      <p>
      <span>4</span>niin Hän antaa teille syntinne anteeksi ja myöntää teille armonaikaa. Mutta totisesti, kun Jumalan määräaika täyttyy, ei sitä voida pitkittää. Kunpa sen uskoisitte!»</p>
      <p>
      <span>5</span>Hän sanoi: »Herra, katso, olen vedonnut kansaani päivin ja öin,</p>
      <p>
      <span>6</span>mutta saarnani on heissä vain lisännyt vastahakoisuutta.</p>
      <p>
      <span>7</span>Ja katso, vaikka kuinka usein olisin heitä kutsunut, jotta Sinä voisit antaa heille anteeksi, tukkivat he sormin korvansa ja kietoutuvat vaatteisiinsa torjuen kaiken itsepintaisesti ja paisuen ylpeydessään.</p>
      <p>
      <span>8</span>Silloin totisesti saarnasin heille äänekkäästi</p>
      <p>
      <span>9</span>huusin kaikkien kuullen, haastoinpa heille myös kahden kesken</p>
      <p>
      <span>10</span>sanoen: 'Pyytäkää Herraltanne anteeksiantoa - Hän on totisesti armahtavainen -</p>
      <p>
      <span>11</span>Hän lähettää päällenne pilvet ja runsaan sateen,</p>
      <p>
      <span>12</span>enentää teille rikkautta ja lapsia sekä luo teitä varten paratiisin virtoineen.</p>
      <p>
      <span>13</span>Miksi ette pyydä armolahjoja Jumalalta?</p>
      <p>
      <span>14</span>Totisesti, Hänhän on luonut teidät eri vaiheiden kautta.</p>
      <p>
      <span>15</span>Ettekö näe, kuinka Jumala on luonut seitsemän taivasta toinen toisensa yläpuolelle?</p>
      <p>
      <span>16</span>Hän on myös asettanut niille kuun valoksi ja auringon lampuksi.</p>
      <p>
      <span>17</span>Jumala on kasvattanut teidät maasta,</p>
      <p>
      <span>18</span>Hän käskee teidän myöskin palata siihen ja antaa teille ylösnousemuksen.</p>
      <p>
      <span>19</span>Teitä varten Jumala on levittänyt maan ääret</p>
      <p>
      <span>20</span>vaeltaaksenne sen avarilla teillä.'»</p>
      <p>
      <span>21</span>Nooa sanoi: »Herra, totisesti he ovat olleet minua kohtaan uppiniskaisia ja pitäneet niitä esikuvinaan, joiden rikkaus ja lapset vain lisäävät heidän turmelustaan.</p>
      <p>
      <span>22</span>He ovat punoneet monia juonia</p>
      <p>
      <span>23</span>ja sanovat: 'Älkää suinkaan hylätkö jumalianne, Waddia ja Suwaa, Jaguutia, Jaukia ja Nasria!'</p>
      <p>
      <span>24</span>Näin he ovat totisesti johtaneet monia harhaan, ja villitys käy yhä suuremmaksi jumalattomien keskuudessa.»</p>
      <p>
      <span>25</span>Heidät hukutettiin vääryyksiensä tähden, ja heidän oli käytävä tuleen, eikä heillä ollut muita auttajia kuin Jumala.</p>
      <p>
      <span>26</span>Ja Nooa sanoi: »Herra, älä jätä maan päälle ainoatakaan jumalatonta asumaan!</p>
      <p>
      <span>27</span>Totisesti, jos säästät heistä ketään, he johtavat palvelijasi harhaan ja siittävät irstaita ja epäuskoisia jälkeläisiä.</p>
      <p>
      <span>28</span>Herra, anna anteeksi minulle ja vanhemmilleni; niin myös jokaiselle, joka uskossa astuu talooni, sekä kaikille uskoville, miehille ja naisille! Mutta jumalattomille tuota turmio!»</p>
    </div>
  </body>
</html>
