﻿<?xml version="1.0"?>
<html>
  <head>
    <meta http-equiv="Content-Type" content="text/html; charset=utf-8" />
    <title>Dzinnien Suura</title>
  </head>
  <body>
    <h1>
    <span>72</span>Dzinnien suura</h1>
    <div class="johdanto">
      <h2>JOHDANTO:</h2>
      <p>SEITSEMÄSKYMMENES TOINEN SUURA: Dzinnit (Al-Dzinn) Ilmoitettu Mekassa (28 jaetta )</p>
      <p>Al-Dzinn , saa nimensä ensimmäisessä jakeessa esiintyvästä sanasta sekä jakeitten 1-18 sisällöstä. Dzinni-sanan merkitys Koraanissa on askarruttanut sekä muinaisten että nykyisten islaamilaisten selittäjien ajatuksia. Madrasilainen Ja'kub Hasan osoittaa hindustaninkielisessä teoksessaan, että dzinnillä on ainakin kolme merkitystä Koraanissa ja että yksi näistä merkityksistä suunnilleen tarkoittaa »älykkäitä ulkomaalaisia», jollaisia olivat ne dzinnit, jotka työskentelivät Salomon hyväksi. Mutta epäilemättä sanan alkuperäinen ja ilmeinen merkitys on »luonnonvoimien henget», joille yhtä hyvin kuin ihmiskunnallekin Koraani annettiin opastukseksi. - Tämän ilmoituksen sanotaan tapahtuneen Profeetan palatessa epäonnistuneelta lähetysmatkaltaan Taaifista.</p>
      <p>Kuuluu Mekassa ilmoitettujen suurain myöhäiseen ryhmään.</p>
    </div>
    <div class="sura">
      <h2>Aloitan JUMALAN, laupiaan Armahtajan, nimeen.</h2>
      <p>
      <span>1</span>Sano: »Minulle on ilmoitettu, että osa dzinneistä kuunteli ja sanoi: 'Totisesti olemme kuulleet luettavan ihmeellistä Koraania,</p>
      <p>
      <span>2</span>joka ohjaa oikeaan, ja me uskomme siihen emmekä koskaan tahdo asettaa ketään muuta Jumalamme rinnalle.</p>
      <p>
      <span>3</span>Totisesti Hän ei - ääretön on Herramme majesteetti - ole ottanut vaimoa eikä lasta.</p>
      <p>
      <span>4</span>Vain mielettömät joukostamme sepittävät sopimattomia asioita Jumalasta;</p>
      <p>
      <span>5</span>totisesti ajattelimme, etteivät ihmiset eivätkä dzinnit lausuisi valhetta Jumalaa vastaan,</p>
      <p>
      <span>6</span>ja että ihmisten joukosta muutamilla oli tapana paeta eräiden dzinnien turviin, ja nämä yllyttivät heitä pöyhkeyteen.</p>
      <p>
      <span>7</span>Totisesti he luulivat aivan niin kuin te, että Jumala ei herätä ketään kuolleista.</p>
      <p>
      <span>8</span>(ja Koraania kuulleet dzinnit lisäsivät:) Me todellakin etsimme nousua taivaaseen, mutta havaitsimme sen olevan täynnä voimakkaita vartijoita ja liekkejä.</p>
      <p>
      <span>9</span>Katso, meillä oli tapana istua muutamilla paikoilla kuullaksemme, mutta se, joka nyt yrittää kuunnella, kohtaa hänelle varatun liekin.</p>
      <p>
      <span>10</span>Emmekä todella tiedä, onko se pahaa, mikä on tarkoitettu maan päällä eläville, vai tarkoittaako heidän Herransa heille oikeaa ohjausta.</p>
      <p>
      <span>11</span>Totisesti on joukossamme niitä, jotka ovat hyviä, ja myös sellaisia, jotka eivät ole; me olemme jakaantuneet eri lahkokuntiin.</p>
      <p>
      <span>12</span>Katso, me uskomme, ettemme milloinkaan voi päästä Jumalaa pakoon täällä maan päällä, emmekä pääse Hänestä lentämälläkään.</p>
      <p>
      <span>13</span>Totisesti uskoimme johdatukseen, kun saimme kuulla sen; ja sen, joka uskoo Herraan, ei tarvitse pelätä tappiota eikä yllättävää pahaa.</p>
      <p>
      <span>14</span>Joukostamme ovat eräät totisesti Herralle alistuneita muslimeja, ja toiset jumalattomia. Ne, jotka ovat muslimeja, ovat niitä, joiden päämääränä on vanhurskaus.</p>
      <p>
      <span>15</span>Mitä taasen tulee jumalattomiin, kuluttaa heidät helvetin tuli.</p>
      <p>
      <span>16</span>(Sano myös:) Jos he pysyvät oikealla tiellä, me annamme heille juomavettä runsain määrin</p>
      <p>
      <span>17</span>koetellaksemme heitä siten; mutta jos joku kääntyy pois unohtaen Herransa, valmistaa Hän hänelle loppumattoman vaivan.</p>
      <p>
      <span>18</span>Totisesti, temppelit kuuluvat Jumalalle, älkää siis huutako avuksi ketään muuta kuin Jumalaa!</p>
      <p>
      <span>19</span>Ja kun Jumalan palvelija nousi huutaen Hänen puoleensa, olivat he vähällä tallata hänet tungoksessa.</p>
      <p>
      <span>20</span>Sano: »Minä käännyn vain Herrani puoleen enkä aseta ketään Hänen rinnalleen.»</p>
      <p>
      <span>21</span>Sano: »Totisesti, minulla ei ole valtaa tuottaa teille pahaa eikä hyvää.»</p>
      <p>
      <span>22</span>Sano: »Totisesti, ei kukaan voi puolustaa minua asettuen Jumalaa vastaan, eikä minulla ole muuta turvapaikkaa kuin Hänen tykönään;</p>
      <p>
      <span>23</span>julistan vain Jumalan ilmoituksen ja Hänen sanomansa.» Jos joku ei noudata Jumalan ja Hänen sananjulistajansa tahtoa, odottaa häntä totisesti helvetin tuli, ja hänen on iäti oltava siinä,</p>
      <p>
      <span>24</span>aina siksi, kunnes ihmiset saavat kokea sen, millä heitä uhattiin, ja tulevat tuntemaan, kumman auttaja on heikompi ja lukumäärältään vähäisempi.</p>
      <p>
      <span>25</span>Sano: »En tiedä, onko jo lähellä se, millä teitä on uhattu, vai onko Herra siirtänyt sen määräajaksi.</p>
      <p>
      <span>26</span>Hän tietää silmiltä salatut, mutta ei ilmoita salaisuuksiaan muille</p>
      <p>
      <span>27</span>paitsi valitsemalleen sananjulistajalle, ja tälle Hän asettaa suojelijan käymään hänen edellään ja samoin hänen jäljessään</p>
      <p>
      <span>28</span>ollakseen varma, että he todella ovat julistaneet Herransa sanoman; Hän käsittää kaiken, mitä heissä on, ja Hän pitää lukua kaikesta.»</p>
    </div>
  </body>
</html>
