﻿<?xml version="1.0"?>
<html>
  <head>
    <meta http-equiv="Content-Type" content="text/html; charset=utf-8" />
    <title>Vaippaansa Kääriytyneen Suura</title>
  </head>
  <body>
    <h1>
    <span>73</span>Vaippaansa Kääriytyneen suura</h1>
    <div class="johdanto">
      <h2>JOHDANTO:</h2>
      <p>SEITSEMÄSKYMMENES KOLMAS SUURA: Vaippaansa Kääriytynyt (Al-Muzzammil) Ilmoitettu Mekassa (20 jaetta )</p>
      <p>Al-Muzzammil , »Vaippaansa kääriytynyt»; nimi johtuu sanonnasta ensimmäisessä jakeessa. Ensimmäisen hurmionsa ja näkynsä jälkeen Profeetta meni vaimonsa Khadidzan luo ja käski tämän kääriä hänet vaippoihin, ja se oli jälkeenpäinkin hänen tapansa sellaisessa tapauksessa, ainakin alkuaikoina Mekassa.</p>
      <p>Suura kuuluu kaikkein varhaisimpiin Mekan kaudelta, paitsi viimeinen jae, jota kaikki selittäjät pitävät medinalaisena.</p>
    </div>
    <div class="sura">
      <h2>Aloitan JUMALAN, laupiaan Armahtajan, nimeen.</h2>
      <p>
      <span>1</span>Sinä, joka olet vaippaan kääriytynyt,</p>
      <p>
      <span>2</span>nouse yöllä rukoilemaan leväten vain vähän;</p>
      <p>
      <span>3</span>valvo puolet yöstä, tai vähennä siitä hetkinen,</p>
      <p>
      <span>4</span>tai lisää siihen vähän ja lue selvästi ja tasaisesti Koraania.</p>
      <p>
      <span>5</span>Totisesti ilmoitamme sinulle tärkeän sanan.</p>
      <p>
      <span>6</span>Yöhartaudet ovat totisesti parhain keino itsensä voittamiseen ja paras tapa hallita puhettaan.</p>
      <p>
      <span>7</span>Sillä sinulla on työtä päivät pitkät.</p>
      <p>
      <span>8</span>Muista siis Herrasi nimeä öisin ja antaudu kaikella hartaudella palvomaan Häntä</p>
      <p>
      <span>9</span>idän ja lännen Herraa, jota paitsi ei ole muuta jumalaa; omaksu siis Hänet suojelijaksesi!</p>
      <p>
      <span>10</span>Ole myös järkkymätön huolimatta siitä, mitä he sanovat, ja karta heitä sopivalla tavalla!</p>
      <p>
      <span>11</span>Jätä Minun huostaani ne, jotka väittävät totuutta valheeksi ja elävät yltäkylläisyydessä, ja myönnä heille vähän armonaikaa!</p>
      <p>
      <span>12</span>Totisesti, Meillä on heidän varalleen kahleet ja helvetin tuli,</p>
      <p>
      <span>13</span>ruoka, joka tukkii kurkun, sekä tuskallinen kuritus</p>
      <p>
      <span>14</span>sinä päivänä, jolloin maa ja vuoret vapisevat, jolloin vuoret muuttuvat lentäväksi hiekaksi.</p>
      <p>
      <span>15</span>Totisesti olemme lähettänyt luoksenne julistajan, joka todistaa teitä vastaan, niinkuin lähetimme sananjulistajan faraon tykö.</p>
      <p>
      <span>16</span>Mutta farao ei totellut sanansaattajaa, ja sentähden tartuimme häneen kovalla kädellä.</p>
      <p>
      <span>17</span>Kuinka te uskottomat aiotte pelastaa itsenne, kun ette usko päivään, joka saa lastenkin hiukset harmaaksi?</p>
      <p>
      <span>18</span>Sinä päivänä taivas repeytyy kappaleiksi, mutta Hänen lupauksensa täyttyy.</p>
      <p>
      <span>19</span>Totisesti tämä on kehoitus, salli siis sen, joka haluaa, löytää tie Herransa tykö.</p>
      <p>
      <span>20</span>Totisesti Herrasi tietää, että sinä valvot miltei kaksi kolmannesta yöstä, joskus puolet siitä tai joskus kolmanneksen, ja että samoin tekee osa seuraajistasi. Jumala mittaa yön ja päivän. Hän tietää, että teidän voimanne ei siihen riitä; siksi Hän kääntyy puoleenne armollisesti. Lukekaa siis Koraania, sitä, mikä siinä on helppotajuista. Hän tietää, että jotkut joukostanne ovat sairaita ja toiset ovat vaelluksella etsien Jumalan armoa, ja vielä on toisia, jotka taistelevat Jumalan tiellä. Lukekaa siis, mitä siinä on helppoa, mutta harrastakaa rukoilemista ja antakaa säädetyt almut sekä Jumalalle mieluisa uhri, sillä kaiken hyvän, minkä teette sielujenne puolesta, te saatte Jumalalta takaisin parempana ja suurempana. Ja pyytäkää Jumalalta anteeksiantoa! Jumala on totisesti anteeksiantava, armollinen.</p>
    </div>
  </body>
</html>
