﻿<?xml version="1.0"?>
<html>
  <head>
    <meta http-equiv="Content-Type" content="text/html; charset=utf-8" />
    <title>Viittaan Kiedotun Suura</title>
  </head>
  <body>
    <h1>
    <span>74</span>Viittaan Kiedotun suura</h1>
    <div class="johdanto">
      <h2>JOHDANTO:</h2>
      <p>SEITSEMÄSKYMMENES NELJÄS SUURA: Viittaan kiedottu (Al-Muddaththir) Ilmoitettu Mekassa Medinassa (56 jaetta )</p>
      <p>Al-Muddaththir , »Viittaan kiedottu»; nimi johtuu ensimmäisessä jakeessa olevasta sanonnasta. Profeetalla oli tapana kääriytyä viittaansa hurmiotilojensa aikana. Perimätiedon mukaan jonkin verran aikaa - noin kuusi kuukautta - kului ensimmäisen ilmoituksen (XCVI suura, jakeet 1-5) ja toisen eli tämän suuran välillä. Silloin Profeetan taas yllätti sama enkeli, joka oli ilmestynyt hänelle Hirah-vuorella. Hän kietoutui viittaansa, ja tämä suura ilmoitettiin hänelle. Toinen mielipide on se, että hän tämän suuran nojalla sai käskyn julkisesti julistaa islaamia saarnattuaan siihen saakka vain yksityisesti perheensä ja läheisimpien ystäviensä keskuudessa. Hänen sanotaan aloittaneen julkisen saarnaamisensa kolme vuotta kutsumuksensa jälkeen.</p>
      <p>Kummassakin tapauksessa tämä suura kuuluu kaikkein varhaisimpiin Mekassa ilmoitettuihin.</p>
    </div>
    <div class="sura">
      <h2>Aloitan JUMALAN, laupiaan Armahtajan, nimeen.</h2>
      <p>
      <span>1</span>Sinä, joka olet viittaan kiedottu,</p>
      <p>
      <span>2</span>nouse ja varoita,</p>
      <p>
      <span>3</span>ylistä Herraasi,</p>
      <p>
      <span>4</span>puhdista vaatteesi,</p>
      <p>
      <span>5</span>karta epäpuhdasta,</p>
      <p>
      <span>6</span>älä jaa antimia saadaksesi ne runsaampina takaisin,</p>
      <p>
      <span>7</span>vaan pysy lujana Jumalan asiassa.</p>
      <p>
      <span>8</span>Sillä kun pasuunaan puhalletaan,</p>
      <p>
      <span>9</span>on se päivä oleva ankara päivä,</p>
      <p>
      <span>10</span>epäuskoisille kaikkea muuta kuin otollinen.</p>
      <p>
      <span>11</span>Jätä Minun huostaani hänet, jonka olen luonut,</p>
      <p>
      <span>12</span>jolle olen antanut runsaasti rikkauksia</p>
      <p>
      <span>13</span>ja poikia silmien iloksi,</p>
      <p>
      <span>14</span>jonka asioita olen parhain päin sovitellut</p>
      <p>
      <span>15</span>ja joka vain haluaa yhä enemmän.</p>
      <p>
      <span>16</span>Mutta totisesti ei! Sillä hän uhmaa tunnusmerkkejämme;</p>
      <p>
      <span>17</span>Minä panen hänen kestettäväkseen raskaan kurituksen.</p>
      <p>
      <span>18</span>Kylläpä hän mietti ja mietti;</p>
      <p>
      <span>19</span>voi, miten hän harkitsikaan!</p>
      <p>
      <span>20</span>Ja kuinka hän punnitsi mielessään!</p>
      <p>
      <span>21</span>Sitten hän katsahti ympärilleen,</p>
      <p>
      <span>22</span>sitten rypisti otsaansa ja näytti tuimalta,</p>
      <p>
      <span>23</span>sitten hän kääntyi pois ja paisui ylpeydestä</p>
      <p>
      <span>24</span>ja sanoi: »Tämä on pelkkää opittua noituutta,</p>
      <p>
      <span>25</span>pelkkiä sanoja kuolevaisen suusta.»</p>
      <p>
      <span>26</span>Minä syöksen hänet helvetin liekkeihin.</p>
      <p>
      <span>27</span>Mutta kuinka saisin sinut käsittämään, mikä tuo palo on?</p>
      <p>
      <span>28</span>Se ei jätä jäljelle mitään eikä säästä ketään;</p>
      <p>
      <span>29</span>se kärventää kuolevaisen kokonaan,</p>
      <p>
      <span>30</span>ja sen yläpuolella on yhdeksäntoista.</p>
      <p>
      <span>31</span>Tulen vartijoiksi asetimme vain enkeleitä, ja heidän lukunsa asetimme vain koetukseksi niille, jotka eivät usko, jotta ne, joille on annettu Pyhä kirja, olisivat varmoja, ja ne, jotka uskovat, kasvaisivat uskossa; jotta Pyhän kirjan saaneet sekä uskovaiset eivät epäilisi, ja taasen ne, joiden sydämissä on sairaus ja epäusko, sanoisivat: »Mitä tarkoittaa Jumala tällä vertauksella?» Näin johtaa Jumala harhaan kenet haluaa ja ohjaa ketä mielii, eikä Herrasi sotajoukkoja tunne kukaan muu kuin Hän itse, tämä on vain muistutus kuolevaisille.</p>
      <p>
      <span>32</span>Ei milloinkaan!</p>
      <p>
      <span>33</span>Vakuutan kuun ja valkenevan yön nimessä</p>
      <p>
      <span>34</span>sekä aamun nimessä, kun sen valkeus sarastaa:</p>
      <p>
      <span>35</span>tämä on totisesti ankarampia asioista,</p>
      <p>
      <span>36</span>varoitus ihmiselle,</p>
      <p>
      <span>37</span>jokaiselle teistä, joka tahtoo päästä eteenpäin tai jäädä jälkeen:</p>
      <p>
      <span>38</span>jokainen sielu on vastuussa teoistaan,</p>
      <p>
      <span>39</span>paitsi ne, jotka ovat (Jumalan) oikealla puolella.</p>
      <p>
      <span>40</span>Ollessaan paratiisissa nämä kyselevät toisiltaan</p>
      <p>
      <span>41</span>syntisten kohtaloa:</p>
      <p>
      <span>42</span>»Mikä on saattanut teidät tulen ruoaksi?»</p>
      <p>
      <span>43</span>Ja nämä vastaavat: »Me emme kuuluneet niihin, jotka rukoilivat,</p>
      <p>
      <span>44</span>emmekä niihin, jotka ruokkivat köyhiä,</p>
      <p>
      <span>45</span>vaan haastoimme joutavia niiden kanssa, jotka turhia puhuivat;</p>
      <p>
      <span>46</span>me pidimme puhetta tuomiopäivästä valheena,</p>
      <p>
      <span>47</span>kunnes kuolema yllätti meidät.»</p>
      <p>
      <span>48</span>Niinpä ei heitä enää hyödytä puolustajain apu.</p>
      <p>
      <span>49</span>Mutta miksi he kääntyvät pois muistuttajasta</p>
      <p>
      <span>50</span>kuin säikkyneet aasit,</p>
      <p>
      <span>51</span>jotka pakenevat kuullessaan leijonan karjunnan?</p>
      <p>
      <span>52</span>Jokainen heistä odottaa erikoiskutsua.</p>
      <p>
      <span>53</span>Mutta eiväthän he pelkää tulevaa elämää.</p>
      <p>
      <span>54</span>Ei! Tämä on totisesti varoitus,</p>
      <p>
      <span>55</span>ja kukin halukas voi painaa sen mieleensä.</p>
      <p>
      <span>56</span>Mutta he eivät tahdo pitää sitä mielessään, ellei se ole Jumalan tahto. Hän ansaitsee kunnioituksen, ja Hänen on anteeksiantamus.</p>
    </div>
  </body>
</html>
