﻿<?xml version="1.0"?>
<html>
  <head>
    <meta http-equiv="Content-Type" content="text/html; charset=utf-8" />
    <title>Ylösnousemuksen Suura</title>
  </head>
  <body>
    <h1>
    <span>75</span>Ylösnousemuksen suura</h1>
    <div class="johdanto">
      <h2>JOHDANTO:</h2>
      <p>SEITSEMÄSKYMMENES VIIDES SUURA: Ylösnousemus (Al-Kiyama) Ilmoitettu Mekassa (40 jaetta )</p>
      <p>Al-Kiyama , »Ylösnousemus», tuli nimeksi sanasta, joka esiintyy ensimmäisessä jakeessa. On varhaismekkalainen suura.</p>
    </div>
    <div class="sura">
      <h2>Aloitan JUMALAN, laupiaan Armahtajan, nimeen.</h2>
      <p>
      <span>1</span>Kutsun todistajaksi ylösnousemuksen päivän,</p>
      <p>
      <span>2</span>kutsun todistajaksi omantunnon soimaavan äänen!</p>
      <p>
      <span>3</span>»Luuleeko ihminen, että Me emme kerran voi koota hänen luitaan?</p>
      <p>
      <span>4</span>Kyllä, Me kykenemme uusimaan täydellisesti hänen sormensakin.»</p>
      <p>
      <span>5</span>Ihminen tuudittaa itsensä epäuskoon tulevan elämän suhteen.</p>
      <p>
      <span>6</span>Hän kysyy: »Milloin ylösnousemuksen päivä koittaa?»</p>
      <p>
      <span>7</span>Mutta kun se päivä sumentaa hänen näkönsä</p>
      <p>
      <span>8</span>ja kuu pimenee,</p>
      <p>
      <span>9</span>kun aurinko ja kuu yhdessä sammuvat,</p>
      <p>
      <span>10</span>sinä päivänä ihminen on sanova: »Missä on paikka, mihin voisin paeta?»</p>
      <p>
      <span>11</span>Ei! Ei ole pakopaikkaa.</p>
      <p>
      <span>12</span>Sinä päivänä on ainoa turvapaikka Jumalan luona.</p>
      <p>
      <span>13</span>Sinä päivänä julistetaan ihmiselle, mitä hän on tehnyt ja mitä laiminlyönyt.</p>
      <p>
      <span>14</span>Ihminen joutuu todistuskappaleeksi omaa itseään vastaan,</p>
      <p>
      <span>15</span>vaikkapa hän miten latelisi puolustelujaan.</p>
      <p>
      <span>16</span>Älä liikuta kieltäsi tyrkyttääksesi heille sitä (Koraania) ennen aikojaan.</p>
      <p>
      <span>17</span>Totisesti Me huolehdimme sen kokoonpanosta ja julkilukemisesta.</p>
      <p>
      <span>18</span>Seuraa siis sitä järjestystä, missä Me sen saatamme julki,</p>
      <p>
      <span>19</span>Sillä Meistähän sen tulkintakin on lähtevä.</p>
      <p>
      <span>20</span>Ei, te ihmiset rakastatte nykyistä elämäänne</p>
      <p>
      <span>21</span>ja lyötte laimin tulevan elämän.</p>
      <p>
      <span>22</span>Sinä päivänä säteilevät muutamien kasvot</p>
      <p>
      <span>23</span>katsoen kohti Herraa,</p>
      <p>
      <span>24</span>ja sinä päivänä synkkenevät toisten ilmeet,</p>
      <p>
      <span>25</span>kun he tietävät, että jotakin tuhoisaa heille tapahtuu.</p>
      <p>
      <span>26</span>Ei, kun sydän nousee kurkkuun</p>
      <p>
      <span>27</span>ja kysytään: »Kuka taikuri nyt pystyy (kaiken torjumaan)?»</p>
      <p>
      <span>28</span>Ja ihminen uskoo, että hänen lähtönsä hetki on tullut</p>
      <p>
      <span>29</span>ja toinen isku tyrmää hänet toisensa jälkeen,</p>
      <p>
      <span>30</span>sinä päivänä käy hänen tiensä kohti Herraa.</p>
      <p>
      <span>31</span>Sillä hän ei uskonut eikä rukoillut,</p>
      <p>
      <span>32</span>vaan sanoi totuutta valheeksi ja käänsi sille selkänsä,</p>
      <p>
      <span>33</span>käyden sitten korskeana omiensa luo.</p>
      <p>
      <span>34</span>Voi sinua, voi!</p>
      <p>
      <span>35</span>Ja vielä! Voi sinua, voi!</p>
      <p>
      <span>36</span>Luuleeko ihminen, että hänen sallitaan kuljeksia ilman määränpäätä?</p>
      <p>
      <span>37</span>Eikö hän (aikanaan) ollut pieni siemenestä kylvetty itu?</p>
      <p>
      <span>38</span>Sitten tuli hänestä hyytynyttä verta; Jumalahan loi hänet ja teki hänet täydelliseksi</p>
      <p>
      <span>39</span>sekä muodosti kaksi sukupuolta, miehen ja naisen.</p>
      <p>
      <span>40</span>Eikö Hän kykene herättämään henkiin kuolleita?</p>
    </div>
  </body>
</html>
