﻿<?xml version="1.0"?>
<html>
  <head>
    <meta http-equiv="Content-Type" content="text/html; charset=utf-8" />
    <title>Ihmisen Suura</title>
  </head>
  <body>
    <h1>
    <span>76</span>Ihmisen suura</h1>
    <div class="johdanto">
      <h2>JOHDANTO:</h2>
      <p>SEITSEMÄSKYMMENES KUUDES SUURA: Ihminen (Al~Insan) Ilmoitettu Mekassa (31 jaetta )</p>
      <p>Al~Insan, tai Ad~Dahr, Ihminen tai Aika; molemmat nimet johtuvat vastaavista sanoista ensimmäisessä jakeessa. On varhaismekkalainen suura.</p>
    </div>
    <div class="sura">
      <h2>Aloitan JUMALAN, laupiaan Armahtajan, nimeen.</h2>
      <p>
      <span>1</span>Eikö ole kulunut pitkä aika, ennenkuin ihmisestä tuli jotakin mainitsemisen arvoista?</p>
      <p>
      <span>2</span>Me olemme totisesti luonut ihmisen siemenestä yhdistäen sen toiseen. Me aiomme kasvattaa häntä, ja niin olemme antanut hänelle kuulon ja näön.</p>
      <p>
      <span>3</span>Totisesti olemme ohjannut hänet polulle, olkoonpa hän kiitollinen tai kiittämätön.</p>
      <p>
      <span>4</span>Totisesti olemme valmistanut uskottomille kahleet ja ketjut sekä helvetin tulen.</p>
      <p>
      <span>5</span>Totisesti saavat hurskaat juoda maljasta, johon on kätketty heidän (sisäinen) vapautuksensa,</p>
      <p>
      <span>6</span>lähteestä, josta Jumalan palvelijat juovat runsain määrin.</p>
      <p>
      <span>7</span>He täyttävät lupauksensa ja pelkäävät päivää, jonka tuho leviää ylt'ympäri;</p>
      <p>
      <span>8</span>rakkaudesta Häneen he ruokkivat köyhää, orpoa ja vangittua.</p>
      <p>
      <span>9</span>»Me ruokimme teitä vain Jumalan tähden; me emme vaadi teiltä palkkaa emmekä kiitosta,</p>
      <p>
      <span>10</span>totisesti pelkäämme surun ja murheen päivää, jonka Herramme lähettää.»</p>
      <p>
      <span>11</span>Siksi Jumala säästää heidät tuon päivän tuholta ja antaa heidän osakseen iloa ja onnea;</p>
      <p>
      <span>12</span>Hän palkitsee heitä heidän lujuutensa tähden paratiisilla ja silkkivaatteilla.</p>
      <p>
      <span>13</span>Näihin puettuina ja leväten nojakorokkeilla he eivät tunne hellettä eivätkä purevaa kylmää,</p>
      <p>
      <span>14</span>vaan puutarhan varjot lepäävät tiheinä heidän yllään, ja sen hedelmät ovat käden ulottuvilla.</p>
      <p>
      <span>15</span>Siellä kiertävät hopeamaljat ja kristallipikarit,</p>
      <p>
      <span>16</span>jotka ovat kuin läpikuultava lasi ja jotka täytetään runsain mitoin.</p>
      <p>
      <span>17</span>He saavat juoda inkiväärillä höystetyn maljan</p>
      <p>
      <span>18</span>lähteestä, jota siellä kutsutaan Salsabiliksi.</p>
      <p>
      <span>19</span>Ja heidän ympärillään liikkuvat ikinuoret olennot, joita nähdessäsi sinusta tuntuu, kuin he olisivat ylt'ympäri siroiteltuja helmiä.</p>
      <p>
      <span>20</span>Ja kun saat nähdä sen, olet näkevä autuuden ja suuren kuningaskunnan.</p>
      <p>
      <span>21</span>Heidän vaatetuksenaan on viheriä, hieno silkki ja paksu, kultakudoksinen sametti. He saavat kantaa hopeaisia rannerenkaita, ja heidän Herransa virvoittaa heitä puhtaalla juomalla.</p>
      <p>
      <span>22</span>Tämä on totisesti oleva palkkanne, sillä ponnistelunne palkitaan.</p>
      <p>
      <span>23</span>Totisesti olemme lähettänyt sinulle tämän Koraanin vähitellen useina ilmoituksina.</p>
      <p>
      <span>24</span>Pysy siis lujana odottaen kärsivällisesti Herrasi tuomiota äläkä tottele ketään syntistä tai kiittämätöntä heidän joukostaan.</p>
      <p>
      <span>25</span>Ylistä Herrasi nimeä aamuin ja illoin!</p>
      <p>
      <span>26</span>Polvistu yön aikana Häntä palvomaan ja ylistä Häntä myöhään yöhön!</p>
      <p>
      <span>27</span>Totisesti muut ihmiset rakastavat tätä maallista elämää eivätkä pidä lukua turmion päivästä.</p>
      <p>
      <span>28</span>Me olemme luonut heidät ja vahvistanut heidän jäsenensä, ja jos tahdomme, voimme heidän sijaansa aikaansaada täysin heidän kaltaisiaan olentoja.</p>
      <p>
      <span>29</span>Totisesti tämä on kehoitus, ja se, joka tahtoo, löytää tien Herransa luokse.</p>
      <p>
      <span>30</span>Mutta teitä se ei miellytä, ellei Jumala kuitenkin niin määrää; totisesti, Jumalan on tieto, viisaus.</p>
      <p>
      <span>31</span>Hän sulkee armoonsa kenet haluaa, mutta jumalattomille Hän on varannut tuskan ja kurituksen.</p>
    </div>
  </body>
</html>
