﻿<?xml version="1.0"?>
<html>
  <head>
    <meta http-equiv="Content-Type" content="text/html; charset=utf-8" />
    <title>Edelläkävijöiden Suura</title>
  </head>
  <body>
    <h1>
    <span>77</span>Edelläkävijöiden suura</h1>
    <div class="johdanto">
      <h2>JOHDANTO:</h2>
      <p>SEITSEMÄSKYMMENES SEITSEMÄS SUURA: Edelläkävijät (Al-Mursalaat) Ilmoitettu Mekassa (50 jaetta )</p>
      <p>Al-Mursalaat, »Edelläkävijät», tuli nimeksi ensimmäisessä jakeessa esiintyvästä sanasta. Jakeitten 1, 2 ja 3 tulkitaan tarkoittavan tuulia, jakeitten 4 ja 5 enkeleitä. Varhaismekkalainen suura.</p>
    </div>
    <div class="sura">
      <h2>Aloitan JUMALAN, laupiaan Armahtajan, nimeen.</h2>
      <p>
      <span>1</span>Edellä käyneitten nimessä, jotka hyvää julistivat,</p>
      <p>
      <span>2</span>niiden nimessä, jotka valhetta loitolle tunkivat,</p>
      <p>
      <span>3</span>niiden, jotka (totuutta) ylt'ympäri kylvivät,</p>
      <p>
      <span>4</span>joilla on (hyvän ja pahan) erottamisen kyky,</p>
      <p>
      <span>5</span>jotka kansaa neuvovat,</p>
      <p>
      <span>6</span>joko selittäen tai varoittaen:</p>
      <p>
      <span>7</span>Totisesti sen, mitä teille on ennustettu, täytyy tapahtua,</p>
      <p>
      <span>8</span>kun tähdet häipyvät,</p>
      <p>
      <span>9</span>kun taivas repeilee,</p>
      <p>
      <span>10</span>kun vuoret raastetaan hajalle, tomuksi,</p>
      <p>
      <span>11</span>ja kun sananjulistajien määräämä hetki saapuu</p>
      <p>
      <span>12</span>miksi päiväksi on tuomio määrätty?</p>
      <p>
      <span>13</span>Ratkaisun päiväksi.</p>
      <p>
      <span>14</span>Miten saada teidät ymmärtämään myös, mitä tuomion päivä sisältää?</p>
      <p>
      <span>15</span>Voi tuona päivänä niitä, jotka hylkäsivät totuuden!</p>
      <p>
      <span>16</span>Emmekö ole tuhonnut aikaisemminkin eläneitä sukupolvia?</p>
      <p>
      <span>17</span>Ja sitten annoimme seuraavien sukupolvien astua heidän sijalleen.</p>
      <p>
      <span>18</span>Näin menettelemme syyllisten suhteen.</p>
      <p>
      <span>19</span>Voi sinä päivänä niitä, jotka totuuden hylkäsivät!</p>
      <p>
      <span>20</span>Emmekö luonut teitä mitättömästä pisarasta?</p>
      <p>
      <span>21</span>Sen sijoitimme varmaan säilöön</p>
      <p>
      <span>22</span>määrätyksi ajaksi</p>
      <p>
      <span>23</span>ja sitten kehitimme sitä sopusuhtaisesti. Miten sopusuhtaiset ovatkaan luomistyömme!</p>
      <p>
      <span>24</span>Voi sinä päivänä niitä, jotka hylkivät totuutta!</p>
      <p>
      <span>25</span>Emmekö ole luonut maan</p>
      <p>
      <span>26</span>kokoamaan helmaansa eläviä ja kuolleita?</p>
      <p>
      <span>27</span>Emmekö ole maahan sijoittanut korkeita vuoria ja antanut teille raitista vettä juotavaksi?</p>
      <p>
      <span>28</span>Voi sinä päivänä niitä, jotka totuutta hylkivät!</p>
      <p>
      <span>29</span>Käykää kohti sitä, jota väititte valheeksi,</p>
      <p>
      <span>30</span>käykää kohti synkkää varjoa, joka ulottuu kolmeen suuntaan,</p>
      <p>
      <span>31</span>joka ei vilvoita eikä torju tulen liekkejä!</p>
      <p>
      <span>32</span>Nämä sinkoavat ylös torninkorkuisina,</p>
      <p>
      <span>33</span>hohtavan keltaisina kuin kameelit.</p>
      <p>
      <span>34</span>Voi sinä päivänä niitä, jotka totuutta hylkivät!</p>
      <p>
      <span>35</span>Tämä on päivä, jona heidän ei sallita puhua</p>
      <p>
      <span>36</span>eikä esitellä anteeksipyyntöjä.</p>
      <p>
      <span>37</span>Voi sinä päivänä niitä, jotka totuutta hylkivät!</p>
      <p>
      <span>38</span>Tämä on tuomion päivä. Silloin Me kokoamme teidät yhteen esi~isienne kanssa.</p>
      <p>
      <span>39</span>Jos viekkauteen pystytte, niin yrittäkää sitä Minua vastaan,</p>
      <p>
      <span>40</span>sillä voi sinä päivänä totuuden väärentäjiä!</p>
      <p>
      <span>41</span>Totisesti saavat ne, jotka pelkäävät Jumalaa, olla varjossa ja lähteitten äärillä</p>
      <p>
      <span>42</span>sekä nauttia hedelmiä mielin määrin.</p>
      <p>
      <span>43</span>»Syökää ja juokaa nautinnoksenne, palkaksi siitä, mitä olette tehneet!»</p>
      <p>
      <span>44</span>Näin todenteolla palkitsemme niitä, jotka tekevät hyvää.</p>
      <p>
      <span>45</span>Voi sinä päivänä niitä, jotka sanoivat totuutta valheeksi!</p>
      <p>
      <span>46</span>Syökää ja nauttikaa hetken aikaa, te syntiset!</p>
      <p>
      <span>47</span>Voi tuona päivänä totuuden väärentäjiä!</p>
      <p>
      <span>48</span>Ja kun heille sanotaan: »Kumartakaa!» niin he eivät kumarra.</p>
      <p>
      <span>49</span>Voi sinä päivänä niitä, jotka totuutta hylkivät!</p>
      <p>
      <span>50</span>Mihin sanomaan he tämän (Koraanin) jälkeen voivat uskoa?</p>
    </div>
  </body>
</html>
