﻿<?xml version="1.0"?>
<html>
  <head>
    <meta http-equiv="Content-Type" content="text/html; charset=utf-8" />
    <title>Sanoman Suura</title>
  </head>
  <body>
    <h1>
    <span>78</span>Sanoman suura</h1>
    <div class="johdanto">
      <h2>JOHDANTO:</h2>
      <p>SEITSEMÄSKYMMENES KAHDEKSAS SUURA: Sanoma (An~Nabaa) Ilmoitettu Mekassa (40 jaetta )</p>
      <p>An~Nabaa, »Sanoma»; nimi esiintyy toisessa jakeessa. Varhaismekkalainen suura.</p>
    </div>
    <div class="sura">
      <h2>Aloitan JUMALAN, laupiaan Armahtajan, nimeen.</h2>
      <p>
      <span>1</span>Mitä he kyselevät toinen toiseltaan?</p>
      <p>
      <span>2</span>Suurta sanomaako,</p>
      <p>
      <span>3</span>josta he ovat eri mieltä?</p>
      <p>
      <span>4</span>Ei, pian he saavat sen tietää.</p>
      <p>
      <span>5</span>Vieläkin: ei! He tulevat sen pian kokemaan.</p>
      <p>
      <span>6</span>Emmekö ole luonut maan lakeudeksi</p>
      <p>
      <span>7</span>ja vuoret tukipilareiksi?</p>
      <p>
      <span>8</span>Me olemme luonut teidät parittain</p>
      <p>
      <span>9</span>ja säätänyt unen teille virkistykseksi,</p>
      <p>
      <span>10</span>yön Me loimme teille verhoksi</p>
      <p>
      <span>11</span>ja päivän Me annoimme elatuksen hankkimiseen.</p>
      <p>
      <span>12</span>Yläpuolellenne olemme asettanut seitsemän vahvaa henkivaltaa</p>
      <p>
      <span>13</span>ja laittanut valoa säteilevän lampun;</p>
      <p>
      <span>14</span>raskaista pilvistä Me lähetämme vuolaita virtoja</p>
      <p>
      <span>15</span>kasvattaaksemme viljan ja kasvit</p>
      <p>
      <span>16</span>sekä tiheinä vihannoivat puutarhat.</p>
      <p>
      <span>17</span>Totisesti tuomion päivä on määrätty,</p>
      <p>
      <span>18</span>päivä, jona puhalletaan pasuunaan ja te nousette joukoittain,</p>
      <p>
      <span>19</span>päivä, jolloin taivas aukeaa ja siihen ilmenee joukko portteja,</p>
      <p>
      <span>20</span>jolloin vuoret siirtyvät paikoiltaan ja muuttuvat kuin varjoiksi.</p>
      <p>
      <span>21</span>Totisesti, helvetti silloin omaansa odottaa,</p>
      <p>
      <span>22</span>se on määränpää syntisiä varten,</p>
      <p>
      <span>23</span>he viruvat siellä vuosikausia,</p>
      <p>
      <span>24</span>saamatta nauttia viileätä juomaa;</p>
      <p>
      <span>25</span>heidän juomansa on kiehuvaa tai jääkylmää,</p>
      <p>
      <span>26</span>se on palkka, joka vastaa heidän syntejänsä.</p>
      <p>
      <span>27</span>He eivät totisesti uskoneet joutuvansa teoistaan tilille,</p>
      <p>
      <span>28</span>vaan sanoivat julistustamme valheeksi, totuutta vääristellen.</p>
      <p>
      <span>29</span>Mutta meillä on kaikki merkittynä muistiin.</p>
      <p>
      <span>30</span>»Maistakaa siis! Me emme lisää teille muuta kuin kuritusta.»</p>
      <p>
      <span>31</span>Totisesti odottaa voitto niitä, jotka pelkäävät Jumalaa,</p>
      <p>
      <span>32</span>heidän ovat hedelmä- ja viinitarhat,</p>
      <p>
      <span>33</span>nuoruutta uhkuvat neidot, heidän ikäisensä,</p>
      <p>
      <span>34</span>ja puhdasta viiniä täydet pikarit.</p>
      <p>
      <span>35</span>Ei heille siellä turhuutta puhuta eikä valheita jutella.</p>
      <p>
      <span>36</span>Se on Herrasi antama palkka, ansioiden mukainen lahja,</p>
      <p>
      <span>37</span>Herran, jonka ovat taivaat ja maa ja kaikki niiden välisessä avaruudessa, laupiaan Armahtajan, jota he eivät rohkene puhutella.</p>
      <p>
      <span>38</span>Sinä päivänä, jolloin henki ja enkelit seisovat riveissä, eivät muut saa puhua kuin se, jonka Laupias sallii ja joka lausuu totuuden.</p>
      <p>
      <span>39</span>Tuo päivä on totuuden päivä, ja se, joka parhaimman valitsee, turvautuu Herraan.</p>
      <p>
      <span>40</span>Totisesti olemme varoittanut teitä lähestyvästä kurituksesta, päivästä, jolloin ihminen saa nähdä, mikä on hänen kättensä työ, ja epäuskoinen huudahtaa: »Ah, jospa olisin maan tomua!»</p>
    </div>
  </body>
</html>
