﻿<?xml version="1.0"?>
<html>
  <head>
    <meta http-equiv="Content-Type" content="text/html; charset=utf-8" />
    <title>Jousten Jännittäjien Suura</title>
  </head>
  <body>
    <h1>
    <span>79</span>Jousten Jännittäjien suura</h1>
    <div class="johdanto">
      <h2>JOHDANTO:</h2>
      <p>SEITSEMÄSKYMMENES YHDEKSÄS SUURA: Jousten jännittäjät (An-Naziat) Ilmoitettu Mekassa (46 jaetta )</p>
      <p>An-Naziat, »Jousten jännittäjät»; nimi esiintyy ensimmäisessä jakeessa. Varhais-mekkalainen suura.</p>
    </div>
    <div class="sura">
      <h2>Aloitan JUMALAN, laupiaan Armahtajan, nimeen.</h2>
      <p>
      <span>1</span>Niiden nimessä, jotka kaikin voimin (jousiaan) jännittävät,</p>
      <p>
      <span>2</span>niiden (nuolten), jotka vinhasti eteenpäin syöksyvät,</p>
      <p>
      <span>3</span>niiden (ratsujen), jotka nopeasti laukkaavat,</p>
      <p>
      <span>4</span>ja jotka ensimmäisinä kiitävät,</p>
      <p>
      <span>5</span>sekä vihdoin niiden (johtajaan), jotka voiton turvaavat.</p>
      <p>
      <span>6</span>Sinä päivänä, jolloin järkkyvä maa järkkyy</p>
      <p>
      <span>7</span>ja se tapahtuu, minkä tuleman pitää,</p>
      <p>
      <span>8</span>sinä päivänä sydämet vavahtavat</p>
      <p>
      <span>9</span>ja katseet painuvat alas.</p>
      <p>
      <span>10</span>He arvelevat: »Palautetaanko meidät todella entiseen tilaamme?</p>
      <p>
      <span>11</span>Kuinka! Kun jo luummekin ovat lahonneet!»</p>
      <p>
      <span>12</span>He sanovat: »Sellainen paluu olisi turmiota tuottava.»</p>
      <p>
      <span>13</span>Mutta kaikki muuttuu pelkäksi huudoksi</p>
      <p>
      <span>14</span>ja katso, he heräävät!</p>
      <p>
      <span>15</span>Eikö teille julistettu sanomaa Mooseksesta?</p>
      <p>
      <span>16</span>Kuinka hänen Herransa kahdesti kutsui häntä pyhässä laaksossa:</p>
      <p>
      <span>17</span>»Mene faraon luo! Hän on totisesti synteihin vaipunut.</p>
      <p>
      <span>18</span>Ja sano: 'Tahdotko puhdistua?</p>
      <p>
      <span>19</span>Minä johdan sinut Herrasi luo, jotta pelkäisit Häntä.'»</p>
      <p>
      <span>20</span>Ja hän näytti faraolle suuren tunnusmerkin,</p>
      <p>
      <span>21</span>mutta tämä hylkäsi totuuden eikä totellut.</p>
      <p>
      <span>22</span>Sitten käänsi hän hänelle äkkiä selkänsä,</p>
      <p>
      <span>23</span>kokosi joukon ihmisiä ja huusi heille</p>
      <p>
      <span>24</span>sanoen: »Minä olen teidän ylin herranne.»</p>
      <p>
      <span>25</span>Silloin Jumala yllätti hänet rangaisten sekä tässä että tulevassa elämässä.</p>
      <p>
      <span>26</span>Totisesti on tässä varoittava esimerkki sille, joka pelkää Jumalaa.</p>
      <p>
      <span>27</span>Kumpi on vaikeampi luoda, teidät vai taivas, jonka Hän on rakentanut?</p>
      <p>
      <span>28</span>Hän on sen korkealle kohottanut ja sille muodon antanut:</p>
      <p>
      <span>29</span>yöksi Hän täyttää sen pimeydellä, ja siitä hän vetää taas esiin päivänvalon.</p>
      <p>
      <span>30</span>Ja sitten hän ulotti maan avaraksi</p>
      <p>
      <span>31</span>ja kohotti sen vedet pinnalle sekä levitti laitumet;</p>
      <p>
      <span>32</span>vuoret Hän sijoitti lujasti paikoilleen,</p>
      <p>
      <span>33</span>kaiken tämän teidän ja karjanne hyväksi.</p>
      <p>
      <span>34</span>Mutta kun valtava tuhon päivä tulee,</p>
      <p>
      <span>35</span>päivä, jona ihminen muistaa, mitä hän on tavoitellut,</p>
      <p>
      <span>36</span>ja helvetti paljastuu näkeväiselle,</p>
      <p>
      <span>37</span>silloin se, joka väärintekijä on</p>
      <p>
      <span>38</span>ja pitää parempana maallista elämää,</p>
      <p>
      <span>39</span>saa totisesti helvetin asunnokseen.</p>
      <p>
      <span>40</span>Mutta se, joka pelkää Herransa tulemista ja hillitsee sielunsa alhaiset himot,</p>
      <p>
      <span>41</span>saa totisesti paratiisin asunnokseen.</p>
      <p>
      <span>42</span>Tuota hetkeä he kysyvät sinulta; milloin sen pitää tuleman?</p>
      <p>
      <span>43</span>Mutta kuinka voit sen sanoa?</p>
      <p>
      <span>44</span>Onhan sen tulo Herrasi käsissä.</p>
      <p>
      <span>45</span>Sinä olet vain varoittaja jokaiselle, joka sitä kavahtaa.</p>
      <p>
      <span>46</span>Päivänä, jolloin he saavat nähdä sen, on heistä kuin he olisivat odottaneet sitä vain illan tai aamun.</p>
    </div>
  </body>
</html>
