﻿<?xml version="1.0"?>
<html>
  <head>
    <meta http-equiv="Content-Type" content="text/html; charset=utf-8" />
    <title>Otsanrypistyksen Suura</title>
  </head>
  <body>
    <h1>
    <span>80</span>Otsanrypistyksen suura</h1>
    <div class="johdanto">
      <h2>JOHDANTO:</h2>
      <p>KAHDEKASKYMMENES SUURA: Hän rypisti otsaansa ('Abasa) Ilmoitettu Mekassa (42 jaetta )</p>
      <p>'Abasa, »Hän rypisti otsaansa»; tämä nimeksi tullut sanonta aloittaa suuran. Eräänä päivänä, kun Profeetta keskusteli erään kureisheihin (hänen omaan heimoonsa) kuuluvan huomattavan miehen kanssa koettaen saada hänet vakuutetuksi islaamin totuudesta, eräs sokea mies tuli hänen luokseen ja teki kysymyksen, joka koski uskontoa. Profeetta harmistui keskeytyksestä, rypisti otsaansa ja kääntyi pois sokeasta miehestä. Tässä suurassa hänelle sanotaan, että miestä ei pidä arvostella hänen ulkomuotonsa tai maallisen asemansa perusteella.</p>
      <p>Varhais~mekkalainen suura.</p>
    </div>
    <div class="sura">
      <h2>Aloitan JUMALAN, laupiaan Armahtajan, nimeen.</h2>
      <p>
      <span>1</span>Hän (profeetta) rypisti otsaansa ja kääntyi pois,</p>
      <p>
      <span>2</span>koska sokea mies tuli hänen luokseen.</p>
      <p>
      <span>3</span>Mutta mistä sinä tiedät, eikö hän olisi halunnut tehdä parannusta</p>
      <p>
      <span>4</span>tai ottaa opetuksesta vaarin, niin että se olisi koitunut hänen hyväkseen.</p>
      <p>
      <span>5</span>Mutta toisin menettelit rikkaan suhteen, joka ei luullut sinua tarvitsevansa;</p>
      <p>
      <span>6</span>häntä kunnioittavasti kohtelit,</p>
      <p>
      <span>7</span>vaikka et ollutkaan vastuussa hänen parannuksestaan.</p>
      <p>
      <span>8</span>Mutta hänestä, joka tulee luoksesi kovassa tuskassa</p>
      <p>
      <span>9</span>ja pelossa,</p>
      <p>
      <span>10</span>hänestä et pidä väliä.</p>
      <p>
      <span>11</span>Totisesti tämä on kehoitus;</p>
      <p>
      <span>12</span>ottakoon tämän varteen se, joka parhaan valitsee.</p>
      <p>
      <span>13</span>Totisesti ovat tämän kirjoittaneet arvokkaille lehdille,</p>
      <p>
      <span>14</span>puhtaille ja yleville,</p>
      <p>
      <span>15</span>jalojen ja hurskaitten</p>
      <p>
      <span>16</span>kirjoittajien kädet.</p>
      <p>
      <span>17</span>Voi ihmistä! Miten kiittämätön hän onkaan!</p>
      <p>
      <span>18</span>Mistä on Jumala hänet luonut?</p>
      <p>
      <span>19</span>Pienestä elinidusta! Hän on luonut hänet ja kehittänyt hänet elinvoimaiseksi</p>
      <p>
      <span>20</span>ja sitten raivannut hänelle tien, jota on helppo käydä.</p>
      <p>
      <span>21</span>Sitten antaa Hän hänen kuolla ja määrää leposijan</p>
      <p>
      <span>22</span>ja aikanaan, oman päätöksensä mukaan, Hän herättää hänet kuolleista.</p>
      <p>
      <span>23</span>Mutta ei ihminen ole noudattanut sitä, mitä Hän on käskenyt hänen tehdä.</p>
      <p>
      <span>24</span>Ajatelkoon ihminen edes saamaansa ravintoa!</p>
      <p>
      <span>25</span>Totisesti me lähetämme veden vuolaina virtoina,</p>
      <p>
      <span>26</span>Me murramme hänelle maan kamaran</p>
      <p>
      <span>27</span>ja annamme sen kasvaa viljaa,</p>
      <p>
      <span>28</span>rypäleitä ja yrttejä</p>
      <p>
      <span>29</span>oliiveja ja palmuja,</p>
      <p>
      <span>30</span>tuuheita puutarhoja,</p>
      <p>
      <span>31</span>hedelmiä ja laitumia</p>
      <p>
      <span>32</span>elatukseksi teille ja karjallenne.</p>
      <p>
      <span>33</span>Mutta kun pasuunan mahtava pauhu kuuluu,</p>
      <p>
      <span>34</span>sinä päivänä, jolloin mies pakenee veljensä luota,</p>
      <p>
      <span>35</span>äitinsä ja isänsä luota,</p>
      <p>
      <span>36</span>vaimonsa ja poikiensa luota,</p>
      <p>
      <span>37</span>tuona päivänä tulee jokaisen kohdalle asia, joka täyttää hänen mielensä kokonaan.</p>
      <p>
      <span>38</span>Toisten kasvot sinä päivänä kirkastuvat,</p>
      <p>
      <span>39</span>hymyilevät ja säteilevät onnea;</p>
      <p>
      <span>40</span>toisten kasvoja sinä päivänä peittää tomu</p>
      <p>
      <span>41</span>ja verhoaa pimeys.</p>
      <p>
      <span>42</span>Nämä ovat uskottomia ja väärintekijöitä.</p>
    </div>
  </body>
</html>
