﻿<?xml version="1.0"?>
<html>
  <head>
    <meta http-equiv="Content-Type" content="text/html; charset=utf-8" />
    <title>Umpeenmnon Suura</title>
  </head>
  <body>
    <h1>
    <span>81</span>Umpeenmnon suura</h1>
    <div class="johdanto">
      <h2>JOHDANTO:</h2>
      <p>KAHDEKASKYMMENES ENSIMMÄINEN SUURA: Umpeenmeno (At~Taktwir) Ilmoitettu Mekassa (29 jaetta)</p>
      <p>At~Taktwir, »Umpeenmeno», saa nimensä ensimmäisessä jakeessa esiintyvästä sanasta, Jakeet 8 ja 9 sisältävät viittauksen pakanallisten arabialaisten tapaan haudata elävänä tyttölapsia, joita he pitivät tarpeettomina.</p>
      <p>Varhais-mekkalainen suura.</p>
    </div>
    <div class="sura">
      <h2>Aloitan JUMALAN, laupiaan Armahtajan, nimeen.</h2>
      <p>
      <span>1</span>Kun aurinko menee umpeen,</p>
      <p>
      <span>2</span>kun tähdet sammuvat,</p>
      <p>
      <span>3</span>kun vuoret järkkyvät,</p>
      <p>
      <span>4</span>kun kantavat kameelit hylätään,</p>
      <p>
      <span>5</span>kun pedot peloitetaan muille tienoille,</p>
      <p>
      <span>6</span>kun meret kuohuvat yli äyräittensä,</p>
      <p>
      <span>7</span>kun sielut ja ruumiit jälleen yhtyvät</p>
      <p>
      <span>8</span>ja kun elävänä haudatulta naiselta kysytään,</p>
      <p>
      <span>9</span>minkä synnin vuoksi hänet surmattiin;</p>
      <p>
      <span>10</span>kun kirjoitukset avataan,</p>
      <p>
      <span>11</span>kun taivaan kansi pyyhkäistään pois,</p>
      <p>
      <span>12</span>kun helvetin tuli viritetään</p>
      <p>
      <span>13</span>ja kun paratiisi lähestyy,</p>
      <p>
      <span>14</span>silloin saa jokainen sielu tietää, mitä se on itselleen valmistanut.</p>
      <p>
      <span>15</span>Vannon kautta tähtien,</p>
      <p>
      <span>16</span>jotka kulkevat ratojaan ja katoavat;</p>
      <p>
      <span>17</span>kautta saapuvan yön</p>
      <p>
      <span>18</span>ja valkenevan aamun:</p>
      <p>
      <span>19</span>»Tämä on totisesti jalon sananjulistajan sanoma,</p>
      <p>
      <span>20</span>sellaisen, jonka valta tulee voiman Herralta,</p>
      <p>
      <span>21</span>jota on toteltava ja joka ei luottamusta petä.</p>
      <p>
      <span>22</span>Ei teidän heimolaisenne (profeetta) houraile.</p>
      <p>
      <span>23</span>Totisesti hän on nähnyt enkeli Gabrielin kirkkaalla taivaanrannalla,</p>
      <p>
      <span>24</span>eikä hän ole kitsas näkymättömien asiain salaaja;</p>
      <p>
      <span>25</span>ei tämä myöskään ole karkoitetun paholaisen ennustelua.</p>
      <p>
      <span>26</span>Mitä kohti siis kuljette?</p>
      <p>
      <span>27</span>Tämä ei ole muuta kuin varoitus maailman kansoille,</p>
      <p>
      <span>28</span>jokaiselle teistä, joka tahtoo pysytellä oikealla tiellä.</p>
      <p>
      <span>29</span>Mutta ette te itse tahdo, ellei Jumala, maailmojen Herra,sitä tahdo.»</p>
    </div>
  </body>
</html>
