﻿<?xml version="1.0"?>
<html>
  <head>
    <meta http-equiv="Content-Type" content="text/html; charset=utf-8" />
    <title>Repeytymisen Suura</title>
  </head>
  <body>
    <h1>
    <span>82</span>Repeytymisen suura</h1>
    <div class="johdanto">
      <h2>JOHDANTO:</h2>
      <p>KAHDEKASKYMMENES TOINEN SUURA: Repeytyminen (Al~Infitar) Ilmoitettu Mekassa (19 jaetta )</p>
      <p>Al~Infitar, »Repeytyminen», saa nimensä ensimmäisessä jakeessa esiintyvästä sanasta. Varhais-mekkalainen suura.</p>
    </div>
    <div class="sura">
      <h2>Aloitan JUMALAN, laupiaan Armahtajan, nimeen.</h2>
      <p>
      <span>1</span>Kun taivas rikki repeytyy,</p>
      <p>
      <span>2</span>kun tähdet hajalle pirstoutuvat,</p>
      <p>
      <span>3</span>kun virrat tulvivat vuolaina,</p>
      <p>
      <span>4</span>ja haudat avautuvat,</p>
      <p>
      <span>5</span>saa jokainen sielu tietää, mitä on tehnyt ja mitä laiminlyönyt.</p>
      <p>
      <span>6</span>Oi, ihminen, mikä on vietellyt sinut jaloa Herraasi vastaan,</p>
      <p>
      <span>7</span>joka on luonut sinut, tehnyt sinut täydelliseksi ja sopusuhtaiseksi?</p>
      <p>
      <span>8</span>Haluamaansa muotoon Hän on sinut valanut.</p>
      <p>
      <span>9</span>Voi, te sanotte tuomiota valheeksi,</p>
      <p>
      <span>10</span>mutta totisesti on yläpuolellanne vartijoita,</p>
      <p>
      <span>11</span>jaloja kirjoihin merkitsijöitä,</p>
      <p>
      <span>12</span>jotka tuntevat tekonne.</p>
      <p>
      <span>13</span>Totisesti saavat hurskaat osakseen taivaan autuuden,</p>
      <p>
      <span>14</span>ja totisesti joutuvat jumalattomat helvetin tuleen,</p>
      <p>
      <span>15</span>he joutuvat sinne tuomion päivänä</p>
      <p>
      <span>16</span>eivätkä he voi sitä mitenkään välttää.</p>
      <p>
      <span>17</span>Käsitätkö, mikä Tuomion päivä on?</p>
      <p>
      <span>18</span>Vieläkin: käsitätkö, mikä Tuomion päivä on?</p>
      <p>
      <span>19</span>Se on päivä, jona yksikään sielu ei mahda mitään toisen hyväksi. Herran on kaikki valta sinä päivänä.</p>
    </div>
  </body>
</html>
