﻿<?xml version="1.0"?>
<html>
  <head>
    <meta http-equiv="Content-Type" content="text/html; charset=utf-8" />
    <title>Väärentekijöiden Suura</title>
  </head>
  <body>
    <h1>
    <span>83</span>Väärentekijöiden suura</h1>
    <div class="johdanto">
      <h2>JOHDANTO:</h2>
      <p>KAHDEKASKYMMENES KOLMAS SUURA: Väärintekijät (Al-Mutaffifin) Ilmoitettu Mekassa (36 jaetta )</p>
      <p>Al-Mutaffifin, »Väärintekijät»; nimi johtuu sanasta ensimmäisessä jakeessa. Varhais~mekkalainen suura.</p>
    </div>
    <div class="sura">
      <h2>Aloitan JUMALAN, laupiaan Armahtajan, nimeen.</h2>
      <p>
      <span>1</span>Voi väärintekijöitä mitattaessa tai punnittaessa</p>
      <p>
      <span>2</span>jotka vaativat täyden mitan, kun mittaavat toisilta omaksi hyväkseen,</p>
      <p>
      <span>3</span>mutta antavat vajaan mitan, kun mittaavat tai punnitsevat muille!</p>
      <p>
      <span>4</span>Eivätkö nämä ihmiset usko, että heidät herätetään kuolleista</p>
      <p>
      <span>5</span>kohtalokkaana päivänä,</p>
      <p>
      <span>6</span>päivänä, jona ihmisten on seistävä maailmojen Herran edessä?</p>
      <p>
      <span>7</span>Ei! Totisesti on jumalattomien nimiluettelo Sidzinissä.</p>
      <p>
      <span>8</span>Mutta tiedätkö, mikä Sidzin on?</p>
      <p>
      <span>9</span>Se on selkeästi kirjoitettu kirja.</p>
      <p>
      <span>10</span>Voi sinä päivänä niitä, jotka hylkivät totuutta,</p>
      <p>
      <span>11</span>niitä, jotka pitävät valheena Tuomion päivää!</p>
      <p>
      <span>12</span>Mutta valheena sitä pitää vain julkea syntinen,</p>
      <p>
      <span>13</span>joka sanoo, kun ilmoituksemme julistetaan hänelle: »Vanhojen taruja.»</p>
      <p>
      <span>14</span>Totisesti ei! Heidän tekonsa ovat kuin ruoste tärvelleet heidän sydämensä.</p>
      <p>
      <span>15</span>Totisesti ei heitä päästetä Herransa luokse sinä päivänä,</p>
      <p>
      <span>16</span>vaan he saavat astua helvetin ahjoon.</p>
      <p>
      <span>17</span>Silloin sanotaan: »Tämä on se, jota te olemattomaksi väititte.»</p>
      <p>
      <span>18</span>Mutta hurskaitten nimiluettelo on Illijunissa.</p>
      <p>
      <span>19</span>Tiedätkö, mikä Illijun on?</p>
      <p>
      <span>20</span>Kirjoitettu kirja korkeuksissa.</p>
      <p>
      <span>21</span>Jumalan valiojoukko sen todistaa.</p>
      <p>
      <span>22</span>Totisesti saavat hurskaat elää autuudessa,</p>
      <p>
      <span>23</span>katsellen ympärilleen lepokorokkeiltaan.</p>
      <p>
      <span>24</span>Sinä olet näkevä autuuden kirkkauden heidän kasvoillaan.</p>
      <p>
      <span>25</span>He saavat nauttia puhdasta, muilta sinetöityä juomaa,</p>
      <p>
      <span>26</span>jonka sinetti on myskiä - tätä juomaa kaikki kaivaten kaivatkoot -</p>
      <p>
      <span>27</span>tämä sekoitus tulee ylhäältä,</p>
      <p>
      <span>28</span>lähteestä, josta Jumalaa lähelle pääsevät juovat.</p>
      <p>
      <span>29</span>Totisesti syntiset nauroivat uskovaisia,</p>
      <p>
      <span>30</span>kun he kulkivat näiden ohi, iskivät he toisilleen silmää;</p>
      <p>
      <span>31</span>palatessaan omiensa luo he olivat tyytyväisiä</p>
      <p>
      <span>32</span>ja heidät nähdessään he sanoivat: »Totisesti nuo ovat harhateillä.»</p>
      <p>
      <span>33</span>Mutta totisesti emme Me lähettänyt tuommoisia heidän kaitsijoikseen,</p>
      <p>
      <span>34</span>ja sinä päivänä saavat ne, jotka uskoivat, nauraa epäuskoisille</p>
      <p>
      <span>35</span>ja katsella ylhäisiltä lepokorokkeilta ympärilleen.</p>
      <p>
      <span>36</span>Mutta epäuskoiset saavat totisesti tekojensa palkan.</p>
    </div>
  </body>
</html>
