﻿<?xml version="1.0"?>
<html>
  <head>
    <meta http-equiv="Content-Type" content="text/html; charset=utf-8" />
    <title>Ratkeamisen Suura</title>
  </head>
  <body>
    <h1>
    <span>84</span>Ratkeamisen suura</h1>
    <div class="johdanto">
      <h2>JOHDANTO:</h2>
      <p>KAHDEKASKYMMENES NELJÄS SUURA: Ratkeaminen (Al-Inshikaak) Ilmoitettu Mekassa (25 jaetta )</p>
      <p>Al-Inshikaak, »Ratkeaminen»; nimi johtuu ensimmäisestä jakeesta.</p>
      <p>Varhais-mekkalainen suura.</p>
    </div>
    <div class="sura">
      <h2>Aloitan JUMALAN, laupiaan Armahtajan, nimeen.</h2>
      <p>
      <span>1</span>Kun taivas ratkeaa</p>
      <p>
      <span>2</span>kuullessaan Herransa äänen ja totellen sitä,</p>
      <p>
      <span>3</span>kun maan ääret tasoittuvat</p>
      <p>
      <span>4</span>ja se suistaa ulos sisuksensa ja tyhjentyy,</p>
      <p>
      <span>5</span>kuullessaan Herransa äänen ja totellen sitä,</p>
      <p>
      <span>6</span>silloin, oi ihminen, on sinun ponnisteltava Herraasi kohti, ja se on kova ponnistelu, kunnes kohtaat Hänet.</p>
      <p>
      <span>7</span>Kenelle kirja annetaan oikeaan käteen,</p>
      <p>
      <span>8</span>hänen tilintekonsa on oleva helppo,</p>
      <p>
      <span>9</span>ja hän palaa omiensa luo iloiten;</p>
      <p>
      <span>10</span>mutta toisin on sen, jolle kirja annetaan takaapäin,</p>
      <p>
      <span>11</span>hän pyytää itselleen kuolemaa,</p>
      <p>
      <span>12</span>mutta hän on astuva helvetin tuleen.</p>
      <p>
      <span>13</span>Hän eli kyllä iloisena omiensa keskuudessa,</p>
      <p>
      <span>14</span>hän totisesti uskoi, ettei koskaan enää palaisi (haudasta).</p>
      <p>
      <span>15</span>Mutta hän olikin alati Herransa näköpiirissä.</p>
      <p>
      <span>16</span>Vannon iltaruskon nimessä,</p>
      <p>
      <span>17</span>yön nimessä ja sen, mitä yössä liikkuu,</p>
      <p>
      <span>18</span>ja kuun nimessä, kun se täydeksi kasvaa:</p>
      <p>
      <span>19</span>»Teidän on totisesti siirryttävä olotilasta toiseen.»</p>
      <p>
      <span>20</span>Mutta miksi he eivät usko?</p>
      <p>
      <span>21</span>Eivätkä kumarra, kun Koraania luetaan heille.</p>
      <p>
      <span>22</span>Niin, epäuskoiset pitävät totuutta valheena,</p>
      <p>
      <span>23</span>mutta Jumala tuntee parhaiten heidän sydäntensä kätköt.</p>
      <p>
      <span>24</span>Julista siis heille sanomaa tuskallisesta kurituksesta!</p>
      <p>
      <span>25</span>Mutta ei niille, jotka uskovat ja tekevät hyviä töitä; heitä odottaa ehtymätön palkka.</p>
    </div>
  </body>
</html>
