﻿<?xml version="1.0"?>
<html>
  <head>
    <meta http-equiv="Content-Type" content="text/html; charset=utf-8" />
    <title>Tähtitaivaan Suura</title>
  </head>
  <body>
    <h1>
    <span>85</span>Tähtitaivaan suura</h1>
    <div class="johdanto">
      <h2>JOHDANTO:</h2>
      <p>KAHDEKASKYMMENES VIIDES SUURA: Tähtitaivas (Al~Buruudz) Ilmoitettu Mekassa (22 jaetta )</p>
      <p>Al~Buruudz, »Tähtitaivas», sai nimensä ensimmäisessä jakeessa esiintyvästä sanonnasta. Jakeitten 4-7 yleensä käsitetään viittaavan juutalaisen kuninkaan Dhuu Nawaasin toimeenpanemaan Nadzraanin kristittyjen verilöylyyn Al~Jamanissa, tapaukseen, jolla oli suuri historiallinen merkitys, koska se aiheutti neguksen väliintulon ja johti Abessinian ylivaltaan Jamanissa, mikä kesti Profeetan syntymävuonna sattuneeseen n.s. Elefantin sotaan saakka (CV suura). Horowitz arvelee, että sanat »kirotut olkoot tulikuopan miehet» eivät viittaa mihinkään historialliseen tapahtumaan, vaan kaikkien vainoojien olotilaan tulevassa maailmassa.</p>
      <p>Kuuluu Mekassa ilmoitettujen suurain varhaiseen ryhmään.</p>
    </div>
    <div class="sura">
      <h2>Aloitan JUMALAN, laupiaan Armahtajan, nimeen.</h2>
      <p>
      <span>1</span>Nimessä taivaan, joka on täynnä tähtisikermiä,</p>
      <p>
      <span>2</span>nimessä ennustetun päivän,</p>
      <p>
      <span>3</span>nimessä todistajan ja todistetun,</p>
      <p>
      <span>4</span>kirotut olkoot tulikuopan miehet</p>
      <p>
      <span>5</span>polttavan tulen äärellä,</p>
      <p>
      <span>6</span>kun he istuivat siinä</p>
      <p>
      <span>7</span>ja katselivat, mikä on uskovien osa.</p>
      <p>
      <span>8</span>He kantoivat kaunaa näitä vastaan vain sentähden, että nämä uskoivat Jumalaan, kaikkivoipaan, ylistettyyn,</p>
      <p>
      <span>9</span>Häneen, jonka on valta taivaassa ja maan päällä; niin, Jumala on kaiken silminnäkijä.</p>
      <p>
      <span>10</span>Totisesti niitä, jotka vainoavat uskovia, miehiä ja naisia, eivätkä tee parannusta, odottaa helvetin kuritus; niin, heitä odottaa tulen tuska.</p>
      <p>
      <span>11</span>Mutta niitä, jotka uskovat ja tekevät hyviä töitä, totisesti odottavat puutarhat vuolaine virtoineen. Tämä on suuri autuus.</p>
      <p>
      <span>12</span>Totisesti Herrasi voima on väkevä:</p>
      <p>
      <span>13</span>Hänen vallassaan on luominen, Hän herättää jälleen elämään.</p>
      <p>
      <span>14</span>Niin, Hän on anteeksiantava, rakastava.</p>
      <p>
      <span>15</span>Hallitsevan voiman Herra, ylevä,</p>
      <p>
      <span>16</span>mahtava tahtonsa toteuttaja.</p>
      <p>
      <span>17</span>Etkö ole kuullut kertomusta sotajoukoista,</p>
      <p>
      <span>18</span>jotka faraolla ja Tamuudilla oli?</p>
      <p>
      <span>19</span>Niin, epäuskoiset paatuvat hylkimisessään,</p>
      <p>
      <span>20</span>mutta Jumala saartaa heidät joka puolelta.</p>
      <p>
      <span>21</span>Totisesti tämä on ylevä Koraani,</p>
      <p>
      <span>22</span>joka tauluille kirjoitettuna on hyvin säilynyt.</p>
    </div>
  </body>
</html>
