﻿<?xml version="1.0"?>
<html>
  <head>
    <meta http-equiv="Content-Type" content="text/html; charset=utf-8" />
    <title>Aamutähden Suura</title>
  </head>
  <body>
    <h1>
    <span>86</span>Aamutähden suura</h1>
    <div class="johdanto">
      <h2>JOHDANTO:</h2>
      <p>KAHDEKASKYMMENES KUUDES SUURA: Aamutähti (At-Taarik) Ilmoitettu Mekassa (17 jaetta )</p>
      <p>At-Taarik, »Aamutähti»; nimi johtuu ensimmäisessä jakeessa olevasta sanonnasta. On muitakin merkityksiä sanalle Taarik, mutta tässä on valittu se, jonka on täytynyt johtua jokaisen tätä suuraa kuuntelevan henkilön mieleen, varsinkin kun jakeessa 3 ilmoitetaan, että tähteä tarkoitetaan. Kointähdellä on tässä mystillinen merkitys ja sen käsitetään tarkoittavan Profeettaa itseään. Muutamat ovat arvelleet, että se viittaa komeettaan, joka pelästytti Itämaita suunnilleen samoihin aikoihin, kun Profeetta sai kutsumuksensa. Toiset uskovat, että tämä ja muut johdantojakeet, joita on vaikea selittää, kätkevät tieteellisiä tosiasioita, joista ihmisillä ei ollut aavistustakaan niihin aikoihin, jolloin Profeetta sai ilmestyksensä, ja että ne liittyvät seuraaviin jakeisiin.</p>
      <p>Kuuluu Mekassa ilmoitettujen suurojen varhaiseen ryhmään.</p>
    </div>
    <div class="sura">
      <h2>Aloitan JUMALAN, laupiaan Armahtajan, nimeen.</h2>
      <p>
      <span>1</span>Kautta taivaan ja aamutähden!</p>
      <p>
      <span>2</span>Tiedätkö, mikä on aamutähti?</p>
      <p>
      <span>3</span>Se on häikäisevän kirkas tähti.</p>
      <p>
      <span>4</span>Ei ole sielua, jolla ei olisi suojelijaansa.</p>
      <p>
      <span>5</span>Miettiköön ihminen, mistä hänet on luotu!</p>
      <p>
      <span>6</span>Hänet on luotu pienestä, pursuavasta pisarasta,</p>
      <p>
      <span>7</span>joka on lähtöisin kupeiden ja rintakehän välistä.</p>
      <p>
      <span>8</span>Totisesti, Jumala voi herättää hänet jälleen eloon</p>
      <p>
      <span>9</span>päivänä, jona kaikki, mikä salassa on, tulee ilmi.</p>
      <p>
      <span>10</span>Eikä hänellä ole silloin voimaa eikä auttajaa.</p>
      <p>
      <span>11</span>Nimessä taivaan, josta sateet tulevat,</p>
      <p>
      <span>12</span>ja maan, joka avaa uumenensa!</p>
      <p>
      <span>13</span>Totisesti tämä on ratkaiseva sana,</p>
      <p>
      <span>14</span>eikä mitään joutavaa puhetta.</p>
      <p>
      <span>15</span>Totisesti heillä on juonensa,</p>
      <p>
      <span>16</span>mutta Minulla myös on suunnitelmani.</p>
      <p>
      <span>17</span>Anna siis aikaa uskottomille; myönnä heille aikaa hetkiseksi!</p>
    </div>
  </body>
</html>
