﻿<?xml version="1.0"?>
<html>
  <head>
    <meta http-equiv="Content-Type" content="text/html; charset=utf-8" />
    <title>Korkeimman Suura</title>
  </head>
  <body>
    <h1>
    <span>87</span>Korkeimman suura</h1>
    <div class="johdanto">
      <h2>JOHDANTO:</h2>
      <p>KAHDEKASKYMMENES SEITSEMÄS SUURA: Korkein (Al~A'laa) Ilmoitettu Mekassa (19 jaetta )</p>
      <p>Al~A'laa, »Korkein», saa nimensä ensimmäisestä jakeeesta.</p>
      <p>Kuuluu Mekassa ilmoitettujen suurojen varhaiseen ryhmään.</p>
    </div>
    <div class="sura">
      <h2>Aloitan JUMALAN, laupiaan Armahtajan, nimeen.</h2>
      <p>
      <span>1</span>Ylistä Herrasi, Korkeimman, nimeä,</p>
      <p>
      <span>2</span>Hänen, joka luo ja tekee täydelliseksi,</p>
      <p>
      <span>3</span>joka määrää ja ohjaa,</p>
      <p>
      <span>4</span>joka kasvattaa viheriän laidunruohon</p>
      <p>
      <span>5</span>ja kuivattaa sen jälleen tomun harmaaksi.</p>
      <p>
      <span>6</span>Me annamme sinun julkilukea (Koraania), etkä ole mitään unohtava,</p>
      <p>
      <span>7</span>paitsi mitä Jumala tahtoo: totisesti Hän tietää, mitä ilmaistaan ja mikä pidetään salassa.</p>
      <p>
      <span>8</span>Tahdomme tasoittaa sinun lähetystiesi.</p>
      <p>
      <span>9</span>Käy siis eteenpäin varoittaen, totisesti koituu varoituksesta hyvää:</p>
      <p>
      <span>10</span>se, joka (Jumalaa) pelkää, ottaa siitä vaarin,</p>
      <p>
      <span>11</span>mutta viheliäinen karttaa sitä,</p>
      <p>
      <span>12</span>hän joutuu ankarimpaan tuleen,</p>
      <p>
      <span>13</span>jossa hän ei elä eikä kuole.</p>
      <p>
      <span>14</span>Mutta onnellinen se, joka tekee parannuksen,</p>
      <p>
      <span>15</span>ylistää Herransa nimeä ja rukoilee.</p>
      <p>
      <span>16</span>Mutta te pidätte parempana tämän maailman elämää,</p>
      <p>
      <span>17</span>vaikka tuleva elämä on parempi ja kestävämpi.</p>
      <p>
      <span>18</span>Näin on totisesti vanhimmissa kirjoituksissa,</p>
      <p>
      <span>19</span>Aabrahamin ja Mooseksen kirjoissa.</p>
    </div>
  </body>
</html>
