﻿<?xml version="1.0"?>
<html>
  <head>
    <meta http-equiv="Content-Type" content="text/html; charset=utf-8" />
    <title>Musertavan Tapahtuman Suura</title>
  </head>
  <body>
    <h1>
    <span>88</span>Musertavan Tapahtuman suura</h1>
    <div class="johdanto">
      <h2>JOHDANTO:</h2>
      <p>KAHDEKASKYMMENES KAHDEKSAS SUURA: Musertava tapahtuma (Al~Gaashiah) Ilmoitettu Mekassa (26 jaetta )</p>
      <p>Al~Gaashiah, »Musertava tapahtuma», saa nimensä ensimmäisestä jakeesta. Kuuluu Mekassa ilmoitettujen suurojen varhaiseen ryhmään.</p>
    </div>
    <div class="sura">
      <h2>Aloitan JUMALAN, laupiaan Armahtajan, nimeen.</h2>
      <p>
      <span>1</span>Oletko kuullut sanoman musertavasta tapahtumasta?</p>
      <p>
      <span>2</span>Sinä päivänä toisten kasvot nöyrtyvät;</p>
      <p>
      <span>3</span>väsyen ja nääntyen</p>
      <p>
      <span>4</span>he käyvät polttavaan tuleen</p>
      <p>
      <span>5</span>ja juovat kiehuvasta lähteestä</p>
      <p>
      <span>6</span>saamatta muuta ruokaa kuin ohdakkeista,</p>
      <p>
      <span>7</span>joka ei lihota eikä vie nälkää.</p>
      <p>
      <span>8</span>Samana päivänä toisten kasvot loistavat,</p>
      <p>
      <span>9</span>ja he ovat tyytyväiset ponnisteluihinsa,</p>
      <p>
      <span>10</span>kun saapuvat ylhäisiin puutarhoihin,</p>
      <p>
      <span>11</span>joissa eivät kuule turhuuden sanoja.</p>
      <p>
      <span>12</span>Siellä on pulppuavia lähteitä,</p>
      <p>
      <span>13</span>siellä on korkeita valtaistuimia,</p>
      <p>
      <span>14</span>täysiä maljoja,</p>
      <p>
      <span>15</span>pieluksia pitkin rivein</p>
      <p>
      <span>16</span>ja levitettyjä mattoja.</p>
      <p>
      <span>17</span>Eivätkö he näe, kuinka pilvet on luotu,</p>
      <p>
      <span>18</span>kuinka taivas on kaartunut korkeaksi,</p>
      <p>
      <span>19</span>kuinka vuoret on pystytetty</p>
      <p>
      <span>20</span>ja kuinka maa on avaraksi levitetty?</p>
      <p>
      <span>21</span>Jatka siis varoituksiasi, sinä olet juuri varoittaja,</p>
      <p>
      <span>22</span>etkä ole heidän kaitsijansa.</p>
      <p>
      <span>23</span>Mutta sitä, joka kääntää selkänsä ja jää epäuskoonsa,</p>
      <p>
      <span>24</span>Jumala kurittaa suurella kärsimyksellä:</p>
      <p>
      <span>25</span>totisesti he palaavat Meidän tykömme,</p>
      <p>
      <span>26</span>ja Meille on heidän tili tehtävä.</p>
    </div>
  </body>
</html>
