﻿<?xml version="1.0"?>
<html>
  <head>
    <meta http-equiv="Content-Type" content="text/html; charset=utf-8" />
    <title>Päivänkoiton Suura</title>
  </head>
  <body>
    <h1>
    <span>89</span>Päivänkoiton suura</h1>
    <div class="johdanto">
      <h2>JOHDANTO:</h2>
      <p>KAHDEKASKYMMENES YHDEKSÄS SUURA: Päivänkoitto (Al-Fadzr) Ilmoitettu Mekassa (30 jaetta )</p>
      <p>Al-Fadzr, »Päivänkoitto», saa nimensä ensimmäisestä jakeesta.</p>
      <p>Kuuluu Mekassa ilmoitettujen suurojen kaikkein varhaisimpaan ryhmään.</p>
    </div>
    <div class="sura">
      <h2>Aloitan JUMALAN, laupiaan Armahtajan, nimeen.</h2>
      <p>
      <span>1</span>Kautta päivänkoiton</p>
      <p>
      <span>2</span>ja kymmenen yön,</p>
      <p>
      <span>3</span>kautta (juhlapäivien) luvun ja epäluvun,</p>
      <p>
      <span>4</span>kautta yön, jolloin lähdetään (kotimatkalle).</p>
      <p>
      <span>5</span>Eikö tässä kaikessa ole minkä nimeen vannoa, jos kuka sen tajuaa?</p>
      <p>
      <span>6</span>Etkö ole miettinyt sitä, mitä Herrasi teki Aadille</p>
      <p>
      <span>7</span>ja Aramin heimolle, jonka rakennuksia tukivat ylväät pilarit,</p>
      <p>
      <span>8</span>sellaiset, joiden vertaisia ei rakennettu muissa kaupungeissa,</p>
      <p>
      <span>9</span>(ja mitä tehtiin) Tamuudin kansalle, joka laaksossaan hakkasi asumuksensa suunnattomiin kallioihin</p>
      <p>
      <span>10</span>ja faraolle, sotajoukkojen valtiaalle,</p>
      <p>
      <span>11</span>noille kaikille,jotka harjoittivat irstaisuutta kaupungeissaan</p>
      <p>
      <span>12</span>ja saivat aikaan paljon pahaa.</p>
      <p>
      <span>13</span>Sentähden Herrasi lähetti heille kurituksen;</p>
      <p>
      <span>14</span>totisesti Herrasi seuraa valppaasti teidänkin menoanne.</p>
      <p>
      <span>15</span>Kun ihmisen Herra koettelee häntä antamalla hänelle kunniaa ja osoittamalla hänelle hyvyyttä, niin hän sanoo: »Herra pitää minut kunniassa.»</p>
      <p>
      <span>16</span>Mutta kun Hän koettelee häntä toisin, niukentaen hänen elatustaan, silloin hän sanoo: »Herra halveksii minua.»</p>
      <p>
      <span>17</span>Ei, te ette pidä orpoa missään arvossa</p>
      <p>
      <span>18</span>ettekä kehoita toisianne ruokkimaan köyhiä,</p>
      <p>
      <span>19</span>vaan te syötte olemattomiin kaikki heidän perintönsä ettekä mistään pidä väliä ahmiessanne,</p>
      <p>
      <span>20</span>ja te rakastatte ylellisyyttä koko sydämestänne.</p>
      <p>
      <span>21</span>Ei, kun tärähdykset panevat maan luhistumaan,</p>
      <p>
      <span>22</span>kun Herra ilmestyy enkeliparvien seuraamana</p>
      <p>
      <span>23</span>ja paljastaa helvetin, sinä päivänä ihminen noudattaisi kehoitusta, mutta miksi hyödyksi on hänelle totteleminen enää?</p>
      <p>
      <span>24</span>Hän sanoo: »Voi, jospa olisin huolehtinut tulevasta elämästäni!»</p>
      <p>
      <span>25</span>Mutta tuona päivänä ei kukaan rankaise niinkuin Hän,</p>
      <p>
      <span>26</span>ei kukaan sido niinkuin Hän.</p>
      <p>
      <span>27</span>Sinä levon löytänyt sielu,</p>
      <p>
      <span>28</span>palaa Herrasi luo saadaksesi Hänestä lohtusi ja ollaksesi Hänelle otollinen,</p>
      <p>
      <span>29</span>astu siis Minun palvelijoitteni joukkoon,</p>
      <p>
      <span>30</span>Niin, astu autuuden tarhaan!</p>
    </div>
  </body>
</html>
