<?xml version="1.0"?>
<html>
  <head>
    <meta http-equiv="Content-Type" content="text/html; charset=utf-8" />
    <title>Kaupungin Suura</title>
  </head>
  <body>
    <h1>
    <span>90</span>Kaupungin suura</h1>
    <div class="johdanto">
      <h2>JOHDANTO:</h2>
      <p>YHDEKSÄSKYMMENES SUURA: Kaupunki (Al-Balad) Ilmoitettu Mekassa (20 jaetta )</p>
      <p>Al-Balad, »Kaupunki», saa nimensä ensimmäisessä jakeessa esiintyvästä sanasta.</p>
      <p>Kuuluu Mekassa ilmoitettujen suurojen kaikkein varhaisimpaan ryhmään.</p>
    </div>
    <div class="sura">
      <h2>Aloitan JUMALAN, laupiaan Armahtajan, nimeen.</h2>
      <p>
      <span>1</span>Kautta tämän kaupungin</p>
      <p>
      <span>2</span>jossa sinä asut</p>
      <p>
      <span>3</span>kautta sukumme Alkuunpanijan ja hänestä syntyneen!</p>
      <p>
      <span>4</span>Me olemme luonut ihmisen todellakin elämään vaikeuksissa:</p>
      <p>
      <span>5</span>jottei hän luulisi, että kenelläkään ei ole valtaa hänen suhteensa.</p>
      <p>
      <span>6</span>Hän sanoo: »Olen tuhlannut paljon varoja» (Profeetan vastustamiseen).</p>
      <p>
      <span>7</span>Luuleeko hän, ettei kukaan näe häntä?</p>
      <p>
      <span>8</span>Emmekö ole antanut hänelle kaksi silmää,</p>
      <p>
      <span>9</span>kielen ja huulet?</p>
      <p>
      <span>10</span>ja tehnyt hänelle selväksi kummankin (hyvän ja pahan) tien?</p>
      <p>
      <span>11</span>Mutta hän ei yrittänyt nousta kaitaa polkua.</p>
      <p>
      <span>12</span>Miten saan sinut käsittämään, mikä kaita polku on?</p>
      <p>
      <span>13</span>Se on samaa kuin vapauttaa orja</p>
      <p>
      <span>14</span>tai ruokkia nälän päivinä</p>
      <p>
      <span>15</span>orpoa ja sukulaista</p>
      <p>
      <span>16</span>tai maahan vaipunutta köyhää miestä;</p>
      <p>
      <span>17</span>se on samaa kuin niihin kuuluminen, jotka uskovat ja kehoittavat toisiaan kestävyyteen ja laupeuteen.</p>
      <p>
      <span>18</span>Nämä ovat niitä, jotka vaeltavat oikealla puolella.</p>
      <p>
      <span>19</span>Mutta ne, jotka hylkivät julistamaamme totuutta, kulkevat vasempaa puolta,</p>
      <p>
      <span>20</span>ja heidät piirittää tuli.</p>
    </div>
  </body>
</html>
