﻿<?xml version="1.0"?>
<html>
  <head>
    <meta http-equiv="Content-Type" content="text/html; charset=utf-8" />
    <title>Auringon Suura</title>
  </head>
  <body>
    <h1>
    <span>91</span>Auringon suura</h1>
    <div class="johdanto">
      <h2>JOHDANTO:</h2>
      <p>YHDEKSÄSKYMMENES ENSIMMÄINEN SUURA: Aurinko (Ash-Shams) Ilmoitettu Mekassa (15 jaetta )</p>
      <p>Ash-Shams, »Aurinko», saa nimensä ensimmäisessä jakeessa esiintyvästä sanasta.</p>
      <p>Kuuluu Mekassa ilmoitettujen suurojen kaikkein varhaisimpaan ryhmään.</p>
    </div>
    <div class="sura">
      <h2>Aloitan JUMALAN, laupiaan Armahtajan, nimeen.</h2>
      <p>
      <span>1</span>Kautta auringon ja sen kirkkauden,</p>
      <p>
      <span>2</span>kautta valonsa lainaavan kuun,</p>
      <p>
      <span>3</span>kautta päivän, joka paljastaa kaiken näkyväisen,</p>
      <p>
      <span>4</span>kautta yön, joka sen verhoonsa peittää,</p>
      <p>
      <span>5</span>kautta taivaan ja Hänen, joka sen rakensi,</p>
      <p>
      <span>6</span>kautta maan ja Hänen, joka sen laajaksi levitti,</p>
      <p>
      <span>7</span>kautta sielun ja Hänen, joka teki sen täydelliseksi</p>
      <p>
      <span>8</span>ja ilmaisi sille, mikä turmio on totuuden hylkäämisestä ja mikä menestys pahan karttamisesta!</p>
      <p>
      <span>9</span>Totisesti autuas on se, joka säilyttää sielunsa puhtaana,</p>
      <p>
      <span>10</span>ja totisesti on tuhon oma se, joka sen turmelee!</p>
      <p>
      <span>11</span>Tamuud teki syntiä ja väitti totuutta valheeksi.</p>
      <p>
      <span>12</span>Kun kurjimmat heidän joukostaan ryhtyivät riettauksiinsa,</p>
      <p>
      <span>13</span>silloin Jumalan sananjulistaja puhui heille Jumalan naaraskameelista ja sen juottamisesta,</p>
      <p>
      <span>14</span>mutta he kohtelivat häntä kuin valehtelijaa ja katkoivat kameelilta jäsenet, ja heidän Herransa kukisti heidät heidän syntiensä tähden ja tuhosi heidät maan tasalle,</p>
      <p>
      <span>15</span>eikä Hän pelännyt seurauksia.</p>
    </div>
  </body>
</html>
