﻿<?xml version="1.0"?>
<html>
  <head>
    <meta http-equiv="Content-Type" content="text/html; charset=utf-8" />
    <title>Yön Suura</title>
  </head>
  <body>
    <h1>
    <span>92</span>Yön suura</h1>
    <div class="johdanto">
      <h2>JOHDANTO:</h2>
      <p>YHDEKSÄSKYMMENES KAKSI SUURA: Hämähäkki (Al~Lail) Ilmoitettu Mekassa (21 jaetta )</p>
      <p>Al~Lail, »Yö», saa nimensä ensimmäisessä jakeessa esiintyvästä sanasta. Kuuluu Mekassa ilmoitettujen suurojen kaikkein varhaisimpaan ryhmään.</p>
    </div>
    <div class="sura">
      <h2>Aloitan JUMALAN, laupiaan Armahtajan, nimeen.</h2>
      <p>
      <span>1</span>Kautta verhoonsa vetäytyvän yön,</p>
      <p>
      <span>2</span>kautta kirkastuvan päivän,</p>
      <p>
      <span>3</span>kautta ihmisen luomisen mieheksi ja naiseksi:</p>
      <p>
      <span>4</span>totisesti ovat pyrkimyksemme erisuuntaisia.</p>
      <p>
      <span>5</span>Joka on antelias ja karttaa pahaa</p>
      <p>
      <span>6</span>sekä rakastaa hyvää,</p>
      <p>
      <span>7</span>häntä autamme vähitellen saavuttamaan onnellisen päämäärän,</p>
      <p>
      <span>8</span>mutta toisin on sen, joka on kitsas, itseänsä täynnä,</p>
      <p>
      <span>9</span>eikä hyveestä välitä,</p>
      <p>
      <span>10</span>hänen annamme vähitellen joutua pahan valtaan,</p>
      <p>
      <span>11</span>eikä hänen rikkautensa hyödytä häntä vähääkään, kun hänet tuhotaan.</p>
      <p>
      <span>12</span>Totisesti on Meistä lähtöisin ohjaus oikealle tielle,</p>
      <p>
      <span>13</span>Meidän on varmasti sekä tulevaisuus että menneisyys,</p>
      <p>
      <span>14</span>sentähden olen varoittanut teitä leimuavasta tulesta,</p>
      <p>
      <span>15</span>johon joutuvat vain pahat,</p>
      <p>
      <span>16</span>jotka vääristelevät totuutta ja kääntävät sille selkänsä.</p>
      <p>
      <span>17</span>Mutta Jumalaa pelkäävä pelastuu siitä,</p>
      <p>
      <span>18</span>hän, joka antaa pois rikkautensa puhdistuakseen,</p>
      <p>
      <span>19</span>eikä tee hyvää palkkion toivossa,</p>
      <p>
      <span>20</span>vaan etsiäkseen Herransa, korkeimman, mielisuosiota.</p>
      <p>
      <span>21</span>Totisesti, hän on aikanaan saava palkintonsa.</p>
    </div>
  </body>
</html>
