﻿<?xml version="1.0"?>
<html>
  <head>
    <meta http-equiv="Content-Type" content="text/html; charset=utf-8" />
    <title>Varhaishetkien Suura</title>
  </head>
  <body>
    <h1>
    <span>93</span>Varhaishetkien suura</h1>
    <div class="johdanto">
      <h2>JOHDANTO:</h2>
      <p>YHDEKSÄSKYMMENES KOLMAS SUURA: Varhaishetket (Ad~Duhaa) Ilmoitettu Mekassa (11 jaetta )</p>
      <p>Ad~Duhaa, »Varhaishetket», saa nimensä ensimmäisestä jakeesta. Oli väliaika, jonka kuluessa Profeetta ei saanut mitään ilmestystä, ja epäjumalienpalvojat pilkkasivat häntä sanoen: »Jumala, josta me ennen niin paljon kuulimme, on hylännyt Muhammed paran ja nyt vihaa häntä.» Silloin hänelle ilmoitettiin tämä suura. Profeetta oli ollut Mekan huomattavimpia kansalaisia aina kutsumuksestaan saakka. Nyt häntä pidettiin mielipuolena. Hän oli lähes viidenkymmenen vuoden ikäinen mies, ja tässä suurassa ilmoitettu ennustus, että hänen elämänsä »jälkimmäinen osa oli oleva parempi kuin edellinen», on varmaan tuntunut järjettömältä niistä, jotka sen kuulivat. Kuitenkin hänen elämänsä loppuosa, sen viimeiset kymmenen vuotta, on todistuksena ihmiskunnan historian ihmeellisimmästä menestyksestä.</p>
      <p>Kuuluu Mekassa ilmoitettujen suurojen varhaiseen ryhmään.</p>
    </div>
    <div class="sura">
      <h2>Aloitan JUMALAN, laupiaan Armahtajan, nimeen.</h2>
      <p>
      <span>1</span>Kautta päivän varhaishetkien,</p>
      <p>
      <span>2</span>kautta yön, joka levittää pimeyttään!</p>
      <p>
      <span>3</span>Herrasi ei ole sinua hylännyt eikä ole sinuun tyytymätön;</p>
      <p>
      <span>4</span>totisesti on se, mikä tulee, sinulle parempaa kuin se, mikä on mennyttä,</p>
      <p>
      <span>5</span>ja totisesti on Herrasi aikanaan oleva sinulle antelias, niin että olet tyytyväinen.</p>
      <p>
      <span>6</span>Eikö Hän löytänyt sinut orpona ja antanut sinulle suojaa?</p>
      <p>
      <span>7</span>Hän löysi sinut eksyksistä ja ohjasi sinua;</p>
      <p>
      <span>8</span>Hän tapasi sinut köyhissä oloissa ja teki sinusta varakkaan miehen.</p>
      <p>
      <span>9</span>Mitä siis orpoon tulee, älä häntä sorra,</p>
      <p>
      <span>10</span>mitä kerjäläiseen, älä häntä nuhtele,</p>
      <p>
      <span>11</span>ja mitä Herrasi siunaukseen, kerro siitä edelleenkin.</p>
    </div>
  </body>
</html>
