﻿<?xml version="1.0"?>
<html>
  <head>
    <meta http-equiv="Content-Type" content="text/html; charset=utf-8" />
    <title>Avartamisen Suura</title>
  </head>
  <body>
    <h1>
    <span>94</span>Avartamisen suura</h1>
    <div class="johdanto">
      <h2>JOHDANTO:</h2>
      <p>YHDEKSÄSKYMMENES NELJÄS SUURA: Avartaminen (Ash-Sharh) Ilmoitettu Mekassa (8 jaetta )</p>
      <p>Ash-Sharh, »Avartaminen», saa nimensä ensimmäisessä jakeessa esiintyvästä sanasta ja myöskin aiheestaan, jona on huolten huojennus. Se luultavasti ilmoitettiin samalla kertaa kuin suura XCIII ja aikana, jolloin Profeettaa pilkattiin ja kaihdettiin hänen oltuaan ensin arvossapidetty ja tavoiteltu, tämä on mahtanut tuntua epäuskoisten mielestä naurettavalta. Se viittaa sisäiseen varmuuteen, jonka Profeetta oli saanut ilmestyksistä, ja kertoo tulevista tapahtumista ikäänkuin loppuun suoritettuina, kuten on tavallista Koraanissa, jonka ilmestykset ovat lähtöisin ajattomuudesta. Jae 4. jossa puhutaan hänen ylistetystä maineestaan, on varmaan tuntunut erikoisen naurettavalta tuona nöyryytyksen ja vainon aikana. Mutta nykyään maailman jokaisesta moskeijasta Profeetan nimi huudetaan Jumalan sanansaattajana viisi kertaa päivässä, ja jokainen islaamilainen rukoilee siunausta hänelle hänen nimeään mainittaessa.</p>
      <p>Kuuluu Mekassa ilmoitettujen suurojen varhaiseen ryhmään.</p>
    </div>
    <div class="sura">
      <h2>Aloitan JUMALAN, laupiaan Armahtajan, nimeen.</h2>
      <p>
      <span>1</span>Emmekö Me ole avartanut rintaasi?</p>
      <p>
      <span>2</span>Emmekö ole sinulta ottanut pois kuormasi,</p>
      <p>
      <span>3</span>joka raskaana painoi hartioillasi,</p>
      <p>
      <span>4</span>ja korottanut sinun arvoasi?</p>
      <p>
      <span>5</span>Totisesti, helpotus seuraa vastuksia,</p>
      <p>
      <span>6</span>ja vastoinkäymistä seuraa huojennus.</p>
      <p>
      <span>7</span>Kun siis olet vapaa työstä, rukoile ahkerasti</p>
      <p>
      <span>8</span>ja palvele Herraasi koko sydämestäsi.</p>
    </div>
  </body>
</html>
