﻿<?xml version="1.0"?>
<html>
  <head>
    <meta http-equiv="Content-Type" content="text/html; charset=utf-8" />
    <title>Viikunapuun Suura</title>
  </head>
  <body>
    <h1>
    <span>95</span>Viikunapuun suura</h1>
    <div class="johdanto">
      <h2>JOHDANTO:</h2>
      <p>YHDEKSÄSKYMMENES VIIDES SUURA: Viikunapuu (At-Tin) Ilmoitettu Mekassa (8 jaetta )</p>
      <p>At-Tin, »Viikunapuu», saa nimensä ensimmäisessä jakeessa esiintyvästä sanasta. Merkitys on hämärä, viitaten ihmiseen hänen suhteessaan Jumalan ilmoitettuun lakiin ja Hänen tuomioonsa.</p>
      <p>Kuuluu Mekassa ilmoitettujen suurojen kaikkein varhaisimpaan ryhmään.</p>
    </div>
    <div class="sura">
      <h2>Aloitan JUMALAN, laupiaan Armahtajan, nimeen.</h2>
      <p>
      <span>1</span>Kautta viikunapuun ja oliivin,</p>
      <p>
      <span>2</span>kautta Siinain vuoren</p>
      <p>
      <span>3</span>ja tämän pyhitetyn kaupungin.</p>
      <p>
      <span>4</span>Totisesti Me loimme ihmisen parhaaseen muotoonsa,</p>
      <p>
      <span>5</span>mutta Me kyllä alennammekin hänet alhaista alemmaksi,</p>
      <p>
      <span>6</span>lukuunottomatta niitä, jotka uskovat ja hyvää tekevät; niitä odottaa ehtymätön palkka.</p>
      <p>
      <span>7</span>Mikä siis saa sinut pitämään tulevaa tuomiota valheena?</p>
      <p>
      <span>8</span>Eikö Jumala ole tuomareista parhain?</p>
    </div>
  </body>
</html>
