﻿<?xml version="1.0"?>
<html>
  <head>
    <meta http-equiv="Content-Type" content="text/html; charset=utf-8" />
    <title>Hyytyneen Veren Suura</title>
  </head>
  <body>
    <h1>
    <span>96</span>Hyytyneen Veren suura</h1>
    <div class="johdanto">
      <h2>JOHDANTO:</h2>
      <p>YHDEKSÄSKYMMENES KUUDES SUURA: Hyytynyt veri (Al~Alak) Ilmoitettu Mekassa (19 jaetta )</p>
      <p>Al~Alak, »Hyytynyt veri», saa nimensä toisessa jakeessa esiintyvästä sanasta. Jakeet 1-5 ovat samat, jotka Profeetta sai näyssä Hiraa~vuorella, siis Koraanin ensimmäiset ilmoitetut jakeet.</p>
      <p>Kuuluu Mekassa ilmoitettujen suurojen kaikkein varhaisimpaan ryhmään.</p>
    </div>
    <div class="sura">
      <h2>Aloitan JUMALAN, laupiaan Armahtajan, nimeen.</h2>
      <p>
      <span>1</span>Lue julki Herrasi nimeen, joka on luonut,</p>
      <p>
      <span>2</span>luonut ihmisen hyytyneestä verestä.</p>
      <p>
      <span>3</span>Lue! Sillä Herrasi on ylevin;</p>
      <p>
      <span>4</span>Hän, joka on opettanut käyttämään kynää,</p>
      <p>
      <span>5</span>opettanut ihmiselle sen, mistä tämä ei ennen tiennyt.</p>
      <p>
      <span>6</span>Totisesti ihminen tekee syntiä,</p>
      <p>
      <span>7</span>koska hän kuvittelee elävänsä omista ansioistaan,</p>
      <p>
      <span>8</span>mutta totisesti, tie johtaa hänet jälleen Herransa luo.</p>
      <p>
      <span>9</span>Oletko nähnyt sitä, joka kieltää</p>
      <p>
      <span>10</span>(Jumalan) palvelijaa rukoilemasta?</p>
      <p>
      <span>11</span>Oletko nähnyt, seuraako hän itse johdatusta?</p>
      <p>
      <span>12</span>Tai kehoittaako hän jumalanpelkoon?</p>
      <p>
      <span>13</span>Oletko huomannut hänen väittävän totuutta valheeksi ja kääntävän sille selkänsä?</p>
      <p>
      <span>14</span>Eikö hän tiedä, että Jumala totisesti kaikki näkee?</p>
      <p>
      <span>15</span>Ellei hän herkeä sellaisesta, iskemme häntä otsaan,</p>
      <p>
      <span>16</span>valheelliseen, syntiseen otsaan.</p>
      <p>
      <span>17</span>Kutsukoon hän sitten apureitansa!</p>
      <p>
      <span>18</span>Me kutsumme myös soturimme.</p>
      <p>
      <span>19</span>Ei! Älä tottele häntä, vaan nöyrry ja lähesty Jumalaa!</p>
    </div>
  </body>
</html>
