﻿<?xml version="1.0"?>
<html>
  <head>
    <meta http-equiv="Content-Type" content="text/html; charset=utf-8" />
    <title>Siunatun yön Suura</title>
  </head>
  <body>
    <h1>
    <span>97</span>Siunatun yön suura</h1>
    <div class="johdanto">
      <h2>JOHDANTO:</h2>
      <p>YHDEKSÄSKYMMENES SEITSEMÄS SUURA: Siunattu yö (Al~Kadr) Ilmoitettu Mekassa (5 jaetta )</p>
      <p>Al~Kadr, »Siunattu yö», saa nimensä ensimmäisessä jakeessa esiintyvästä sanasta. Se viittaa siihen yöhön (Ramadaanin, islaamilaisten paastokauden, kaikkein viimeisimpiä öitä), jolloin Profeetta sai kutsumuksensa ja Koraanin ensimmäiset jakeet ilmoitettiin hänelle näyssä Hiraa~vuorella. Sanotaan, että juuri sinä yönä Jumalan vuotuiset käskyt tuodaan alas maan päälle.</p>
      <p>Kuuluu Mekassa ilmoitettujen suurojen kaikkein varhaisimpaan ryhmään.</p>
    </div>
    <div class="sura">
      <h2>Aloitan JUMALAN, laupiaan Armahtajan, nimeen.</h2>
      <p>
      <span>1</span>Totisesti olemme ilmaissut sen siunattuna yönä.</p>
      <p>
      <span>2</span>Mistäpä tietäisit, mikä Voiman yö on !</p>
      <p>
      <span>3</span>Siunattu yö on arvokkaampi kuin tuhat kuukautta.</p>
      <p>
      <span>4</span>Silloin laskeutuvat enkelit ja suuri henki Herransa käskyn mukaan kaikenlaisiin tehtäviin.</p>
      <p>
      <span>5</span>Silloin vallitsee rauha ja kestää aamunkoittoon saakka.</p>
    </div>
  </body>
</html>
