﻿<?xml version="1.0"?>
<html>
  <head>
    <meta http-equiv="Content-Type" content="text/html; charset=utf-8" />
    <title>Selvän todistuksen Suura</title>
  </head>
  <body>
    <h1>
    <span>98</span>Selvän todistuksen suura</h1>
    <div class="johdanto">
      <h2>JOHDANTO:</h2>
      <p>YHDEKSÄSKYMMENES KAHDEKSAS SUURA: Selvä todistus (Al-Baijinah) Ilmoitettu Mekassa (8 jaetta )</p>
      <p>Al-Baijinah, »Selvä todistus», saa nimensä ensimmäisessä jakeessa esiintyvästä sanasta. Ei ole mitään varmuutta ilmoituksen aikamäärästä. Monet sijoittavat tämän suuran Mekassa ilmoitettujen suurojen myöhäisryhmään. Tässä on seurattu Mushafin käsityskantaa, jota on noudatettu muihinkin suuroihin nähden.</p>
      <p>Suura on todennäköisesti ilmoitettu Hedzran ensimmäisenä vuonna.</p>
    </div>
    <div class="sura">
      <h2>Aloitan JUMALAN, laupiaan Armahtajan, nimeen.</h2>
      <p>
      <span>1</span>Uskottomat sekä Kirjoituksen saaneiden että pakanain keskuudessa eivät epäilleet, ennenkuin tuli selvä todistus,</p>
      <p>
      <span>2</span>Jumalan lähetti, joka luki heille väärentämättömät kirjoitukset,</p>
      <p>
      <span>3</span>jotka sisältävät oikeat määräykset.</p>
      <p>
      <span>4</span>Ja ne, joille Kirjoitus oli annettu, jakaantuivat lahkokuntiin vasta, kun selvä todistus oli tullut heidän osakseen,</p>
      <p>
      <span>5</span>eikä heille annettu muuta käskyä kuin palvella Jumalaa, olla kuuliaisia yksin Hänelle, vilpittöminä suorittaa rukoukset ja uhrata säädetyt almut, sillä tämä on oikea usko.</p>
      <p>
      <span>6</span>Totisesti ne, jotka eivät usko, sekä Kirjoituksen saaneet että pakanat, joutuvat helvetin tuleen ja jäävät sinne ikuisiksi ajoiksi. Nämä ovat ihmisistä kurjimpia.</p>
      <p>
      <span>7</span>Ne, jotka uskovat ja tekevät hyviä töitä, ovat totisesti parhaita olentoja.</p>
      <p>
      <span>8</span>Heidän palkkansa heidän Herransa luona ovat ikiautuuden puutarhat, joita virrat vilvoittavat ja joissa he saavat asua ikuisesti. Heillä on Jumalan mielisuosio, ja heidän onnensa on Jumalassa. Tämä on jokaista varten, joka pelkää Herraansa.</p>
    </div>
  </body>
</html>
