﻿<?xml version="1.0"?>
<html>
  <head>
    <meta http-equiv="Content-Type" content="text/html; charset=utf-8" />
    <title>Maanjäristyksen Suura</title>
  </head>
  <body>
    <h1>
    <span>99</span>Maanjäristyksen suura</h1>
    <div class="johdanto">
      <h2>JOHDANTO:</h2>
      <p>YHDEKSÄSKYMMENES YHDEKSÄS SUURA: Maanjäristys (Az-Zalzala) Ilmoitettu Mekassa (8 jaetta )</p>
      <p>Az-Zalzala, »Maanjäristys», saa nimensä ensimmäisessä jakeessa esiintyvästä sanasta. Kuuluu Mekassa ilmoitettujen suurojen kaikkein varhaisimpaan ryhmään.</p>
    </div>
    <div class="sura">
      <h2>Aloitan JUMALAN, laupiaan Armahtajan, nimeen.</h2>
      <p>
      <span>1</span>Kun maa järkkyy omasta järinästään,</p>
      <p>
      <span>2</span>kun se purkaa esiin kuormansa</p>
      <p>
      <span>3</span>ja kun ihminen kysyy: »Mikä sitä vaivaa?»</p>
      <p>
      <span>4</span>sinä päivänä on se sanova sanomansa,</p>
      <p>
      <span>5</span>kun Herrasi on antanut siihen käskyn;</p>
      <p>
      <span>6</span>sinä päivänä astuvat (kuolleet) ihmiset esiin erilaisissa ryhmissä näkemään tekojaan.</p>
      <p>
      <span>7</span>Silloin se, joka on tehnyt hyvää hiukkasenkin verran, on sen näkevä,</p>
      <p>
      <span>8</span>ja se, joka on tehnyt pahaa hiukkasenkin verran, saa sen havaita.</p>
    </div>
  </body>
</html>
