﻿<?xml version="1.0"?>
<html>
  <head>
    <meta http-equiv="Content-Type" content="text/html; charset=utf-8" />
    <title>Sotaratsun Suura</title>
  </head>
  <body>
    <h1>
    <span>100</span>Sotaratsun suura</h1>
    <div class="johdanto">
      <h2>JOHDANTO:</h2>
      <p>SADAS SUURA: Sotaratsut (Al-Adijat) Ilmoitettu Mekassa (11 jaetta )</p>
      <p>Al-Adijat, »Sotaratsut», saa nimensä ensimmäisessä jakeessa esiintyvästä sanasta.</p>
    </div>
    <div class="sura">
      <h2>Aloitan JUMALAN, laupiaan Armahtajan, nimeen.</h2>
      <p>
      <span>1</span>Kautta korskuvien sotaratsujen,</p>
      <p>
      <span>2</span>joiden kavioniskuista säkenöi tulta,</p>
      <p>
      <span>3</span>jotka riuhtoutuvat hyökkäykseen aamulla,</p>
      <p>
      <span>4</span>nostattavat tomupilven ilmaan</p>
      <p>
      <span>5</span>ja syöksyvät sotalaumojen joukkoon,</p>
      <p>
      <span>6</span>totisesti, ihminen on kiittämätön Herraansa kohtaan,</p>
      <p>
      <span>7</span>hänen on itsensä myönnettävä se.</p>
      <p>
      <span>8</span>Miten ahnaasti hän himoitseekaan maallista tavaraa!</p>
      <p>
      <span>9</span>Eikö hän tiedä, että tulee hetki, jolloin kaikki haudoista herätetään,</p>
      <p>
      <span>10</span>jolloin päivänvaloon tulee kaikki, mikä oli poven kätkössä.</p>
      <p>
      <span>11</span>Sinä päivänä heidän Herransa totisesti tuomitsee heidät tietonsa mukaan.</p>
    </div>
  </body>
</html>
