﻿<?xml version="1.0"?>
<html>
  <head>
    <meta http-equiv="Content-Type" content="text/html; charset=utf-8" />
    <title>Vyöryvän Tuhon Suura</title>
  </head>
  <body>
    <h1>
    <span>101</span>Vyöryvän Tuhon suura</h1>
    <div class="johdanto">
      <h2>JOHDANTO:</h2>
      <p>SADAS ENSIMMÄINEN SUURA: Vyöryvä tuho (Al-Kari´a) Ilmoitettu Mekassa (11 jaetta )</p>
      <p>Al-Kari´a, »Vyöryvä tuho», saa nimensä ensimmäisessä jakeessa esiintyvästä sanasta, joka toistuu kahdessa seuraavassa.</p>
      <p>Kuuluu Mekassa ilmoitettujen suurojen kaikkein varhaisimpaan ryhmään.</p>
    </div>
    <div class="sura">
      <h2>Aloitan JUMALAN, laupiaan Armahtajan, nimeen.</h2>
      <p>
      <span>1</span>Vyöryvä tuho!</p>
      <p>
      <span>2</span>Miten hirveä on vyöryvä tuho!</p>
      <p>
      <span>3</span>Ymmärrätkö, kuinka kauhea on vyöryvä tuho?</p>
      <p>
      <span>4</span>Päivä, jolloin ihmiset ovat kuin hajoitettu sääksien parvi,</p>
      <p>
      <span>5</span>ja vuoret kuin keritty villa.</p>
      <p>
      <span>6</span>Sen osana, jonka hyvien tekojen mitta on suuri,</p>
      <p>
      <span>7</span>on elämä täynnä tyydytystä,</p>
      <p>
      <span>8</span>mutta toisin käy sen, jonka hyvät teot vaa'assa keveiksi havaitaan,</p>
      <p>
      <span>9</span>hänen asumuksensa on oleva horna.</p>
      <p>
      <span>10</span>Tiedätkö, mikä horna on?</p>
      <p>
      <span>11</span>Se on polttava tuli.</p>
    </div>
  </body>
</html>
