﻿<?xml version="1.0"?>
<html>
  <head>
    <meta http-equiv="Content-Type" content="text/html; charset=utf-8" />
    <title>Rikkauksien Kartuttamisen Suura</title>
  </head>
  <body>
    <h1>
    <span>102</span>Rikkauksien Kartuttamisen suura</h1>
    <div class="johdanto">
      <h2>JOHDANTO:</h2>
      <p>SADAS TOINEN SUURA: Rikkauksien kartuttaminen (At-Takathur) Ilmoitettu Mekassa (8 jaetta )</p>
      <p>At-Takathur, »Rikkauksien kartuttaminen», saa nimensä ensimmäisessä jakeessa esiintyvästä sanasta. Kuuluu Mekassa ilmoitettujen suurojen kaikkein varhaisimpaan ryhmään.</p>
    </div>
    <div class="sura">
      <h2>Aloitan JUMALAN, laupiaan Armahtajan, nimeen.</h2>
      <p>
      <span>1</span>Rikkauksien kartuttaminen vieroittaa mielenne (uskosta)</p>
      <p>
      <span>2</span>aina siihen saakka, kunnes eteenne avautuu hauta.</p>
      <p>
      <span>3</span>Totisesti saatte sen nähdä!</p>
      <p>
      <span>4</span>Ja vieläkin kerran te saatte sen nähdä.</p>
      <p>
      <span>5</span>Jospa olisitte sen varmuudella tietäneet,</p>
      <p>
      <span>6</span>olisitte ilmielävästi nähneet helvetin.</p>
      <p>
      <span>7</span>Vielä kerran, totisesti saatte nähdä sen omin silmin.</p>
      <p>
      <span>8</span>Silloin, tuona päivänä, teiltä toden totta vaaditaan (aikanaan) annettuja almuja.</p>
    </div>
  </body>
</html>
