﻿<?xml version="1.0"?>
<html>
  <head>
    <meta http-equiv="Content-Type" content="text/html; charset=utf-8" />
    <title>Ajan Suura</title>
  </head>
  <body>
    <h1>
    <span>103</span>Ajan suura</h1>
    <div class="johdanto">
      <h2>JOHDANTO:</h2>
      <p>SADAS KOLMAS SUURA: Aika (Al-Asr) Ilmoitettu Mekassa (3 jaetta )</p>
      <p>Al-Asr, »Aika», saa nimensä ensimmäisessä jakeessa esiintyvästä sanasta. Kuuluu Mekassa ilmoitettujen suurojen kaikkein varhaisimpaan ryhmään.</p>
    </div>
    <div class="sura">
      <h2>Aloitan JUMALAN, laupiaan Armahtajan, nimeen.</h2>
      <p>
      <span>1</span>Kautta kuluvan ajan,</p>
      <p>
      <span>2</span>ihminen on totisesti mennyttä,</p>
      <p>
      <span>3</span>lukuunottomatta niitä, jotka uskovat ja hyvää tekevät, soveltavat toisiinsa totuutta ja kehoittavat toisiaan kestävyyteen.</p>
    </div>
  </body>
</html>
