﻿<?xml version="1.0"?>
<html>
  <head>
    <meta http-equiv="Content-Type" content="text/html; charset=utf-8" />
    <title>Parjaajan Suura</title>
  </head>
  <body>
    <h1>
    <span>104</span>Parjaajan suura</h1>
    <div class="johdanto">
      <h2>JOHDANTO:</h2>
      <p>SADAS NELJÄS SUURA: Parjaaja (Al-Humazah) Ilmoitettu Mekassa (9 jaetta )</p>
      <p>Al-Humazah, »Parjaaja», saa nimensä, ensimmäisessä jakeessa esiintyvästä sanasta. Epäjumalienpalvojat väijyivät jokaista uutta Mekkaan tulijaa ja varoittivat häntä Profeetasta estääkseen häntä kuuntelemasta tämän saarnoja.</p>
      <p>Kuuluu Mekassa ilmoitettujen suurojen varhaiseen ryhmään.</p>
    </div>
    <div class="sura">
      <h2>Aloitan JUMALAN, laupiaan Armahtajan, nimeen.</h2>
      <p>
      <span>1</span>Voi jokaista parjaajaa, panettelijaa,</p>
      <p>
      <span>2</span>joka kerää aarteita ja pitää niitä turvanaan,</p>
      <p>
      <span>3</span>luullen, että hänen rikkautensa on pysyväistä!</p>
      <p>
      <span>4</span>Hänet totisesti singotaan murskaavan surman suuhun.</p>
      <p>
      <span>5</span>Käsitätkö, mikä tuo surma on?</p>
      <p>
      <span>6</span>Tuli, jonka Jumala on sytyttänyt,</p>
      <p>
      <span>7</span>joka leimahtaa syntisiä vastaan.</p>
      <p>
      <span>8</span>Se on totisesti piirittävä heidät ylt'ympäri</p>
      <p>
      <span>9</span>kuin korkeat pilarit.</p>
    </div>
  </body>
</html>
