﻿<?xml version="1.0"?>
<html>
  <head>
    <meta http-equiv="Content-Type" content="text/html; charset=utf-8" />
    <title>Norsun Suura</title>
  </head>
  <body>
    <h1>
    <span>105</span>Norsun suura</h1>
    <div class="johdanto">
      <h2>JOHDANTO:</h2>
      <p>SADAS VIIDES SUURA: Norsu (Al~Fil) Ilmoitettu Mekassa (5 jaetta )</p>
      <p>Al~Fil, »Norsu», saa nimensä ensimmäisessä jakeessa,esiintyvästä sanasta. Viittaus tarkoittaa sotaretkeä, jonka Abraha, Al-Jamanin abessinialainen hallitsija, teki Profeetan syntymävuonna Mekkaa vastaan hävittääkseen Kaaban. Hänellä oli mukanaan norsu, joka teki suuren vaikutuksen arabialaisiin. Perimätiedon mukaan norsu ei suostunut etenemään marssin viimeisessä vaiheessa, ja lentävien olentojen parvet pommittivat abessinialaisia kivillä. Toisen perimätiedon mukaan abessinialaiset pakenivat epäjärjestyksessä, koska heidän leirissään oli puhjennut isorokko. Aikana, jolloin tämä suura ilmoitettiin, on monen Mekassa asuvan miehen täytynyt tietää, mitä silloin tapahtui. Krenkow, luotettava arabiankielen tutkija, on sitä mieltä, että lentävät olennot ovat hyvinkin saattaneet olla hyönteisparvia, jotka kuljettivat tartuntaa, joka tapauksessa Kaaba pelastui hävitykseltä, senjälkeen kun sen puolustajat jo olivat menettäneet kaiken toivonsa.</p>
      <p>Kuuluu Mekassa ilmoitettujen suurojen kaikkein varhaisimpaan ryhmään.</p>
    </div>
    <div class="sura">
      <h2>Aloitan JUMALAN, laupiaan Armahtajan, nimeen.</h2>
      <p>
      <span>1</span>Etkö ole Miettinyt mitä Herrasi teki niille, jotka norsuilla hyökkäsivät?</p>
      <p>
      <span>2</span>Eikö Hän saattanut sekasortoon heidän sotaretkensä?</p>
      <p>
      <span>3</span>Ja lähettänyt heitä vastaan lintuparvia,</p>
      <p>
      <span>4</span>jotka sinkoutuivat heihin kovien kivien lailla.</p>
      <p>
      <span>5</span>Näin Hän teki heistä kuin madonsyömää pellonsänkeä.</p>
    </div>
  </body>
</html>
