﻿<?xml version="1.0"?>
<html>
  <head>
    <meta http-equiv="Content-Type" content="text/html; charset=utf-8" />
    <title>Kureishien Suura</title>
  </head>
  <body>
    <h1>
    <span>106</span>Kureishien suura</h1>
    <div class="johdanto">
      <h2>JOHDANTO:</h2>
      <p>SADAS KUUDES SUURA: Kureishit (Kuraish) Ilmoitettu Mekassa (4 jaetta )</p>
      <p>Kuraish, »Kureishit», saa nimensä ensimmäisessä jakeessa esiintyvästä sanasta. Sitä kutsutaan usein myöskin nimellä As-Shita. Kuuluu Mekassa ilmoitettujen suurojen kaikkein varhaisimpaan ryhmään.</p>
    </div>
    <div class="sura">
      <h2>Aloitan JUMALAN, laupiaan Armahtajan, nimeen.</h2>
      <p>
      <span>1</span>(Näin tapahtui) suosiosta Kureishien heimoa kohtaan,</p>
      <p>
      <span>2</span>suojelukseksi heille matkoiltaan talvella ja kesällä.</p>
      <p>
      <span>3</span>Palvelkoot he siis tämän huoneen Herraa,</p>
      <p>
      <span>4</span>joka sammuttaa heidän nälkänsä ja antaa turvan tunteen heidän pelätessään.</p>
    </div>
  </body>
</html>
