﻿<?xml version="1.0"?>
<html>
  <head>
    <meta http-equiv="Content-Type" content="text/html; charset=utf-8" />
    <title>Almujen Suura</title>
  </head>
  <body>
    <h1>
    <span>107</span>Almujen suura</h1>
    <div class="johdanto">
      <h2>JOHDANTO:</h2>
      <p>SADAS SEITSEMÄS SUURA: Almut (Al-Maaun) Ilmoitettu Mekassa (7 jaetta )</p>
      <p>Al-Maaun, »Almut», saa nimensä viimeisessä säkeessä esiintyvästä sanasta.</p>
      <p>Kuuluu Mekassa ilmoitettujen suurojen varhaiseen ryhmään.</p>
    </div>
    <div class="sura">
      <h2>Aloitan JUMALAN, laupiaan Armahtajan, nimeen.</h2>
      <p>
      <span>1</span>Mitä ajattelet miehestä, joka sanoo tulevaa tuomiota valheeksi?</p>
      <p>
      <span>2</span>Hän kohtelee orpoa karkeasti</p>
      <p>
      <span>3</span>eikä kehoita ruokkimaan köyhiä.</p>
      <p>
      <span>4</span>Voi niitä rukoilevia,</p>
      <p>
      <span>5</span>jotka eivät sen enempää rukouksista huolehdi,</p>
      <p>
      <span>6</span>jotka hyvää tekevät vain näön vuoksi</p>
      <p>
      <span>7</span>ja kitsaasti jättävät almut antamatta!</p>
    </div>
  </body>
</html>
