﻿<?xml version="1.0"?>
<html>
  <head>
    <meta http-equiv="Content-Type" content="text/html; charset=utf-8" />
    <title>Hyvyyksien Runsauden Suura</title>
  </head>
  <body>
    <h1>
    <span>108</span>Hyvyyksien Runsauden suura</h1>
    <div class="johdanto">
      <h2>JOHDANTO:</h2>
      <p>SADAS KAHDEKSAS SUURA: Hyvyyksien runsaus (Al-Kauthar) Ilmoitettu Mekassa (3 jaetta )</p>
      <p>Al-Kauthar, »Hyvyyksien runsaus», saa nimensä ensimmäisestä jakeesta. Epäuskoisten oli tapana pilkata Profeettaa sillä, ettei hänellä ollut poikaa eikä siis ketään, joka ylläpitäisi hänen uskontoaan hänen kuolemansa jälkeen.</p>
    </div>
    <div class="sura">
      <h2>Aloitan JUMALAN, laupiaan Armahtajan, nimeen.</h2>
      <p>
      <span>1</span>Me olemme totisesti jakanut sinulle runsaasti hyvää.</p>
      <p>
      <span>2</span>Jatka siis rukouksiasi, uhraa Herrallesi.</p>
      <p>
      <span>3</span>Vihollisesi totisesti kuuluu niihin, joilta hyvä riistetään.</p>
    </div>
  </body>
</html>
