﻿<?xml version="1.0"?>
<html>
  <head>
    <meta http-equiv="Content-Type" content="text/html; charset=utf-8" />
    <title>Epäuskoisten Suura</title>
  </head>
  <body>
    <h1>
    <span>109</span>Epäuskoisten suura</h1>
    <div class="johdanto">
      <h2>JOHDANTO:</h2>
      <p>SADAS YHDEKSÄS SUURA: Epäuskoiset (Al-Kafirun) Ilmoitettu Mekassa (6 jaetta )</p>
      <p>Al-Kafirun, »Epäuskoiset», saa nimensä ensimmäisessä jakeessa esiintyvästä sanasta. Se ilmoitettiin siihen aikaan, jolloin epäjumalainpalvojat olivat pyytäneet Profeettaa sovinnolliseen ratkaisuun uskon asioissa.</p>
    </div>
    <div class="sura">
      <h2>Aloitan JUMALAN, laupiaan Armahtajan, nimeen.</h2>
      <p>
      <span>1</span>Sano: »Te, jotka ette usko!</p>
      <p>
      <span>2</span>En palvele sitä, mitä te palvelette,</p>
      <p>
      <span>3</span>ettekä te palvele Häntä, jota minä palvelen.</p>
      <p>
      <span>4</span>Enkä koskaan aio palvella sellaista, mitä te palvelette,</p>
      <p>
      <span>5</span>ettekä te koskaan Häntä, jota minä palvelen.</p>
      <p>
      <span>6</span>Teillä on tuomionne ja minulla palkkani.»</p>
    </div>
  </body>
</html>
