﻿<?xml version="1.0"?>
<html>
  <head>
    <meta http-equiv="Content-Type" content="text/html; charset=utf-8" />
    <title>Avun Suura</title>
  </head>
  <body>
    <h1>
    <span>110</span>Avun suura</h1>
    <div class="johdanto">
      <h2>JOHDANTO:</h2>
      <p>SADAS KYMMENES SUURA: Apu (An-Nasr) Ilmoitettu Mekassa (3 jaetta )</p>
      <p>An-Nasr, »Apu», saa nimensä ensimmäisessä jakeessa esiintyvästä sanasta. Se on kaikkein viimeisimpiä ilmoituksia, tullut Profeetalle vain muutamaa viikkoa ennen hänen kuolemaansa. Vaikkakin se aina luetaan Medinaan kuuluvaksi, se perimätiedon mukaan on todellisuudessa ilmoitettu Mekassa niinä päivinä, jotka Profeetta vietti siellä jäähyväispyhiinvaellusmatkallaan. Ibn Hishämissa ja muualla sanotaan, että Profeetta tässä suurassa sai ensimmäisen ilmoituksen lähestyvästä kuolemastaan.</p>
      <p>Suura on ilmoitettu Hedzran kymmenentenä vuonna.</p>
    </div>
    <div class="sura">
      <h2>Aloitan JUMALAN, laupiaan Armahtajan, nimeen.</h2>
      <p>
      <span>1</span>Kun Jumalalta apu ja voitto tulee,</p>
      <p>
      <span>2</span>kun näet ihmisten suurin joukoin liittyvän Jumalan uskontoon,</p>
      <p>
      <span>3</span>silloin ylistä Herrasi kunniaa ja ano Hänen anteeksiantoaan. Totisesti, Hän palkitsee moninkertaisesti.</p>
    </div>
  </body>
</html>
