﻿<?xml version="1.0"?>
<html>
  <head>
    <meta http-equiv="Content-Type" content="text/html; charset=utf-8" />
    <title>Liekkien Lietsojan Suura</title>
  </head>
  <body>
    <h1>
    <span>111</span>Liekkien Lietsojan suura</h1>
    <div class="johdanto">
      <h2>JOHDANTO:</h2>
      <p>SADAS YHDESTOISTA SUURA: Liekkien lietsoja (Al~Masad) Ilmoitettu Mekassa (5 jaetta )</p>
      <p>Al~Masad, »Liekkien lietsoja», saa nimensä ensimmäisessä jakeessa esiintyvästä sanasta (sanasta, joka on arabialaisille sangen tavallinen). Tämä on ainoa kohta koko Koraanissa, missä Profeetan vastustaja tuomitaan nimeltä. Abu Lahab (Liekkien lietsoja), jonka oikea nimi oli Abdul 'Uzzä, oli Profeetan isoisän serkku ja oli ainoa hänen oman sukunsa jäsen, joka katkerasti vastusti Profeettaa. Hän otti asiakseen kiusata Profeettaa, ja hänen vaimonsa nautti kuljettaessaan orjantappurapensaita ja sirotellessaan niitä hiekkaan siellä, missä hän tiesi Profeetan paljain jaloin kävelevän.</p>
      <p>Kuuluu Mekassa ilmoitettujen suurojen varhaiseen ryhmään.</p>
    </div>
    <div class="sura">
      <h2>Aloitan JUMALAN, laupiaan Armahtajan, nimeen.</h2>
      <p>
      <span>1</span>Tuhon omat ovat Abu Lahabin molemmat kädet, ja tuho perii hänet itsensä.</p>
      <p>
      <span>2</span>Hänen rikkautensa ja ansionsa eivät häntä vähääkään hyödytä.</p>
      <p>
      <span>3</span>Pian hän kärventyy tulen liekeissä,</p>
      <p>
      <span>4</span>ja samoin hänen vaimonsa, parjaaja,</p>
      <p>
      <span>5</span>jonka kaulaan on heitetty tiukasti punottu köysi.</p>
    </div>
  </body>
</html>
