﻿<?xml version="1.0"?>
<html>
  <head>
    <meta http-equiv="Content-Type" content="text/html; charset=utf-8" />
    <title>Ykseyden Suura</title>
  </head>
  <body>
    <h1>
    <span>112</span>Ykseyden suura</h1>
    <div class="johdanto">
      <h2>JOHDANTO:</h2>
      <p>SADAS KAHDESTOISTA SUURA: Ykseys (Al~Ikhlas) Ilmoitettu Mekassa (4 jaetta )</p>
      <p>Al~Ikhlas, »Ykseys», saa nimensä aiheestaan. Jotkut asiantuntijat sijoittavat tämän suuran Medinan aikaan kuuluvaksi ja uskovat, että se ilmoitettiin vastaukseksi muutamien juutalaisten kirjanoppineitten kysymykseen Jumalan olemuksesta.</p>
      <p>Suura yleensä sijoitetaan Mekassa ilmoitettujen suurojen varhaiseen ryhmään.</p>
    </div>
    <div class="sura">
      <h2>Aloitan JUMALAN, laupiaan Armahtajan, nimeen.</h2>
      <p>
      <span>1</span>Sano: »Hän, Jumala on yksi,</p>
      <p>
      <span>2</span>ainoa Jumala, kaikkivaltias.</p>
      <p>
      <span>3</span>Hän ei ole (toista) synnyttänyt eikä ole (toisesta) syntynyt.</p>
      <p>
      <span>4</span>Ketään ei ole Hänen vertaistaan.»</p>
    </div>
  </body>
</html>
