﻿<?xml version="1.0"?>
<html>
  <head>
    <meta http-equiv="Content-Type" content="text/html; charset=utf-8" />
    <title>Päivänkoiton Suura</title>
  </head>
  <body>
    <h1>
    <span>113</span>Päivänkoiton suura</h1>
    <div class="johdanto">
      <h2>JOHDANTO:</h2>
      <p>SADAS KOLMASTOISTA SUURA: Päivänkoitto (Al-Falak) Ilmoitettu Mekassa (5 jaetta )</p>
      <p>Al-Falak, »Päivänkoitto», saa nimensä ensimmäisessä jakeessa esiintyvästä sanasta. Tässä ja seuraavassa suurassa rukoillaan suojelusta, tässä erikoisesti tuntemattoman aiheuttamasta pelosta. Nämä kaksi suuraa tunnetaan nimellä Al-Mu'awadhatein, »kaksi suojan ja suojeluksen huutoa».</p>
      <p>Kuuluu Mekassa ilmoitettujen suurojen varhaiseen ryhmään.</p>
    </div>
    <div class="sura">
      <h2>Aloitan JUMALAN, laupiaan Armahtajan, nimeen.</h2>
      <p>
      <span>1</span>Sano: »Minä etsin turvaa päivänkoiton Herrasta,</p>
      <p>
      <span>2</span>sitä pahaa vastaan, mikä on liikkeelle pantu,</p>
      <p>
      <span>3</span>ja sitä pahaa vastaan, jonka pimeä yö tuo mukanaan,</p>
      <p>
      <span>4</span>niiden pahuutta vastaan, jotka viettelevät päätöksessään lujittuvia,</p>
      <p>
      <span>5</span>sekä pahaa vastaan, joka leviää kateellisesta, kun hän kadehtii.»</p>
    </div>
  </body>
</html>
