﻿<?xml version="1.0"?>
<html>
  <head>
    <meta http-equiv="Content-Type" content="text/html; charset=utf-8" />
    <title>Ihmisten Suura</title>
  </head>
  <body>
    <h1>
    <span>114</span>Ihmisten suura</h1>
    <div class="johdanto">
      <h2>JOHDANTO:</h2>
      <p>SADAS NELJÄSTOISTA SUURA: Ihmiset (An-Nas) Ilmoitettu Mekassa (6 jaetta )</p>
      <p>An-Nas, »Ihmiset», saa nimensä toistuvasta sanasta, joka osoittaa poljentoa arabiankielessä. Tässä tapauksessa suojelusta rukoillaan varsinkin ihmisen omassa sydämessä ja toisten ihmisten sydämissä asuvaa pahaa vastaan.</p>
      <p>Kuuluu Mekassa ilmoitettujen suurojen varhaiseen ryhmään.</p>
    </div>
    <div class="sura">
      <h2>Aloitan JUMALAN, laupiaan Armahtajan, nimeen.</h2>
      <p>
      <span>1</span>Sano: »Minä etsin turvaa ihmisten Herralta,</p>
      <p>
      <span>2</span>ihmisten Kuninkaalta,</p>
      <p>
      <span>3</span>ihmisten Jumalalta,</p>
      <p>
      <span>4</span>hiipijän pahoja kuiskauksia vastaan,</p>
      <p>
      <span>5</span>hänen, joka herättää pahuutta ihmismielissä,</p>
      <p>
      <span>6</span>olkoonpa hän paholaisten tai ihmisten joukosta.»</p>
    </div>
  </body>
</html>
